season,fixture_id,gameweek,kickoff_time,home_team_2026_27_id,home_team_name,home_score,away_team_2026_27_id,away_team_name,away_score,home_goalscorer_2026_27_id_array,home_goalscorer_names,away_goalscorer_2026_27_id_array,away_goalscorer_names,home_assister_2026_27_id_array,home_assister_names,away_assister_2026_27_id_array,away_assister_names,home_own_goal_scorer_2026_27_id_array,home_own_goal_scorer_names,away_own_goal_scorer_2026_27_id_array,away_own_goal_scorer_names
2022-23,1,1,2022-08-05T19:00:00Z,5,Crystal Palace,0,1,Arsenal,2,[],[],[18],"[""Martinelli""]",[],[],"[12,null]","[""Saka"",""Zinchenko""]",[388],"[""Guéhi""]",[],[]
2022-23,4,1,2022-08-06T11:30:00Z,7,Fulham,2,,Liverpool,2,"[null,null]","[""Mitrović"",""Mitrović""]","[null,null]","[""Salah"",""Darwin""]",[256],"[""Tete""]","[null,null]","[""Salah"",""Darwin""]",[],[],[],[]
2022-23,2,1,2022-08-06T14:00:00Z,,Bournemouth,2,2,Aston Villa,0,"[null,213]","[""Moore"",""Lerma""]",[],[],[null],"[""Kelly""]",[],[],[],[],[],[]
2022-23,5,1,2022-08-06T14:00:00Z,10,Leeds,2,,Wolves,1,[null],"[""Rodrigo""]",[null],"[""Podence""]","[null,342]","[""Bamford"",""Harrison""]",[null],"[""Hwang""]",[],[],[392],"[""Aït-Nouri""]"
2022-23,7,1,2022-08-06T14:00:00Z,,Newcastle,2,12,Nott'm Forest,0,"[108,446]","[""Wilson"",""Schär""]",[],[],[458],"[""Joelinton""]",[],[],[],[],[],[]
2022-23,8,1,2022-08-06T14:00:00Z,16,Spurs,4,,Southampton,1,"[null,269,521]","[""Dier"",""R.Sessegnon"",""Kulusevski""]",[null],"[""Ward-Prowse""]","[null,null,null,521]","[""Emerson Royal"",""Emerson Royal"",""Son"",""Kulusevski""]",[null],"[""Djenepo""]",[],[],[null],"[""Salisu""]"
2022-23,3,1,2022-08-06T16:30:00Z,,Everton,0,8,Chelsea,1,[],[],[null],"[""Jorginho""]",[],[],[null],"[""Chilwell""]",[],[],[],[]
2022-23,6,1,2022-08-07T13:00:00Z,,Leicester,2,4,Brentford,2,"[258,236]","[""Castagne"",""Dewsbury-Hall""]","[null,103]","[""Toney"",""Dasilva""]","[null,515]","[""Vardy"",""Maddison""]","[89,null]","[""Henry"",""Dervişoğlu""]",[],[],[],[]
2022-23,9,1,2022-08-07T13:00:00Z,,Man Utd,1,6,Brighton,2,[],[],"[124,124]","[""Groß"",""Groß""]",[],[],"[136,null]","[""Welbeck"",""March""]",[],[],[372],"[""Mac Allister""]"
2022-23,10,1,2022-08-07T15:30:00Z,18,West Ham,0,,Man City,2,[],[],"[411,411]","[""Haaland"",""Haaland""]",[],[],[null],"[""De Bruyne""]",[],[],[],[]
2022-23,12,2,2022-08-13T11:30:00Z,2,Aston Villa,2,,Everton,1,"[null,41]","[""Ings"",""Buendía""]",[],[],"[55,55]","[""Watkins"",""Watkins""]",[48],"[""Onana""]",[30],"[""Digne""]",[],[]
2022-23,11,2,2022-08-13T14:00:00Z,1,Arsenal,4,,Leicester,2,"[27,27,544,18]","[""Jesus"",""Jesus"",""Xhaka"",""Martinelli""]",[515],"[""Maddison""]","[27,27,544]","[""Jesus"",""Jesus"",""Xhaka""]","[null,332]","[""Iheanacho"",""Justin""]",[6],"[""Saliba""]",[],[]
2022-23,14,2,2022-08-13T14:00:00Z,6,Brighton,0,,Newcastle,0,[],[],[],[],[],[],[],[],[],[],[],[]
2022-23,17,2,2022-08-13T14:00:00Z,,Man City,4,,Bournemouth,0,"[null,null,398]","[""Gündogan"",""De Bruyne"",""Foden""]",[],[],"[null,null,398,411]","[""De Bruyne"",""Cancelo"",""Foden"",""Haaland""]",[],[],[],[],[213],"[""Lerma""]"
2022-23,19,2,2022-08-13T14:00:00Z,,Southampton,2,10,Leeds,2,"[null,null]","[""Walker-Peters"",""Aribo""]","[null,null]","[""Rodrigo"",""Rodrigo""]","[null,null]","[""A.Armstrong"",""Mara""]","[342,328]","[""Harrison"",""Struijk""]",[],[],[],[]
2022-23,20,2,2022-08-13T14:00:00Z,,Wolves,0,7,Fulham,0,[],[],[],[],[],[],[],[],[],[],[],[]
2022-23,13,2,2022-08-13T16:30:00Z,4,Brentford,4,,Man Utd,0,"[103,97,427,null]","[""Dasilva"",""Jensen"",""Mbeumo"",""Mee""]",[],[],"[null,null,97]","[""Toney"",""Toney"",""Jensen""]",[],[],[],[],[],[]
2022-23,18,2,2022-08-14T13:00:00Z,12,Nott'm Forest,1,18,West Ham,0,[492],"[""Awoniyi""]",[],[],[null],"[""Lingard""]",[],[],[],[],[],[]
2022-23,15,2,2022-08-14T15:30:00Z,8,Chelsea,2,16,Spurs,2,"[142,null]","[""James"",""Koulibaly""]","[null,null]","[""Kane"",""Højbjerg""]","[null,null]","[""Cucurella"",""Sterling""]","[508,null]","[""Davies"",""Perišić""]",[],[],[],[]
2022-23,16,2,2022-08-15T19:00:00Z,,Liverpool,1,5,Crystal Palace,1,[null],"[""Luis Díaz""]",[null],"[""Zaha""]",[null],"[""Milner""]",[14],"[""Eze""]",[],[],[],[]
2022-23,29,3,2022-08-20T11:30:00Z,16,Spurs,1,,Wolves,0,[null],"[""Kane""]",[],[],[null],"[""Perišić""]",[],[],[],[],[],[]
2022-23,22,3,2022-08-20T14:00:00Z,5,Crystal Palace,3,2,Aston Villa,1,"[null,null,223]","[""Zaha"",""Zaha"",""Mateta""]",[55],"[""Watkins""]","[null,204]","[""Edouard"",""Mitchell""]",[44],"[""Bailey""]",[],[],[],[]
2022-23,23,3,2022-08-20T14:00:00Z,,Everton,1,12,Nott'm Forest,1,[null],"[""Gray""]",[209],"[""Johnson""]",[226],"[""Pickford""]",[489],"[""Yates""]",[],[],[],[]
2022-23,24,3,2022-08-20T14:00:00Z,7,Fulham,3,4,Brentford,2,"[null,null,null]","[""De Cordova-Reid"",""Mitrović"",""Palhinha""]","[21,null]","[""Nørgaard"",""Toney""]","[null,null,null]","[""Stansfield"",""Andreas"",""Mbabu""]","[97,464]","[""Jensen"",""Wissa""]",[],[],[],[]
2022-23,26,3,2022-08-20T14:00:00Z,,Leicester,1,,Southampton,2,[515],"[""Maddison""]","[null,null]","[""Adams"",""Adams""]",[null],"[""Pérez""]","[null,null]","[""Ward-Prowse"",""Bella-Kotchap""]",[],[],[],[]
2022-23,21,3,2022-08-20T16:30:00Z,,Bournemouth,0,1,Arsenal,3,[],[],"[15,15,6]","[""Ødegaard"",""Ødegaard"",""Saliba""]",[],[],"[544,18,27]","[""Xhaka"",""Martinelli"",""Jesus""]",[],[],[],[]
2022-23,25,3,2022-08-21T13:00:00Z,10,Leeds,3,8,Chelsea,0,"[null,342,337]","[""Rodrigo"",""Harrison"",""Aaronson""]",[],[],"[null,342]","[""Rodrigo"",""Harrison""]",[],[],[],[],[],[]
2022-23,30,3,2022-08-21T13:00:00Z,18,West Ham,0,6,Brighton,2,[],[],"[null,372]","[""Trossard"",""Mac Allister""]",[],[],"[136,124]","[""Welbeck"",""Groß""]",[],[],[],[]
2022-23,28,3,2022-08-21T15:30:00Z,,Newcastle,3,,Man City,3,"[108,null,null]","[""Wilson"",""Trippier"",""Almirón""]","[null,null,411]","[""Gündogan"",""Bernardo"",""Haaland""]","[null,null,null]","[""Saint-Maximin"",""Saint-Maximin"",""Saint-Maximin""]","[null,null,402]","[""De Bruyne"",""Bernardo"",""Rodri""]",[],[],[],[]
2022-23,27,3,2022-08-22T19:00:00Z,,Man Utd,2,,Liverpool,1,"[429,null]","[""Rashford"",""Sancho""]",[null],"[""Salah""]","[454,null]","[""Elanga"",""Martial""]",[100],"[""Carvalho""]",[],[],[],[]
2022-23,39,4,2022-08-27T11:30:00Z,,Southampton,0,,Man Utd,1,[],[],[426],"[""Fernandes""]",[],[],[417],"[""Dalot""]",[],[],[],[]
2022-23,33,4,2022-08-27T14:00:00Z,4,Brentford,1,,Everton,1,[98],"[""Janelt""]",[null],"[""Gordon""]",[86],"[""Lewis-Potter""]",[null],"[""Coady""]",[],[],[],[]
2022-23,34,4,2022-08-27T14:00:00Z,6,Brighton,1,10,Leeds,0,[124],"[""Groß""]",[],[],[null],"[""Trossard""]",[],[],[],[],[],[]
2022-23,35,4,2022-08-27T14:00:00Z,8,Chelsea,2,,Leicester,1,"[null,null]","[""Sterling"",""Sterling""]",[453],"[""Barnes""]","[null,142]","[""Cucurella"",""James""]",[null],"[""Vardy""]",[],[],[],[]
2022-23,36,4,2022-08-27T14:00:00Z,,Liverpool,9,,Bournemouth,0,"[null,null,null,null,356,null,383,100]","[""Firmino"",""Firmino"",""Luis Díaz"",""Luis Díaz"",""Van Dijk"",""Alexander-Arnold"",""Elliott"",""Carvalho""]",[],[],"[null,null,null,364,364,502,null]","[""Firmino"",""Firmino"",""Firmino"",""Tsimikas"",""Tsimikas"",""Robertson"",""Alexander-Arnold""]",[],[],[],[],[null],"[""Mepham""]"
2022-23,37,4,2022-08-27T14:00:00Z,,Man City,4,5,Crystal Palace,2,"[411,411,411,null]","[""Haaland"",""Haaland"",""Haaland"",""Bernardo""]",[253],"[""Andersen""]","[null,null,398,402]","[""Gündogan"",""Stones"",""Foden"",""Rodri""]",[14],"[""Eze""]",[null],"[""Stones""]",[],[]
2022-23,31,4,2022-08-27T16:30:00Z,1,Arsenal,2,7,Fulham,1,"[15,4]","[""Ødegaard"",""Gabriel""]",[null],"[""Mitrović""]","[12,6]","[""Saka"",""Saliba""]",[],[],[],[],[],[]
2022-23,32,4,2022-08-28T13:00:00Z,2,Aston Villa,0,18,West Ham,1,[],[],[null],"[""Fornals""]",[],[],[13],"[""Rice""]",[],[],[],[]
2022-23,40,4,2022-08-28T13:00:00Z,,Wolves,1,,Newcastle,1,[null],"[""Neves""]",[null],"[""Saint-Maximin""]",[null],"[""Guedes""]",[],[],[],[],[],[]
2022-23,38,4,2022-08-28T15:30:00Z,12,Nott'm Forest,0,16,Spurs,2,[],[],"[null,null]","[""Kane"",""Kane""]",[],[],"[521,527]","[""Kulusevski"",""Richarlison""]",[],[],[],[]
2022-23,43,5,2022-08-30T18:30:00Z,5,Crystal Palace,1,4,Brentford,1,[null],"[""Zaha""]",[464],"[""Wissa""]",[218],"[""C.Doucouré""]",[98],"[""Janelt""]",[],[],[],[]
2022-23,44,5,2022-08-30T18:30:00Z,7,Fulham,2,6,Brighton,1,[null],"[""Mitrović""]",[372],"[""Mac Allister""]","[null,null]","[""Kebano"",""Andreas""]",[null],"[""Estupiñán""]",[],[],[116],"[""Dunk""]"
2022-23,50,5,2022-08-30T18:45:00Z,,Southampton,2,8,Chelsea,1,"[161,null]","[""Lavia"",""A.Armstrong""]",[null],"[""Sterling""]",[null],"[""Perraud""]",[430],"[""Mount""]",[],[],[],[]
2022-23,45,5,2022-08-30T19:00:00Z,10,Leeds,1,,Everton,1,[null],"[""Sinisterra""]",[null],"[""Gordon""]",[337],"[""Aaronson""]",[261],"[""Iwobi""]",[],[],[],[]
2022-23,41,5,2022-08-31T18:30:00Z,1,Arsenal,2,2,Aston Villa,1,"[18,27]","[""Martinelli"",""Jesus""]",[null],"[""Douglas Luiz""]",[12],"[""Saka""]",[],[],[],[],[],[]
2022-23,42,5,2022-08-31T18:30:00Z,,Bournemouth,0,,Wolves,0,[],[],[],[],[],[],[],[],[],[],[],[]
2022-23,49,5,2022-08-31T18:30:00Z,,Man City,6,12,Nott'm Forest,0,"[411,411,411,null,null,null]","[""Haaland"",""Haaland"",""Haaland"",""Álvarez"",""Álvarez"",""Cancelo""]",[],[],"[null,null,null,398]","[""Stones"",""Mahrez"",""Bernardo"",""Foden""]",[],[],[],[],[],[]
2022-23,47,5,2022-08-31T18:45:00Z,18,West Ham,1,16,Spurs,1,[null],"[""Soucek""]",[],[],[null],"[""Antonio""]",[null],"[""Kane""]",[null],"[""Kehrer""]",[],[]
2022-23,48,5,2022-08-31T19:00:00Z,,Liverpool,2,,Newcastle,1,"[null,100]","[""Firmino"",""Carvalho""]",[379],"[""Isak""]","[null,null]","[""Salah"",""Salah""]",[339],"[""S.Longstaff""]",[],[],[],[]
2022-23,46,5,2022-09-01T19:00:00Z,,Leicester,0,,Man Utd,1,[],[],[null],"[""Sancho""]",[],[],[429],"[""Rashford""]",[],[],[],[]
2022-23,55,6,2022-09-03T11:30:00Z,,Everton,0,,Liverpool,0,[],[],[],[],[],[],[],[],[],[],[],[]
2022-23,52,6,2022-09-03T14:00:00Z,4,Brentford,5,10,Leeds,2,"[null,null,null,464,427]","[""Toney"",""Toney"",""Toney"",""Wissa"",""Mbeumo""]","[null,null]","[""Roca"",""Sinisterra""]",[null],"[""Baptiste""]",[null],"[""Ayling""]",[],[],[],[]
2022-23,54,6,2022-09-03T14:00:00Z,8,Chelsea,2,18,West Ham,1,"[null,26]","[""Chilwell"",""Havertz""]",[null],"[""Antonio""]","[null,null]","[""Thiago Silva"",""Chilwell""]",[13],"[""Rice""]",[],[],[],[]
2022-23,57,6,2022-09-03T14:00:00Z,,Newcastle,0,5,Crystal Palace,0,[],[],[],[],[],[],[],[],[],[],[],[]
2022-23,58,6,2022-09-03T14:00:00Z,12,Nott'm Forest,2,,Bournemouth,3,"[209,null]","[""Johnson"",""Kouyaté""]","[526,null,105]","[""Solanke"",""Billing"",""Anthony""]","[469,480]","[""N.Williams"",""Gibbs-White""]","[526,71,null]","[""Solanke"",""Cook"",""Kelly""]",[],[],[],[]
2022-23,59,6,2022-09-03T14:00:00Z,16,Spurs,2,7,Fulham,1,"[null,null]","[""Kane"",""Højbjerg""]",[null],"[""Mitrović""]","[269,527]","[""R.Sessegnon"",""Richarlison""]",[256],"[""Tete""]",[],[],[],[]
2022-23,60,6,2022-09-03T14:00:00Z,,Wolves,1,,Southampton,0,[null],"[""Podence""]",[],[],[389],"[""Matheus""]",[],[],[],[],[],[]
2022-23,51,6,2022-09-03T16:30:00Z,2,Aston Villa,1,,Man City,1,[44],"[""Bailey""]",[411],"[""Haaland""]",[456],"[""Ramsey""]",[null],"[""De Bruyne""]",[],[],[],[]
2022-23,53,6,2022-09-04T13:00:00Z,6,Brighton,5,,Leicester,2,"[372,372,null,159]","[""Mac Allister"",""Mac Allister"",""Trossard"",""Caicedo""]","[null,null]","[""Iheanacho"",""Daka""]","[136,124,null,null,null]","[""Welbeck"",""Groß"",""March"",""Trossard"",""Mwepu""]","[43,null]","[""Tielemans"",""Daka""]",[],[],[null],"[""Thomas""]"
2022-23,56,6,2022-09-04T15:30:00Z,,Man Utd,3,1,Arsenal,1,"[429,429,null]","[""Rashford"",""Rashford"",""Antony""]",[12],"[""Saka""]","[426,429,null]","[""Fernandes"",""Rashford"",""Eriksen""]",[],[],[],[],[],[]
2022-23,71,8,2022-09-16T19:00:00Z,2,Aston Villa,1,,Southampton,0,[456],"[""Ramsey""]",[],[],[],[],[],[],[],[],[],[]
2022-23,78,8,2022-09-16T19:00:00Z,12,Nott'm Forest,2,7,Fulham,3,"[492,null]","[""Awoniyi"",""O'Brien""]","[147,270,null]","[""Tosin"",""Reed"",""Palhinha""]",[489],"[""Yates""]","[null,256,null]","[""De Cordova-Reid"",""Tete"",""Willian""]",[],[],[],[]
2022-23,80,8,2022-09-17T11:30:00Z,,Wolves,0,,Man City,3,[],[],"[238,398,411]","[""Grealish"",""Foden"",""Haaland""]",[],[],"[null,null,null]","[""De Bruyne"",""De Bruyne"",""Bernardo""]",[],[],[],[]
2022-23,77,8,2022-09-17T14:00:00Z,,Newcastle,1,,Bournemouth,1,[379],"[""Isak""]",[null],"[""Billing""]",[null],"[""Trippier""]",[null],"[""Zemura""]",[],[],[],[]
2022-23,79,8,2022-09-17T16:30:00Z,16,Spurs,6,,Leicester,2,"[null,null,null,null,null,516]","[""Son"",""Son"",""Son"",""Kane"",""Dier"",""Bentancur""]","[43,515]","[""Tielemans"",""Maddison""]","[null,null,516,521,null]","[""Kane"",""Højbjerg"",""Bentancur"",""Kulusevski"",""Perišić""]","[258,332]","[""Castagne"",""Justin""]",[],[],[],[]
2022-23,72,8,2022-09-18T11:00:00Z,4,Brentford,0,1,Arsenal,3,[],[],"[23,6,27]","[""Fábio Vieira"",""Saliba"",""Jesus""]",[],[],"[12,12,544]","[""Saka"",""Saka"",""Xhaka""]",[],[],[],[]
2022-23,75,8,2022-09-18T13:15:00Z,,Everton,1,18,West Ham,0,[null],"[""Maupay""]",[],[],[261],"[""Iwobi""]",[],[],[],[],[],[]
2022-23,81,9,2022-10-01T11:30:00Z,1,Arsenal,3,16,Spurs,1,"[544,null,27]","[""Xhaka"",""Partey"",""Jesus""]",[null],"[""Kane""]","[10,18]","[""White"",""Martinelli""]",[527],"[""Richarlison""]",[],[],[],[]
2022-23,82,9,2022-10-01T14:00:00Z,,Bournemouth,0,4,Brentford,0,[],[],[],[],[],[],[],[],[],[],[],[]
2022-23,83,9,2022-10-01T14:00:00Z,5,Crystal Palace,1,8,Chelsea,2,[null],"[""Edouard""]","[519,null]","[""Gallagher"",""Aubameyang""]",[null],"[""J.Ayew""]","[null,null]","[""Thiago Silva"",""Pulisic""]",[],[],[],[]
2022-23,84,9,2022-10-01T14:00:00Z,7,Fulham,1,,Newcastle,4,[null],"[""De Cordova-Reid""]","[null,null,108,339]","[""Almirón"",""Almirón"",""Wilson"",""S.Longstaff""]",[null],"[""Kebano""]","[460,460,452,447]","[""Willock"",""Willock"",""Bruno Guimarães"",""Botman""]",[],[],[],[]
2022-23,87,9,2022-10-01T14:00:00Z,,Liverpool,3,6,Brighton,3,"[null,null]","[""Firmino"",""Firmino""]","[null,null,null]","[""Trossard"",""Trossard"",""Trossard""]","[null,null]","[""Salah"",""Luis Díaz""]","[136,null,121]","[""Welbeck"",""March"",""Mitoma""]",[],[],[null],"[""Webster""]"
2022-23,89,9,2022-10-01T14:00:00Z,,Southampton,1,,Everton,2,[null],"[""Aribo""]","[null,241]","[""Coady"",""McNeil""]",[null],"[""Adams""]","[261,48]","[""Iwobi"",""Onana""]",[],[],[],[]
2022-23,90,9,2022-10-01T16:30:00Z,18,West Ham,2,,Wolves,0,"[null,null]","[""Bowen"",""Scamacca""]",[],[],"[null,null]","[""Bowen"",""Kehrer""]",[],[],[],[],[],[]
2022-23,88,9,2022-10-02T13:00:00Z,,Man City,6,,Man Utd,3,"[398,398,398,411,411,411]","[""Foden"",""Foden"",""Foden"",""Haaland"",""Haaland"",""Haaland""]","[null,null,null]","[""Martial"",""Martial"",""Antony""]","[null,null,411,411,null,null]","[""De Bruyne"",""De Bruyne"",""Haaland"",""Haaland"",""Bernardo"",""Sergio Gómez""]","[null,null]","[""Fred"",""Eriksen""]",[],[],[],[]
2022-23,85,9,2022-10-02T15:30:00Z,10,Leeds,0,2,Aston Villa,0,[],[],[],[],[],[],[],[],[],[],[],[]
2022-23,86,9,2022-10-03T19:00:00Z,,Leicester,4,12,Nott'm Forest,0,"[515,515,453,null]","[""Maddison"",""Maddison"",""Barnes"",""Daka""]",[],[],"[null,515,236]","[""Vardy"",""Maddison"",""Dewsbury-Hall""]",[],[],[],[],[],[]
2022-23,92,10,2022-10-08T14:00:00Z,,Bournemouth,2,,Leicester,1,"[75,null]","[""Christie"",""Billing""]",[null],"[""Daka""]","[526,526]","[""Solanke"",""Solanke""]",[],[],[],[],[],[]
2022-23,94,10,2022-10-08T14:00:00Z,8,Chelsea,3,,Wolves,0,"[null,26,null]","[""Pulisic"",""Havertz"",""Broja""]",[],[],"[430,430,406]","[""Mount"",""Mount"",""Kovacic""]",[],[],[],[],[],[]
2022-23,97,10,2022-10-08T14:00:00Z,,Man City,4,,Southampton,0,"[null,null,398,411]","[""Mahrez"",""Cancelo"",""Foden"",""Haaland""]",[],[],"[null,null,398,402]","[""De Bruyne"",""Cancelo"",""Foden"",""Rodri""]",[],[],[],[],[],[]
2022-23,98,10,2022-10-08T14:00:00Z,,Newcastle,5,4,Brentford,1,"[452,452,457,null]","[""Bruno Guimarães"",""Bruno Guimarães"",""Murphy"",""Almirón""]",[null],"[""Toney""]","[108,null,458]","[""Wilson"",""Trippier"",""Joelinton""]",[90],"[""Hickey""]",[],[],[91],"[""Pinnock""]"
2022-23,93,10,2022-10-08T16:30:00Z,6,Brighton,0,16,Spurs,1,[],[],[null],"[""Kane""]",[],[],[null],"[""Son""]",[],[],[],[]
2022-23,95,10,2022-10-09T13:00:00Z,5,Crystal Palace,2,10,Leeds,1,"[null,14]","[""Edouard"",""Eze""]",[328],"[""Struijk""]","[null,null]","[""Zaha"",""Olise""]",[337],"[""Aaronson""]",[],[],[],[]
2022-23,100,10,2022-10-09T13:00:00Z,18,West Ham,3,7,Fulham,1,"[null,null,null]","[""Antonio"",""Bowen"",""Scamacca""]",[null],"[""Andreas""]","[null,null]","[""Dawson"",""Paquetá""]",[null],"[""Kebano""]",[],[],[],[]
2022-23,91,10,2022-10-09T15:30:00Z,1,Arsenal,3,,Liverpool,2,"[12,12,18]","[""Saka"",""Saka"",""Martinelli""]","[null,null]","[""Firmino"",""Darwin""]","[15,18,27]","[""Ødegaard"",""Martinelli"",""Jesus""]","[null,null]","[""Diogo Jota"",""Luis Díaz""]",[],[],[],[]
2022-23,96,10,2022-10-09T18:00:00Z,,Everton,1,,Man Utd,2,[261],"[""Iwobi""]","[null,null]","[""Ronaldo"",""Antony""]",[],[],"[null,null]","[""Martial"",""Casemiro""]",[],[],[],[]
2022-23,99,10,2022-10-10T19:00:00Z,12,Nott'm Forest,1,2,Aston Villa,1,[null],"[""Dennis""]",[null],"[""Young""]",[480],"[""Gibbs-White""]",[],[],[],[],[],[]
2022-23,102,11,2022-10-14T19:00:00Z,4,Brentford,2,6,Brighton,0,"[null,null]","[""Toney"",""Toney""]",[],[],[104],"[""Onyeka""]",[],[],[],[],[],[]
2022-23,105,11,2022-10-15T11:30:00Z,,Leicester,0,5,Crystal Palace,0,[],[],[],[],[],[],[],[],[],[],[],[]
2022-23,103,11,2022-10-15T14:00:00Z,7,Fulham,2,,Bournemouth,2,"[null,259]","[""Mitrović"",""Diop""]","[213,526]","[""Lerma"",""Solanke""]",[null],"[""Andreas""]","[526,null]","[""Solanke"",""Billing""]",[],[],[],[]
2022-23,110,11,2022-10-15T14:00:00Z,,Wolves,1,12,Nott'm Forest,0,[null],"[""Neves""]",[],[],[null],"[""Adama""]",[],[],[],[],[],[]
2022-23,109,11,2022-10-15T16:30:00Z,16,Spurs,2,,Everton,0,"[null,null]","[""Kane"",""Højbjerg""]",[],[],[516],"[""Bentancur""]",[],[],[],[],[],[]
2022-23,101,11,2022-10-16T13:00:00Z,2,Aston Villa,0,8,Chelsea,2,[],[],"[430,430]","[""Mount"",""Mount""]",[],[],[],[],[],[],[],[]
2022-23,104,11,2022-10-16T13:00:00Z,10,Leeds,0,1,Arsenal,1,[],[],[12],"[""Saka""]",[],[],[15],"[""Ødegaard""]",[],[],[],[]
2022-23,107,11,2022-10-16T13:00:00Z,,Man Utd,0,,Newcastle,0,[],[],[],[],[],[],[],[],[],[],[],[]
2022-23,108,11,2022-10-16T13:00:00Z,,Southampton,1,18,West Ham,1,[null],"[""Perraud""]",[13],"[""Rice""]",[],[],[null],"[""Benrahma""]",[],[],[],[]
2022-23,106,11,2022-10-16T15:30:00Z,,Liverpool,1,,Man City,0,[null],"[""Salah""]",[],[],[350],"[""Alisson""]",[],[],[],[],[],[]
2022-23,114,12,2022-10-18T18:30:00Z,6,Brighton,0,12,Nott'm Forest,0,[],[],[],[],[],[],[],[],[],[],[],[]
2022-23,115,12,2022-10-18T19:15:00Z,5,Crystal Palace,2,,Wolves,1,"[null,14]","[""Zaha"",""Eze""]",[null],"[""Adama""]","[null,null]","[""Edouard"",""Olise""]",[null],"[""Bueno""]",[],[],[],[]
2022-23,112,12,2022-10-19T18:30:00Z,,Bournemouth,0,,Southampton,1,[],[],[null],"[""Adams""]",[],[],[null],"[""Perraud""]",[],[],[],[]
2022-23,113,12,2022-10-19T18:30:00Z,4,Brentford,0,8,Chelsea,0,[],[],[],[],[],[],[],[],[],[],[],[]
2022-23,118,12,2022-10-19T18:30:00Z,,Liverpool,1,18,West Ham,0,[null],"[""Darwin""]",[],[],[364],"[""Tsimikas""]",[],[],[],[],[],[]
2022-23,120,12,2022-10-19T18:30:00Z,,Newcastle,1,,Everton,0,[null],"[""Almirón""]",[],[],[452],"[""Bruno Guimarães""]",[],[],[],[],[],[]
2022-23,119,12,2022-10-19T19:15:00Z,,Man Utd,2,16,Spurs,0,"[null,426]","[""Fred"",""Fernandes""]",[],[],[null],"[""Sancho""]",[],[],[],[],[],[]
2022-23,116,12,2022-10-20T18:30:00Z,7,Fulham,3,2,Aston Villa,0,"[null,270]","[""Mitrović"",""Reed""]",[],[],[null],"[""Kebano""]",[],[],[],[],[33],"[""Mings""]"
2022-23,117,12,2022-10-20T19:15:00Z,,Leicester,2,10,Leeds,0,[453],"[""Barnes""]",[],[],"[236,null]","[""Dewsbury-Hall"",""Praet""]",[],[],[],[],[null],"[""Koch""]"
2022-23,126,13,2022-10-22T11:30:00Z,12,Nott'm Forest,1,,Liverpool,0,[492],"[""Awoniyi""]",[],[],[],[],[],[],[],[],[],[]
2022-23,123,13,2022-10-22T14:00:00Z,,Everton,3,5,Crystal Palace,0,"[346,null,241]","[""Calvert-Lewin"",""Gordon"",""McNeil""]",[],[],"[261,261,233]","[""Iwobi"",""Iwobi"",""Mykolenko""]",[],[],[],[],[],[]
2022-23,125,13,2022-10-22T14:00:00Z,,Man City,3,6,Brighton,1,"[411,411,null]","[""Haaland"",""Haaland"",""De Bruyne""]",[null],"[""Trossard""]","[null,null,null]","[""Bernardo"",""Bernardo"",""Ederson""]",[null],"[""March""]",[],[],[],[]
2022-23,122,13,2022-10-22T16:30:00Z,8,Chelsea,1,,Man Utd,1,[null],"[""Jorginho""]",[null],"[""Casemiro""]",[null],"[""Broja""]",[423],"[""Shaw""]",[],[],[],[]
2022-23,121,13,2022-10-23T13:00:00Z,2,Aston Villa,4,4,Brentford,0,"[null,null,55,44]","[""Ings"",""Ings"",""Watkins"",""Bailey""]",[],[],"[33,44,null]","[""Mings"",""Bailey"",""Douglas Luiz""]",[],[],[],[],[],[]
2022-23,124,13,2022-10-23T13:00:00Z,10,Leeds,2,7,Fulham,3,"[null,null]","[""Rodrigo"",""Summerville""]","[null,null,null]","[""De Cordova-Reid"",""Mitrović"",""Willian""]","[342,340]","[""Harrison"",""Gelhardt""]","[null,null,270]","[""Andreas"",""Andreas"",""Reed""]",[],[],[],[]
2022-23,127,13,2022-10-23T13:00:00Z,,Southampton,1,1,Arsenal,1,[null],"[""S.Armstrong""]",[544],"[""Xhaka""]",[null],"[""Elyounoussi""]",[10],"[""White""]",[],[],[],[]
2022-23,130,13,2022-10-23T13:00:00Z,,Wolves,0,,Leicester,4,[],[],"[null,43,515,453]","[""Vardy"",""Tielemans"",""Maddison"",""Barnes""]",[],[],"[null,258,236]","[""Vardy"",""Castagne"",""Dewsbury-Hall""]",[],[],[],[]
2022-23,128,13,2022-10-23T15:30:00Z,16,Spurs,1,,Newcastle,2,[null],"[""Kane""]","[108,null]","[""Wilson"",""Almirón""]",[null],"[""Lenglet""]",[339],"[""S.Longstaff""]",[],[],[],[]
2022-23,129,13,2022-10-24T19:00:00Z,18,West Ham,2,,Bournemouth,0,"[null,null]","[""Zouma"",""Benrahma""]",[],[],"[null,null]","[""Coufal"",""Soucek""]",[],[],[],[],[],[]
2022-23,137,14,2022-10-29T11:30:00Z,,Leicester,0,,Man City,1,[],[],[null],"[""De Bruyne""]",[],[],[238],"[""Grealish""]",[],[],[],[]
2022-23,132,14,2022-10-29T14:00:00Z,,Bournemouth,2,16,Spurs,3,"[null,null]","[""Moore"",""Moore""]","[508,269,516]","[""Davies"",""R.Sessegnon"",""Bentancur""]","[64,68]","[""Smith"",""Tavernier""]","[null,null]","[""Højbjerg"",""Perišić""]",[],[],[],[]
2022-23,133,14,2022-10-29T14:00:00Z,4,Brentford,1,,Wolves,1,[null],"[""Mee""]",[null],"[""Neves""]",[427],"[""Mbeumo""]",[null],"[""Semedo""]",[],[],[],[]
2022-23,134,14,2022-10-29T14:00:00Z,6,Brighton,4,8,Chelsea,1,"[124,null]","[""Groß"",""Trossard""]",[26],"[""Havertz""]","[121,591,null]","[""Mitoma"",""Enciso"",""Estupiñán""]",[519],"[""Gallagher""]",[],[],"[null,143]","[""Loftus-Cheek"",""Chalobah""]"
2022-23,135,14,2022-10-29T14:00:00Z,5,Crystal Palace,1,,Southampton,0,[null],"[""Edouard""]",[],[],[204],"[""Mitchell""]",[],[],[],[],[],[]
2022-23,140,14,2022-10-29T14:00:00Z,,Newcastle,4,2,Aston Villa,0,"[108,108,null,458]","[""Wilson"",""Wilson"",""Almirón"",""Joelinton""]",[],[],"[108,108,null,null]","[""Wilson"",""Wilson"",""Trippier"",""Almirón""]",[],[],[],[],[],[]
2022-23,136,14,2022-10-29T16:30:00Z,7,Fulham,0,,Everton,0,[],[],[],[],[],[],[],[],[],[],[],[]
2022-23,138,14,2022-10-29T18:45:00Z,,Liverpool,1,10,Leeds,2,[null],"[""Salah""]","[null,null]","[""Rodrigo"",""Summerville""]",[502],"[""Robertson""]",[null],"[""Bamford""]",[],[],[],[]
2022-23,131,14,2022-10-30T14:00:00Z,1,Arsenal,5,12,Nott'm Forest,0,"[24,24,null,15,18]","[""Nelson"",""Nelson"",""Partey"",""Ødegaard"",""Martinelli""]",[],[],"[27,27,12,24]","[""Jesus"",""Jesus"",""Saka"",""Nelson""]",[],[],[],[],[],[]
2022-23,139,14,2022-10-30T16:15:00Z,,Man Utd,1,18,West Ham,0,[429],"[""Rashford""]",[],[],[null],"[""Eriksen""]",[],[],[],[],[],[]
2022-23,144,15,2022-11-05T15:00:00Z,10,Leeds,4,,Bournemouth,3,"[null,null,null,null]","[""Cooper"",""Rodrigo"",""Greenwood"",""Summerville""]","[526,null,68]","[""Solanke"",""Billing"",""Tavernier""]","[328,null,null,341]","[""Struijk"",""Greenwood"",""Summerville"",""Gnonto""]","[68,68]","[""Tavernier"",""Tavernier""]",[],[],[],[]
2022-23,145,15,2022-11-05T15:00:00Z,,Man City,2,7,Fulham,1,"[411,null]","[""Haaland"",""Álvarez""]",[null],"[""Andreas""]","[null,null]","[""Gündogan"",""De Bruyne""]",[260],"[""Wilson""]",[],[],[],[]
2022-23,146,15,2022-11-05T15:00:00Z,12,Nott'm Forest,2,4,Brentford,2,[480],"[""Gibbs-White""]","[464,427]","[""Wissa"",""Mbeumo""]","[480,null]","[""Gibbs-White"",""Dennis""]","[97,464]","[""Jensen"",""Wissa""]",[],[],[null],"[""Zanka""]"
2022-23,150,15,2022-11-05T15:00:00Z,,Wolves,2,6,Brighton,3,"[null,null]","[""Neves"",""Guedes""]","[null,124,121]","[""Lallana"",""Groß"",""Mitoma""]","[null,null]","[""Podence"",""Traoré""]","[null,null]","[""Lallana"",""Trossard""]",[],[],[],[]
2022-23,143,15,2022-11-05T17:30:00Z,,Everton,0,,Leicester,2,[],[],"[43,453]","[""Tielemans"",""Barnes""]",[],[],"[515,515]","[""Maddison"",""Maddison""]",[],[],[],[]
2022-23,142,15,2022-11-06T12:00:00Z,8,Chelsea,0,1,Arsenal,1,[],[],[4],"[""Gabriel""]",[],[],[12],"[""Saka""]",[],[],[],[]
2022-23,141,15,2022-11-06T14:00:00Z,2,Aston Villa,3,,Man Utd,1,"[30,44,456]","[""Digne"",""Bailey"",""Ramsey""]",[],[],"[456,456,55]","[""Ramsey"",""Ramsey"",""Watkins""]",[423],"[""Shaw""]",[456],"[""Ramsey""]",[],[]
2022-23,147,15,2022-11-06T14:00:00Z,,Southampton,1,,Newcastle,4,[null],"[""Perraud""]","[490,null,460,452]","[""Wood"",""Almirón"",""Willock"",""Bruno Guimarães""]",[null],"[""Salisu""]","[null,457,null]","[""Trippier"",""Murphy"",""Saint-Maximin""]",[],[],[],[]
2022-23,149,15,2022-11-06T14:00:00Z,18,West Ham,1,5,Crystal Palace,2,[null],"[""Benrahma""]","[null,null]","[""Zaha"",""Olise""]",[null],"[""Paquetá""]","[null,14]","[""Zaha"",""Eze""]",[],[],[],[]
2022-23,148,15,2022-11-06T16:30:00Z,16,Spurs,1,,Liverpool,2,[null],"[""Kane""]","[null,null]","[""Salah"",""Salah""]",[521],"[""Kulusevski""]",[null],"[""Darwin""]",[],[],[],[]
2022-23,155,16,2022-11-12T12:30:00Z,,Man City,1,4,Brentford,2,[398],"[""Foden""]","[null,null]","[""Toney"",""Toney""]",[null],"[""Akanji""]","[103,null]","[""Dasilva"",""Mee""]",[],[],[],[]
2022-23,151,16,2022-11-12T15:00:00Z,,Bournemouth,3,,Everton,0,"[null,105,68]","[""Moore"",""Anthony"",""Tavernier""]",[],[],"[526,71,68]","[""Solanke"",""Cook"",""Tavernier""]",[],[],[],[],[],[]
2022-23,154,16,2022-11-12T15:00:00Z,,Liverpool,3,,Southampton,1,"[null,null,null]","[""Darwin"",""Darwin"",""Firmino""]",[null],"[""Adams""]","[502,502,383]","[""Robertson"",""Robertson"",""Elliott""]",[null],"[""Ward-Prowse""]",[],[],[],[]
2022-23,157,16,2022-11-12T15:00:00Z,12,Nott'm Forest,1,5,Crystal Palace,0,[480],"[""Gibbs-White""]",[],[],[209],"[""Johnson""]",[],[],[],[],[],[]
2022-23,158,16,2022-11-12T15:00:00Z,16,Spurs,4,10,Leeds,3,"[516,516,null,508]","[""Bentancur"",""Bentancur"",""Kane"",""Davies""]","[null,null,null]","[""Rodrigo"",""Rodrigo"",""Summerville""]","[null,521]","[""Kane"",""Kulusevski""]","[null,null,337]","[""Kristensen"",""Roca"",""Aaronson""]",[],[],[],[]
2022-23,159,16,2022-11-12T15:00:00Z,18,West Ham,0,,Leicester,2,[],[],"[515,453]","[""Maddison"",""Barnes""]",[],[],"[null,null]","[""Pérez"",""Daka""]",[],[],[],[]
2022-23,156,16,2022-11-12T17:30:00Z,,Newcastle,1,8,Chelsea,0,[460],"[""Willock""]",[],[],[null],"[""Almirón""]",[],[],[],[],[],[]
2022-23,160,16,2022-11-12T19:45:00Z,,Wolves,0,1,Arsenal,2,[],[],"[15,15]","[""Ødegaard"",""Ødegaard""]",[],[],"[18,23]","[""Martinelli"",""Fábio Vieira""]",[],[],[],[]
2022-23,152,16,2022-11-13T14:00:00Z,6,Brighton,1,2,Aston Villa,2,[372],"[""Mac Allister""]","[null,null]","[""Ings"",""Ings""]",[],[],"[45,null]","[""McGinn"",""Douglas Luiz""]",[],[],[],[]
2022-23,153,16,2022-11-13T16:30:00Z,7,Fulham,1,,Man Utd,2,[343],"[""James""]","[null,160]","[""Eriksen"",""Garnacho""]",[266],"[""Cairney""]","[426,null]","[""Fernandes"",""Eriksen""]",[],[],[],[]
2022-23,163,17,2022-12-26T12:30:00Z,4,Brentford,2,16,Spurs,2,"[null,98]","[""Toney"",""Janelt""]","[null,null]","[""Kane"",""Højbjerg""]","[21,97]","[""Nørgaard"",""Jensen""]",[null],"[""Lenglet""]",[],[],[],[]
2022-23,165,17,2022-12-26T15:00:00Z,5,Crystal Palace,0,7,Fulham,3,[],[],"[null,null,null]","[""Ream"",""De Cordova-Reid"",""Mitrović""]",[],[],"[null,null,null]","[""Mitrović"",""Mitrović"",""Willian""]",[],[],[],[]
2022-23,166,17,2022-12-26T15:00:00Z,,Everton,1,,Wolves,2,[null],"[""Mina""]","[null,392]","[""Podence"",""Aït-Nouri""]",[241],"[""McNeil""]",[null],"[""Moutinho""]",[],[],[],[]
2022-23,168,17,2022-12-26T15:00:00Z,,Leicester,0,,Newcastle,3,[],[],"[490,null,458]","[""Wood"",""Almirón"",""Joelinton""]",[],[],"[null,458,452]","[""Trippier"",""Joelinton"",""Bruno Guimarães""]",[],[],[],[]
2022-23,170,17,2022-12-26T15:00:00Z,,Southampton,1,6,Brighton,3,[null],"[""Ward-Prowse""]","[null,null]","[""Lallana"",""March""]",[],[],"[null,null]","[""March"",""Veltman""]",[null],"[""Perraud""]",[],[]
2022-23,162,17,2022-12-26T17:30:00Z,2,Aston Villa,1,,Liverpool,3,[55],"[""Watkins""]","[356,null,376]","[""Van Dijk"",""Salah"",""Bajcetic""]",[null],"[""Douglas Luiz""]","[null,502]","[""Salah"",""Robertson""]",[],[],[],[]
2022-23,161,17,2022-12-26T20:00:00Z,1,Arsenal,3,18,West Ham,1,"[224,12,18]","[""Nketiah"",""Saka"",""Martinelli""]",[null],"[""Benrahma""]","[15,15,544]","[""Ødegaard"",""Ødegaard"",""Xhaka""]",[null],"[""Bowen""]",[],[],[],[]
2022-23,164,17,2022-12-27T17:30:00Z,8,Chelsea,2,,Bournemouth,0,"[430,26]","[""Mount"",""Havertz""]",[],[],"[26,null]","[""Havertz"",""Sterling""]",[],[],[],[],[],[]
2022-23,169,17,2022-12-27T20:00:00Z,,Man Utd,3,12,Nott'm Forest,0,"[null,429,null]","[""Fred"",""Rashford"",""Martial""]",[],[],"[429,null,null]","[""Rashford"",""Eriksen"",""Casemiro""]",[],[],[],[],[],[]
2022-23,167,17,2022-12-28T20:00:00Z,10,Leeds,1,,Man City,3,[328],"[""Struijk""]","[411,411,402]","[""Haaland"",""Haaland"",""Rodri""]",[null],"[""Greenwood""]","[238,238,null]","[""Grealish"",""Grealish"",""Mahrez""]",[],[],[],[]
2022-23,179,18,2022-12-30T19:45:00Z,18,West Ham,0,4,Brentford,2,[],[],"[null,103]","[""Toney"",""Dasilva""]",[],[],"[21,null]","[""Nørgaard"",""Toney""]",[],[],[],[]
2022-23,174,18,2022-12-30T20:00:00Z,,Liverpool,2,,Leicester,1,[],[],[236],"[""Dewsbury-Hall""]","[null,null]","[""Alexander-Arnold"",""Darwin""]",[null],"[""Daka""]",[],[],"[null,null]","[""Faes"",""Faes""]"
2022-23,180,18,2022-12-31T12:30:00Z,,Wolves,0,,Man Utd,1,[],[],[429],"[""Rashford""]",[],[],[426],"[""Fernandes""]",[],[],[],[]
2022-23,171,18,2022-12-31T15:00:00Z,,Bournemouth,0,5,Crystal Palace,2,[],[],"[null,14]","[""J.Ayew"",""Eze""]",[],[],"[null,null]","[""Olise"",""Olise""]",[],[],[],[]
2022-23,173,18,2022-12-31T15:00:00Z,7,Fulham,2,,Southampton,1,[null],"[""Palhinha""]",[null],"[""Ward-Prowse""]","[256,null]","[""Tete"",""Andreas""]",[null],"[""Adams""]",[],[],[null],"[""Ward-Prowse""]"
2022-23,175,18,2022-12-31T15:00:00Z,,Man City,1,,Everton,1,[411],"[""Haaland""]",[null],"[""Gray""]",[null],"[""Mahrez""]",[null],"[""Gueye""]",[],[],[],[]
2022-23,176,18,2022-12-31T15:00:00Z,,Newcastle,0,10,Leeds,0,[],[],[],[],[],[],[],[],[],[],[],[]
2022-23,172,18,2022-12-31T17:30:00Z,6,Brighton,2,1,Arsenal,4,"[121,139]","[""Mitoma"",""Ferguson""]","[15,224,12,18]","[""Ødegaard"",""Nketiah"",""Saka"",""Martinelli""]","[124,116]","[""Groß"",""Dunk""]","[15,18]","[""Ødegaard"",""Martinelli""]",[],[],[],[]
2022-23,178,18,2023-01-01T14:00:00Z,16,Spurs,0,2,Aston Villa,2,[],[],"[41,null]","[""Buendía"",""Douglas Luiz""]",[],[],"[45,55]","[""McGinn"",""Watkins""]",[],[],[],[]
2022-23,177,18,2023-01-01T16:30:00Z,12,Nott'm Forest,1,8,Chelsea,1,[null],"[""Aurier""]",[null],"[""Sterling""]",[null],"[""Boly""]",[],[],[],[],[],[]
2022-23,183,19,2023-01-02T17:30:00Z,4,Brentford,3,,Liverpool,1,"[464,427]","[""Wissa"",""Mbeumo""]",[null],"[""Chamberlain""]","[21,97,427]","[""Nørgaard"",""Jensen"",""Mbeumo""]",[null],"[""Alexander-Arnold""]",[],[],[null],"[""Konaté""]"
2022-23,181,19,2023-01-03T19:45:00Z,1,Arsenal,0,,Newcastle,0,[],[],[],[],[],[],[],[],[],[],[],[]
2022-23,186,19,2023-01-03T19:45:00Z,,Everton,1,6,Brighton,4,[null],"[""Gray""]","[124,null,121,139]","[""Groß"",""March"",""Mitoma"",""Ferguson""]",[261],"[""Iwobi""]","[null,159,139]","[""Sarmiento"",""Caicedo"",""Ferguson""]",[],[],[],[]
2022-23,188,19,2023-01-03T19:45:00Z,,Leicester,0,7,Fulham,1,[],[],[null],"[""Mitrović""]",[],[],[null],"[""Willian""]",[],[],[],[]
2022-23,189,19,2023-01-03T20:00:00Z,,Man Utd,3,,Bournemouth,0,"[423,429,null]","[""Shaw"",""Rashford"",""Casemiro""]",[],[],"[426,null,160]","[""Fernandes"",""Eriksen"",""Garnacho""]",[],[],[],[],[],[]
2022-23,190,19,2023-01-04T19:30:00Z,,Southampton,0,12,Nott'm Forest,1,[],[],[492],"[""Awoniyi""]",[],[],[209],"[""Johnson""]",[],[],[],[]
2022-23,187,19,2023-01-04T19:45:00Z,10,Leeds,2,18,West Ham,2,"[null,341]","[""Rodrigo"",""Gnonto""]","[null,null]","[""Scamacca"",""Paquetá""]","[342,null]","[""Harrison"",""Summerville""]",[null],"[""Bowen""]",[],[],[],[]
2022-23,182,19,2023-01-04T20:00:00Z,2,Aston Villa,1,,Wolves,1,[null],"[""Ings""]",[null],"[""Podence""]",[33],"[""Mings""]",[null],"[""Moutinho""]",[],[],[],[]
2022-23,185,19,2023-01-04T20:00:00Z,5,Crystal Palace,0,16,Spurs,4,[],[],"[null,null,null,null]","[""Kane"",""Kane"",""Son"",""Doherty""]",[],[],"[null,null,null]","[""Kane"",""Perišić"",""Bryan""]",[],[],[],[]
2022-23,184,19,2023-01-05T20:00:00Z,8,Chelsea,0,,Man City,1,[],[],[null],"[""Mahrez""]",[],[],[238],"[""Grealish""]",[],[],[],[]
2022-23,64,19,2023-01-12T20:00:00Z,7,Fulham,2,8,Chelsea,1,"[null,null]","[""Willian"",""Vinícius""]",[null],"[""Koulibaly""]",[null],"[""Andreas""]",[430],"[""Mount""]",[],[],[],[]
2022-23,191,20,2023-01-13T20:00:00Z,2,Aston Villa,2,10,Leeds,1,"[41,44]","[""Buendía"",""Bailey""]",[null],"[""Bamford""]","[44,47]","[""Bailey"",""Kamara""]",[340],"[""Gelhardt""]",[],[],[],[]
2022-23,196,20,2023-01-14T12:30:00Z,,Man Utd,2,,Man City,1,"[426,429]","[""Fernandes"",""Rashford""]",[238],"[""Grealish""]","[160,null]","[""Garnacho"",""Casemiro""]",[null],"[""De Bruyne""]",[],[],[],[]
2022-23,193,20,2023-01-14T15:00:00Z,6,Brighton,3,,Liverpool,0,"[null,null,136]","[""March"",""March"",""Welbeck""]",[],[],"[null,121,139]","[""March"",""Mitoma"",""Ferguson""]",[],[],[],[],[],[]
2022-23,195,20,2023-01-14T15:00:00Z,,Everton,1,,Southampton,2,[48],"[""Onana""]","[null,null]","[""Ward-Prowse"",""Ward-Prowse""]",[null],"[""Gray""]","[null,null]","[""Adams"",""Adams""]",[],[],[],[]
2022-23,198,20,2023-01-14T15:00:00Z,12,Nott'm Forest,2,,Leicester,0,"[209,209]","[""Johnson"",""Johnson""]",[],[],"[480,480]","[""Gibbs-White"",""Gibbs-White""]",[],[],[],[],[],[]
2022-23,200,20,2023-01-14T15:00:00Z,,Wolves,1,18,West Ham,0,[null],"[""Podence""]",[],[],[],[],[],[],[],[],[],[]
2022-23,192,20,2023-01-14T17:30:00Z,4,Brentford,2,,Bournemouth,0,"[null,97]","[""Toney"",""Jensen""]",[],[],[103],"[""Dasilva""]",[],[],[],[],[],[]
2022-23,194,20,2023-01-15T14:00:00Z,8,Chelsea,1,5,Crystal Palace,0,[26],"[""Havertz""]",[],[],[null],"[""Ziyech""]",[],[],[],[],[],[]
2022-23,197,20,2023-01-15T14:00:00Z,,Newcastle,1,7,Fulham,0,[379],"[""Isak""]",[],[],[108],"[""Wilson""]",[],[],[],[],[],[]
2022-23,199,20,2023-01-15T16:30:00Z,16,Spurs,0,1,Arsenal,2,[],[],[15],"[""Ødegaard""]",[],[],[12],"[""Saka""]",[null],"[""Lloris""]",[],[]
2022-23,63,20,2023-01-18T20:00:00Z,5,Crystal Palace,1,,Man Utd,1,[null],"[""Olise""]",[426],"[""Fernandes""]",[null],"[""Schlupp""]",[null],"[""Eriksen""]",[],[],[],[]
2022-23,68,20,2023-01-19T20:00:00Z,,Man City,4,16,Spurs,2,"[null,null,411,null]","[""Mahrez"",""Mahrez"",""Haaland"",""Álvarez""]","[null,521]","[""Emerson Royal"",""Kulusevski""]","[null,402]","[""Mahrez"",""Rodri""]",[null],"[""Kane""]",[],[],[],[]
2022-23,207,21,2023-01-21T12:30:00Z,,Liverpool,0,8,Chelsea,0,[],[],[],[],[],[],[],[],[],[],[],[]
2022-23,202,21,2023-01-21T15:00:00Z,,Bournemouth,1,12,Nott'm Forest,1,[105],"[""Anthony""]",[null],"[""Surridge""]",[95],"[""Ouattara""]",[209],"[""Johnson""]",[],[],[],[]
2022-23,206,21,2023-01-21T15:00:00Z,,Leicester,2,6,Brighton,2,"[null,453]","[""Albrighton"",""Barnes""]","[121,139]","[""Mitoma"",""Ferguson""]","[43,null]","[""Tielemans"",""Thomas""]","[null,null]","[""Estupiñán"",""Estupiñán""]",[],[],[],[]
2022-23,209,21,2023-01-21T15:00:00Z,,Southampton,0,2,Aston Villa,1,[],[],[55],"[""Watkins""]",[],[],[null],"[""Douglas Luiz""]",[],[],[],[]
2022-23,210,21,2023-01-21T15:00:00Z,18,West Ham,2,,Everton,0,"[null,null]","[""Bowen"",""Bowen""]",[],[],"[null,null]","[""Antonio"",""Zouma""]",[],[],[],[],[],[]
2022-23,203,21,2023-01-21T17:30:00Z,5,Crystal Palace,0,,Newcastle,0,[],[],[],[],[],[],[],[],[],[],[],[]
2022-23,205,21,2023-01-22T14:00:00Z,10,Leeds,0,4,Brentford,0,[],[],[],[],[],[],[],[],[],[],[],[]
2022-23,208,21,2023-01-22T14:00:00Z,,Man City,3,,Wolves,0,"[411,411,411]","[""Haaland"",""Haaland"",""Haaland""]",[],[],"[null,null,null]","[""Gündogan"",""De Bruyne"",""Mahrez""]",[],[],[],[],[],[]
2022-23,201,21,2023-01-22T16:30:00Z,1,Arsenal,3,,Man Utd,2,"[224,224,12]","[""Nketiah"",""Nketiah"",""Saka""]","[429,419]","[""Rashford"",""Martínez""]","[544,15,null]","[""Xhaka"",""Ødegaard"",""Tomiyasu""]",[426],"[""Fernandes""]",[],[],[],[]
2022-23,204,21,2023-01-23T20:15:00Z,7,Fulham,0,16,Spurs,1,[],[],[null],"[""Kane""]",[],[],[null],"[""Son""]",[],[],[],[]
2022-23,214,22,2023-02-03T20:00:00Z,8,Chelsea,0,7,Fulham,0,[],[],[],[],[],[],[],[],[],[],[],[]
2022-23,215,22,2023-02-04T12:30:00Z,,Everton,1,1,Arsenal,0,[229],"[""Tarkowski""]",[],[],[241],"[""McNeil""]",[],[],[],[],[],[]
2022-23,211,22,2023-02-04T15:00:00Z,2,Aston Villa,2,,Leicester,4,[55],"[""Watkins""]","[515,null,null,null]","[""Maddison"",""Iheanacho"",""Praet"",""Tetê""]","[55,41]","[""Watkins"",""Buendía""]","[null,null,453,453]","[""Iheanacho"",""Iheanacho"",""Barnes"",""Barnes""]",[],[],[null],"[""Souttar""]"
2022-23,212,22,2023-02-04T15:00:00Z,4,Brentford,3,,Southampton,0,"[97,427,null]","[""Jensen"",""Mbeumo"",""Mee""]",[],[],"[89,464,427]","[""Henry"",""Wissa"",""Mbeumo""]",[],[],[],[],[],[]
2022-23,213,22,2023-02-04T15:00:00Z,6,Brighton,1,,Bournemouth,0,[121],"[""Mitoma""]",[],[],[null],"[""Sarmiento""]",[],[],[],[],[],[]
2022-23,216,22,2023-02-04T15:00:00Z,,Man Utd,2,5,Crystal Palace,1,"[426,429]","[""Fernandes"",""Rashford""]",[null],"[""Schlupp""]","[423,429]","[""Shaw"",""Rashford""]",[218],"[""C.Doucouré""]",[],[],[],[]
2022-23,220,22,2023-02-04T15:00:00Z,,Wolves,3,,Liverpool,0,"[null,null]","[""Dawson"",""Neves""]",[],[],"[null,null,null]","[""Hwang"",""Kilman"",""Adama""]",[],[],[],[],[null],"[""Matip""]"
2022-23,217,22,2023-02-04T17:30:00Z,,Newcastle,1,18,West Ham,1,[108],"[""Wilson""]",[null],"[""Paquetá""]",[339],"[""S.Longstaff""]",[13],"[""Rice""]",[],[],[],[]
2022-23,218,22,2023-02-05T14:00:00Z,12,Nott'm Forest,1,10,Leeds,0,[209],"[""Johnson""]",[],[],[],[],[],[],[],[],[],[]
2022-23,219,22,2023-02-05T16:30:00Z,16,Spurs,1,,Man City,0,[null],"[""Kane""]",[],[],[null],"[""Højbjerg""]",[],[],[],[],[],[]
2022-23,76,22,2023-02-08T20:00:00Z,,Man Utd,2,10,Leeds,2,"[429,null]","[""Rashford"",""Sancho""]",[341],"[""Gnonto""]",[417],"[""Dalot""]","[null,null]","[""Bamford"",""Summerville""]",[null],"[""Varane""]",[],[]
2022-23,230,23,2023-02-11T12:30:00Z,18,West Ham,1,8,Chelsea,1,[null],"[""Emerson""]",[null],"[""João Félix""]",[null],"[""Bowen""]",[155],"[""Enzo""]",[],[],[],[]
2022-23,221,23,2023-02-11T15:00:00Z,1,Arsenal,1,4,Brentford,1,[null],"[""Trossard""]",[null],"[""Toney""]",[12],"[""Saka""]",[21],"[""Nørgaard""]",[],[],[],[]
2022-23,223,23,2023-02-11T15:00:00Z,5,Crystal Palace,1,6,Brighton,1,[null],"[""Tomkins""]",[null],"[""March""]",[],[],[null],"[""Estupiñán""]",[],[],[],[]
2022-23,224,23,2023-02-11T15:00:00Z,7,Fulham,2,12,Nott'm Forest,0,"[null,null]","[""Solomon"",""Willian""]",[],[],[null],"[""Andreas""]",[],[],[],[],[],[]
2022-23,226,23,2023-02-11T15:00:00Z,,Leicester,4,16,Spurs,1,"[null,515,null,453]","[""Mendy"",""Maddison"",""Iheanacho"",""Barnes""]",[516],"[""Bentancur""]","[258,515,null,null]","[""Castagne"",""Maddison"",""Iheanacho"",""Souttar""]",[508],"[""Davies""]",[],[],[],[]
2022-23,229,23,2023-02-11T15:00:00Z,,Southampton,1,,Wolves,2,[243],"[""Alcaraz""]",[54],"[""João Gomes""]",[],[],[null],"[""Adama""]",[null],"[""Bednarek""]",[],[]
2022-23,222,23,2023-02-11T17:30:00Z,,Bournemouth,1,,Newcastle,1,[498],"[""Senesi""]",[null],"[""Almirón""]",[95],"[""Ouattara""]",[339],"[""S.Longstaff""]",[],[],[],[]
2022-23,225,23,2023-02-12T14:00:00Z,10,Leeds,0,,Man Utd,2,[],[],"[429,160]","[""Rashford"",""Garnacho""]",[],[],"[423,null]","[""Shaw"",""Weghorst""]",[],[],[],[]
2022-23,228,23,2023-02-12T16:30:00Z,,Man City,3,2,Aston Villa,1,"[null,null,402]","[""Gündogan"",""Mahrez"",""Rodri""]",[55],"[""Watkins""]","[null,238,411]","[""Mahrez"",""Grealish"",""Haaland""]",[null],"[""Douglas Luiz""]",[],[],[],[]
2022-23,227,23,2023-02-13T20:00:00Z,,Liverpool,2,,Everton,0,"[null,367]","[""Salah"",""Gakpo""]",[],[],[null],"[""Darwin""]",[],[],[],[],[],[]
2022-23,111,23,2023-02-15T19:30:00Z,1,Arsenal,1,,Man City,3,[12],"[""Saka""]","[null,238,411]","[""De Bruyne"",""Grealish"",""Haaland""]",[224],"[""Nketiah""]","[null,null]","[""Gündogan"",""De Bruyne""]",[],[],[],[]
2022-23,231,24,2023-02-18T12:30:00Z,2,Aston Villa,2,1,Arsenal,4,"[null,55]","[""Coutinho"",""Watkins""]","[12,18,null]","[""Saka"",""Martinelli"",""Zinchenko""]","[32,null]","[""Cash"",""Álex Moreno""]","[15,23,null]","[""Ødegaard"",""Fábio Vieira"",""Jorginho""]",[28],"[""Martínez""]",[],[]
2022-23,232,24,2023-02-18T15:00:00Z,4,Brentford,1,5,Crystal Palace,1,[98],"[""Janelt""]",[14],"[""Eze""]",[427],"[""Mbeumo""]",[null],"[""Olise""]",[],[],[],[]
2022-23,233,24,2023-02-18T15:00:00Z,6,Brighton,0,7,Fulham,1,[],[],[null],"[""Solomon""]",[],[],[null],"[""Vinícius""]",[],[],[],[]
2022-23,234,24,2023-02-18T15:00:00Z,8,Chelsea,0,,Southampton,1,[],[],[null],"[""Ward-Prowse""]",[],[],[null],"[""S.Armstrong""]",[],[],[],[]
2022-23,235,24,2023-02-18T15:00:00Z,,Everton,1,10,Leeds,0,[null],"[""Coleman""]",[],[],[261],"[""Iwobi""]",[],[],[],[],[],[]
2022-23,238,24,2023-02-18T15:00:00Z,12,Nott'm Forest,1,,Man City,1,[490],"[""Wood""]",[null],"[""Bernardo""]",[480],"[""Gibbs-White""]",[238],"[""Grealish""]",[],[],[],[]
2022-23,240,24,2023-02-18T15:00:00Z,,Wolves,0,,Bournemouth,1,[],[],[68],"[""Tavernier""]",[],[],[526],"[""Solanke""]",[],[],[],[]
2022-23,237,24,2023-02-18T17:30:00Z,,Newcastle,0,,Liverpool,2,[],[],"[null,367]","[""Darwin"",""Gakpo""]",[],[],"[null,null]","[""Salah"",""Alexander-Arnold""]",[],[],[],[]
2022-23,236,24,2023-02-19T14:00:00Z,,Man Utd,3,,Leicester,0,"[429,429,null]","[""Rashford"",""Rashford"",""Sancho""]",[],[],"[426,426,null]","[""Fernandes"",""Fernandes"",""Fred""]",[],[],[],[],[],[]
2022-23,239,24,2023-02-19T16:30:00Z,16,Spurs,2,18,West Ham,0,"[null,null]","[""Son"",""Emerson Royal""]",[],[],"[null,508]","[""Kane"",""Davies""]",[],[],[],[],[],[]
2022-23,244,25,2023-02-24T20:00:00Z,7,Fulham,1,,Wolves,1,[null],"[""Solomon""]",[null],"[""Sarabia""]",[254],"[""Robinson""]",[null],"[""Jiménez""]",[],[],[],[]
2022-23,243,25,2023-02-25T15:00:00Z,,Everton,0,2,Aston Villa,2,[],[],"[55,41]","[""Watkins"",""Buendía""]",[],[],"[45,45]","[""McGinn"",""McGinn""]",[],[],[],[]
2022-23,245,25,2023-02-25T15:00:00Z,10,Leeds,1,,Southampton,0,[null],"[""Firpo""]",[],[],[342],"[""Harrison""]",[],[],[],[],[],[]
2022-23,246,25,2023-02-25T15:00:00Z,,Leicester,0,1,Arsenal,1,[],[],[18],"[""Martinelli""]",[],[],[null],"[""Trossard""]",[],[],[],[]
2022-23,250,25,2023-02-25T15:00:00Z,18,West Ham,4,12,Nott'm Forest,0,"[null,null,null,13]","[""Ings"",""Ings"",""Antonio"",""Rice""]",[],[],"[null,null,null,null]","[""Benrahma"",""Benrahma"",""Bowen"",""Fornals""]",[],[],[],[],[],[]
2022-23,241,25,2023-02-25T17:30:00Z,,Bournemouth,1,,Man City,4,[213],"[""Lerma""]","[398,411,null]","[""Foden"",""Haaland"",""Álvarez""]",[526],"[""Solanke""]","[398,411,null]","[""Foden"",""Haaland"",""Álvarez""]",[null],"[""Mepham""]",[],[]
2022-23,242,25,2023-02-25T19:45:00Z,5,Crystal Palace,0,,Liverpool,0,[],[],[],[],[],[],[],[],[],[],[],[]
2022-23,249,25,2023-02-26T13:30:00Z,16,Spurs,2,8,Chelsea,0,"[null,null]","[""Kane"",""Skipp""]",[],[],[null],"[""Dier""]",[],[],[],[],[],[]
2022-23,61,25,2023-03-01T19:45:00Z,1,Arsenal,4,,Everton,0,"[18,18,15,12]","[""Martinelli"",""Martinelli"",""Ødegaard"",""Saka""]",[],[],"[224,12,null,null]","[""Nketiah"",""Saka"",""Trossard"",""Zinchenko""]",[],[],[],[],[],[]
2022-23,67,25,2023-03-01T20:00:00Z,,Liverpool,2,,Wolves,0,"[356,null]","[""Van Dijk"",""Salah""]",[],[],"[null,364]","[""Diogo Jota"",""Tsimikas""]",[],[],[],[],[],[]
2022-23,257,26,2023-03-04T12:30:00Z,,Man City,2,,Newcastle,0,"[null,398]","[""Bernardo"",""Foden""]",[],[],"[402,411]","[""Rodri"",""Haaland""]",[],[],[],[],[],[]
2022-23,251,26,2023-03-04T15:00:00Z,1,Arsenal,3,,Bournemouth,2,"[null,10,24]","[""Partey"",""White"",""Nelson""]","[null,498]","[""Billing"",""Senesi""]","[262,24]","[""Smith Rowe"",""Nelson""]",[null],"[""Rothwell""]",[],[],[],[]
2022-23,252,26,2023-03-04T15:00:00Z,2,Aston Villa,1,5,Crystal Palace,0,[],[],[],[],[32],"[""Cash""]",[],[],[],[],[253],"[""Andersen""]"
2022-23,254,26,2023-03-04T15:00:00Z,6,Brighton,4,18,West Ham,0,"[136,null,372,121]","[""Welbeck"",""Veltman"",""Mac Allister"",""Mitoma""]",[],[],"[124,372,121,128]","[""Groß"",""Mac Allister"",""Mitoma"",""Buonanotte""]",[],[],[],[],[],[]
2022-23,255,26,2023-03-04T15:00:00Z,8,Chelsea,1,10,Leeds,0,[145],"[""W.Fofana""]",[],[],[null],"[""Chilwell""]",[],[],[],[],[],[]
2022-23,260,26,2023-03-04T15:00:00Z,,Wolves,1,16,Spurs,0,[null],"[""Adama""]",[],[],[null],"[""Jiménez""]",[],[],[],[],[],[]
2022-23,259,26,2023-03-04T17:30:00Z,,Southampton,1,,Leicester,0,[243],"[""Alcaraz""]",[],[],[null],"[""Adams""]",[],[],[],[],[],[]
2022-23,258,26,2023-03-05T14:00:00Z,12,Nott'm Forest,2,,Everton,2,"[209,209]","[""Johnson"",""Johnson""]","[null,null]","[""A.Doucouré"",""Gray""]","[489,480]","[""Yates"",""Gibbs-White""]","[231,241]","[""Keane"",""McNeil""]",[],[],[],[]
2022-23,256,26,2023-03-05T16:30:00Z,,Liverpool,7,,Man Utd,0,"[null,null,null,null,367,367,null]","[""Salah"",""Salah"",""Darwin"",""Darwin"",""Gakpo"",""Gakpo"",""Firmino""]",[],[],"[null,null,101,null,502,383]","[""Salah"",""Salah"",""Henderson"",""Firmino"",""Robertson"",""Elliott""]",[],[],[],[],[],[]
2022-23,253,26,2023-03-06T20:00:00Z,4,Brentford,3,7,Fulham,2,"[null,97,91]","[""Toney"",""Jensen"",""Pinnock""]","[null,null]","[""Solomon"",""Vinícius""]","[21,90,94]","[""Nørgaard"",""Hickey"",""Schade""]","[null,null]","[""Andreas"",""Andreas""]",[],[],[],[]
2022-23,261,27,2023-03-11T12:30:00Z,,Bournemouth,1,,Liverpool,0,[null],"[""Billing""]",[],[],[95],"[""Ouattara""]",[],[],[],[],[],[]
2022-23,263,27,2023-03-11T15:00:00Z,,Everton,1,4,Brentford,0,[241],"[""McNeil""]",[],[],[null],"[""A.Doucouré""]",[],[],[],[],[],[]
2022-23,265,27,2023-03-11T15:00:00Z,10,Leeds,2,6,Brighton,2,"[null,342]","[""Bamford"",""Harrison""]",[372],"[""Mac Allister""]","[342,341]","[""Harrison"",""Gnonto""]",[121],"[""Mitoma""]",[342],"[""Harrison""]",[],[]
2022-23,266,27,2023-03-11T15:00:00Z,,Leicester,1,8,Chelsea,3,[null],"[""Daka""]","[406,null,26]","[""Kovacic"",""Chilwell"",""Havertz""]",[null],"[""Ricardo""]","[null,578,155]","[""Koulibaly"",""Mudryk"",""Enzo""]",[],[],[],[]
2022-23,269,27,2023-03-11T15:00:00Z,16,Spurs,3,12,Nott'm Forest,1,"[null,null,null]","[""Kane"",""Kane"",""Son""]",[null],"[""Worrall""]","[527,527,499]","[""Richarlison"",""Richarlison"",""Pedro Porro""]",[null],"[""Felipe""]",[],[],[],[]
2022-23,262,27,2023-03-11T17:30:00Z,5,Crystal Palace,0,,Man City,1,[],[],[411],"[""Haaland""]",[],[],[null],"[""Gündogan""]",[],[],[],[]
2022-23,264,27,2023-03-12T14:00:00Z,7,Fulham,0,1,Arsenal,3,[],[],"[15,4,18]","[""Ødegaard"",""Gabriel"",""Martinelli""]",[],[],"[null,null,null]","[""Trossard"",""Trossard"",""Trossard""]",[],[],[],[]
2022-23,267,27,2023-03-12T14:00:00Z,,Man Utd,0,,Southampton,0,[],[],[],[],[],[],[],[],[],[],[],[]
2022-23,270,27,2023-03-12T14:00:00Z,18,West Ham,1,2,Aston Villa,1,[null],"[""Benrahma""]",[55],"[""Watkins""]",[null],"[""Paquetá""]",[null],"[""Álex Moreno""]",[],[],[],[]
2022-23,268,27,2023-03-12T16:30:00Z,,Newcastle,2,,Wolves,1,"[null,379]","[""Almirón"",""Isak""]",[null],"[""Hwang""]","[null,460]","[""Trippier"",""Willock""]",[],[],[],[],[],[]
2022-23,73,27,2023-03-15T19:30:00Z,6,Brighton,1,5,Crystal Palace,0,[null],"[""March""]",[],[],[121],"[""Mitoma""]",[],[],[],[],[],[]
2022-23,69,27,2023-03-15T19:30:00Z,,Southampton,0,4,Brentford,2,[],[],"[null,464]","[""Toney"",""Wissa""]",[],[],"[21,null]","[""Nørgaard"",""Toney""]",[],[],[],[]
2022-23,278,28,2023-03-17T20:00:00Z,12,Nott'm Forest,1,,Newcastle,2,[null],"[""Dennis""]","[379,379]","[""Isak"",""Isak""]",[],[],[460],"[""Willock""]",[],[],[],[]
2022-23,272,28,2023-03-18T15:00:00Z,2,Aston Villa,3,,Bournemouth,0,"[41,null,456]","[""Buendía"",""Douglas Luiz"",""Ramsey""]",[],[],"[33,55,44]","[""Mings"",""Watkins"",""Bailey""]",[],[],[],[],[],[]
2022-23,273,28,2023-03-18T15:00:00Z,4,Brentford,1,,Leicester,1,[97],"[""Jensen""]",[453],"[""Barnes""]",[],[],[515],"[""Maddison""]",[],[],[],[]
2022-23,279,28,2023-03-18T15:00:00Z,,Southampton,3,16,Spurs,3,"[null,null,null]","[""Walcott"",""Ward-Prowse"",""Adams""]","[null,null,499]","[""Kane"",""Perišić"",""Pedro Porro""]","[null,null,null]","[""Maitland-Niles"",""Walcott"",""Mara""]","[null,521]","[""Son"",""Kulusevski""]",[],[],[],[]
2022-23,280,28,2023-03-18T15:00:00Z,,Wolves,2,10,Leeds,4,"[null,428]","[""Jonny"",""Cunha""]","[null,null,342,null]","[""Ayling"",""Rodrigo"",""Harrison"",""Kristensen""]",[],[],"[null,null,341]","[""Summerville"",""Roca"",""Gnonto""]",[],[],[],[]
2022-23,275,28,2023-03-18T17:30:00Z,8,Chelsea,2,,Everton,2,"[26,null]","[""Havertz"",""João Félix""]","[null,null]","[""A.Doucouré"",""Simms""]",[142],"[""James""]","[null,229]","[""A.Doucouré"",""Tarkowski""]",[],[],[],[]
2022-23,271,28,2023-03-19T14:00:00Z,1,Arsenal,4,5,Crystal Palace,1,"[12,12,544,18]","[""Saka"",""Saka"",""Xhaka"",""Martinelli""]",[null],"[""Schlupp""]","[null,10,12,null]","[""Tierney"",""White"",""Saka"",""Trossard""]",[],[],[],[],[],[]
2022-23,287,29,2023-04-01T11:30:00Z,,Man City,4,,Liverpool,1,"[null,null,238,null]","[""Gündogan"",""De Bruyne"",""Grealish"",""Álvarez""]",[null],"[""Salah""]","[null,null,238,null]","[""De Bruyne"",""Mahrez"",""Grealish"",""Álvarez""]",[null],"[""Diogo Jota""]",[],[],[],[]
2022-23,281,29,2023-04-01T14:00:00Z,1,Arsenal,4,10,Leeds,1,"[27,27,544,10]","[""Jesus"",""Jesus"",""Xhaka"",""White""]",[null],"[""Kristensen""]","[15,18,null]","[""Ødegaard"",""Martinelli"",""Trossard""]",[],[],[],[],[],[]
2022-23,282,29,2023-04-01T14:00:00Z,,Bournemouth,2,7,Fulham,1,"[526,68]","[""Solanke"",""Tavernier""]",[null],"[""Andreas""]",[75],"[""Christie""]",[270],"[""Reed""]",[],[],[],[]
2022-23,283,29,2023-04-01T14:00:00Z,6,Brighton,3,4,Brentford,3,"[136,372,121]","[""Welbeck"",""Mac Allister"",""Mitoma""]","[null,null,91]","[""Jansson"",""Toney"",""Pinnock""]","[111,null,null]","[""Steele"",""March"",""Undav""]","[427,427,97]","[""Mbeumo"",""Mbeumo"",""Jensen""]",[],[],[],[]
2022-23,285,29,2023-04-01T14:00:00Z,5,Crystal Palace,2,,Leicester,1,[223],"[""Mateta""]",[null],"[""Ricardo""]","[null,14]","[""J.Ayew"",""Eze""]",[258],"[""Castagne""]",[],[],[null],"[""Iversen""]"
2022-23,289,29,2023-04-01T14:00:00Z,12,Nott'm Forest,1,,Wolves,1,[209],"[""Johnson""]",[null],"[""Podence""]",[null],"[""Danilo""]",[156],"[""Neto""]",[],[],[],[]
2022-23,284,29,2023-04-01T16:30:00Z,8,Chelsea,0,2,Aston Villa,2,[],[],"[45,55]","[""McGinn"",""Watkins""]",[],[],"[null,456]","[""Douglas Luiz"",""Ramsey""]",[],[],[],[]
2022-23,290,29,2023-04-02T13:00:00Z,18,West Ham,1,,Southampton,0,[null],"[""Aguerd""]",[],[],[null],"[""Kehrer""]",[],[],[],[],[],[]
2022-23,288,29,2023-04-02T15:30:00Z,,Newcastle,2,,Man Utd,0,"[108,460]","[""Wilson"",""Willock""]",[],[],"[null,null]","[""Trippier"",""Saint-Maximin""]",[],[],[],[],[],[]
2022-23,286,29,2023-04-03T19:00:00Z,,Everton,1,16,Spurs,1,[231],"[""Keane""]",[null],"[""Kane""]",[null],"[""Godfrey""]",[500],"[""Romero""]",[],[],[],[]
2022-23,62,29,2023-04-04T18:45:00Z,,Bournemouth,0,6,Brighton,2,[],[],"[591,139]","[""Enciso"",""Ferguson""]",[],[],"[124,121]","[""Groß"",""Mitoma""]",[],[],[],[]
2022-23,65,29,2023-04-04T18:45:00Z,10,Leeds,2,12,Nott'm Forest,1,"[342,null]","[""Harrison"",""Sinisterra""]",[null],"[""Mangala""]","[null,null]","[""Firpo"",""Roca""]",[null],"[""Dennis""]",[],[],[],[]
2022-23,66,29,2023-04-04T18:45:00Z,,Leicester,1,2,Aston Villa,2,[453],"[""Barnes""]","[null,55]","[""Traoré"",""Watkins""]",[null],"[""Faes""]",[41],"[""Buendía""]",[],[],[],[]
2022-23,74,29,2023-04-04T19:00:00Z,8,Chelsea,0,,Liverpool,0,[],[],[],[],[],[],[],[],[],[],[],[]
2022-23,247,29,2023-04-05T19:00:00Z,,Man Utd,1,4,Brentford,0,[429],"[""Rashford""]",[],[],[null],"[""Sabitzer""]",[],[],[],[],[],[]
2022-23,70,29,2023-04-05T19:00:00Z,18,West Ham,1,,Newcastle,5,[null],"[""Zouma""]","[108,108,458,458,379]","[""Wilson"",""Wilson"",""Joelinton"",""Joelinton"",""Isak""]",[null],"[""Bowen""]","[457,446,null,452]","[""Murphy"",""Schär"",""Saint-Maximin"",""Bruno Guimarães""]",[],[],[],[]
2022-23,297,30,2023-04-08T11:30:00Z,,Man Utd,2,,Everton,0,"[null,null]","[""McTominay"",""Martial""]",[],[],"[429,null]","[""Rashford"",""Sancho""]",[],[],[],[],[],[]
2022-23,291,30,2023-04-08T14:00:00Z,2,Aston Villa,2,12,Nott'm Forest,0,"[null,55]","[""Traoré"",""Watkins""]",[],[],[456],"[""Ramsey""]",[],[],[],[],[],[]
2022-23,292,30,2023-04-08T14:00:00Z,4,Brentford,1,,Newcastle,2,[null],"[""Toney""]",[379],"[""Isak""]",[89],"[""Henry""]","[108,458]","[""Wilson"",""Joelinton""]",[1],"[""Raya""]",[],[]
2022-23,293,30,2023-04-08T14:00:00Z,7,Fulham,0,18,West Ham,1,[],[],[],[],[],[],[null],"[""Bowen""]",[270],"[""Reed""]",[],[]
2022-23,295,30,2023-04-08T14:00:00Z,,Leicester,0,,Bournemouth,1,[],[],[null],"[""Billing""]",[],[],[],[],[],[],[],[]
2022-23,299,30,2023-04-08T14:00:00Z,16,Spurs,2,6,Brighton,1,"[null,null]","[""Kane"",""Son""]",[116],"[""Dunk""]","[null,null]","[""Højbjerg"",""Perišić""]",[null],"[""March""]",[],[],[],[]
2022-23,300,30,2023-04-08T14:00:00Z,,Wolves,1,8,Chelsea,0,[389],"[""Matheus""]",[],[],[],[],[],[],[],[],[],[]
2022-23,298,30,2023-04-08T16:30:00Z,,Southampton,1,,Man City,4,[null],"[""Mara""]","[411,411,238,null]","[""Haaland"",""Haaland"",""Grealish"",""Álvarez""]",[null],"[""Djenepo""]","[null,null,238]","[""De Bruyne"",""De Bruyne"",""Grealish""]",[],[],[],[]
2022-23,294,30,2023-04-09T13:00:00Z,10,Leeds,1,5,Crystal Palace,5,[null],"[""Bamford""]","[null,null,null,388,14]","[""J.Ayew"",""J.Ayew"",""Edouard"",""Guéhi"",""Eze""]",[337],"[""Aaronson""]","[null,null,null,null,212]","[""Olise"",""Olise"",""Olise"",""Schlupp"",""Hughes""]",[],[],[],[]
2022-23,296,30,2023-04-09T15:30:00Z,,Liverpool,2,1,Arsenal,2,"[null,null]","[""Firmino"",""Salah""]","[18,27]","[""Martinelli"",""Jesus""]","[101,null]","[""Henderson"",""Alexander-Arnold""]",[18],"[""Martinelli""]",[],[],[],[]
2022-23,301,31,2023-04-15T11:30:00Z,2,Aston Villa,3,,Newcastle,0,"[55,55,456]","[""Watkins"",""Watkins"",""Ramsey""]",[],[],"[55,456,null]","[""Watkins"",""Ramsey"",""Álex Moreno""]",[],[],[],[],[],[]
2022-23,302,31,2023-04-15T14:00:00Z,8,Chelsea,1,6,Brighton,2,[519],"[""Gallagher""]","[136,591]","[""Welbeck"",""Enciso""]",[578],"[""Mudryk""]","[124,null]","[""Groß"",""March""]",[],[],[],[]
2022-23,303,31,2023-04-15T14:00:00Z,,Everton,1,7,Fulham,3,[241],"[""McNeil""]","[270,260,343]","[""Reed"",""Wilson"",""James""]",[239],"[""Garner""]","[343,null]","[""James"",""Willian""]",[],[],[],[]
2022-23,307,31,2023-04-15T14:00:00Z,,Southampton,0,5,Crystal Palace,2,[],[],"[14,14]","[""Eze"",""Eze""]",[],[],[218],"[""C.Doucouré""]",[],[],[],[]
2022-23,310,31,2023-04-15T14:00:00Z,,Wolves,2,4,Brentford,0,"[null,null]","[""Hwang"",""Diego Costa""]",[],[],[],[],[],[],[],[],[],[]
2022-23,308,31,2023-04-15T14:15:00Z,16,Spurs,2,,Bournemouth,3,"[null,null]","[""Son"",""Danjuma""]","[526,95,null]","[""Solanke"",""Ouattara"",""Viña""]",[null],"[""Perišić""]","[526,526]","[""Solanke"",""Solanke""]",[],[],[],[]
2022-23,305,31,2023-04-15T16:30:00Z,,Man City,3,,Leicester,1,"[411,411,null]","[""Haaland"",""Haaland"",""Stones""]",[null],"[""Iheanacho""]","[null,238,402]","[""De Bruyne"",""Grealish"",""Rodri""]",[],[],[],[],[],[]
2022-23,309,31,2023-04-16T13:00:00Z,18,West Ham,2,1,Arsenal,2,"[null,null]","[""Benrahma"",""Bowen""]","[15,27]","[""Ødegaard"",""Jesus""]","[null,null]","[""Kehrer"",""Paquetá""]","[10,18]","[""White"",""Martinelli""]",[],[],[],[]
2022-23,306,31,2023-04-16T15:30:00Z,12,Nott'm Forest,0,,Man Utd,2,[],[],"[417,null]","[""Dalot"",""Antony""]",[],[],"[null,null]","[""Martial"",""Antony""]",[],[],[],[]
2022-23,304,31,2023-04-17T19:00:00Z,10,Leeds,1,,Liverpool,6,[null],"[""Sinisterra""]","[null,null,null,null,null,367]","[""Salah"",""Salah"",""Diogo Jota"",""Diogo Jota"",""Darwin"",""Gakpo""]",[],[],"[null,null,101,null,373,367]","[""Alexander-Arnold"",""Alexander-Arnold"",""Henderson"",""Diogo Jota"",""Jones"",""Gakpo""]",[],[],[],[]
2022-23,311,32,2023-04-21T19:00:00Z,1,Arsenal,3,,Southampton,3,"[15,12,18]","[""Ødegaard"",""Saka"",""Martinelli""]","[null,null,243]","[""Walcott"",""Caleta-Car"",""Alcaraz""]","[10,12,24]","[""White"",""Saka"",""Nelson""]","[null,243]","[""Bella-Kotchap"",""Alcaraz""]",[],[],[],[]
2022-23,316,32,2023-04-22T11:30:00Z,7,Fulham,2,10,Leeds,1,"[260,null]","[""Wilson"",""Andreas""]",[],[],[null],"[""Willian""]",[null],"[""Bamford""]",[null],"[""Palhinha""]",[],[]
2022-23,313,32,2023-04-22T14:00:00Z,4,Brentford,1,2,Aston Villa,1,[null],"[""Toney""]",[null],"[""Douglas Luiz""]",[427],"[""Mbeumo""]",[41],"[""Buendía""]",[],[],[],[]
2022-23,315,32,2023-04-22T14:00:00Z,5,Crystal Palace,0,,Everton,0,[],[],[],[],[],[],[],[],[],[],[],[]
2022-23,317,32,2023-04-22T14:00:00Z,,Leicester,2,,Wolves,1,"[258,null]","[""Castagne"",""Iheanacho""]",[428],"[""Cunha""]","[null,null]","[""Vardy"",""Kristiansen""]",[null],"[""Lemina""]",[],[],[],[]
2022-23,318,32,2023-04-22T14:00:00Z,,Liverpool,3,12,Nott'm Forest,2,"[null,null,null]","[""Diogo Jota"",""Diogo Jota"",""Salah""]","[469,480]","[""N.Williams"",""Gibbs-White""]","[null,502,null]","[""Fabinho"",""Robertson"",""Alexander-Arnold""]",[480],"[""Gibbs-White""]",[],[],[],[]
2022-23,312,32,2023-04-23T13:00:00Z,,Bournemouth,0,18,West Ham,4,[],[],"[null,13,null,null]","[""Antonio"",""Rice"",""Fornals"",""Paquetá""]",[],[],"[null,null,null,null]","[""Cresswell"",""Coufal"",""Bowen"",""Soucek""]",[],[],[],[]
2022-23,320,32,2023-04-23T13:00:00Z,,Newcastle,6,16,Spurs,1,"[457,457,379,379,108,458]","[""Murphy"",""Murphy"",""Isak"",""Isak"",""Wilson"",""Joelinton""]",[null],"[""Kane""]","[446,446,null,339,458,460]","[""Schär"",""Schär"",""Almirón"",""S.Longstaff"",""Joelinton"",""Willock""]",[null],"[""Højbjerg""]",[],[],[],[]
2022-23,327,33,2023-04-25T18:30:00Z,,Wolves,2,5,Crystal Palace,0,[null],"[""Neves""]",[],[],"[null,156]","[""Neves"",""Neto""]",[],[],[],[],[253],"[""Andersen""]"
2022-23,321,33,2023-04-25T18:45:00Z,2,Aston Villa,1,7,Fulham,0,[33],"[""Mings""]",[],[],[45],"[""McGinn""]",[],[],[],[],[],[]
2022-23,323,33,2023-04-25T19:00:00Z,10,Leeds,1,,Leicester,1,[null],"[""Sinisterra""]",[null],"[""Vardy""]",[342],"[""Harrison""]",[515],"[""Maddison""]",[],[],[],[]
2022-23,324,33,2023-04-26T18:30:00Z,12,Nott'm Forest,3,6,Brighton,1,"[480,null]","[""Gibbs-White"",""Danilo""]",[128],"[""Buonanotte""]","[492,null]","[""Awoniyi"",""Renan Lodi""]",[null],"[""March""]",[],[],[124],"[""Groß""]"
2022-23,328,33,2023-04-26T18:45:00Z,8,Chelsea,0,4,Brentford,2,[],[],[427],"[""Mbeumo""]",[],[],"[null,null]","[""Baptiste"",""Zanka""]",[null],"[""Azpilicueta""]",[],[]
2022-23,326,33,2023-04-26T18:45:00Z,18,West Ham,1,,Liverpool,2,[null],"[""Paquetá""]","[null,367]","[""Matip"",""Gakpo""]",[null],"[""Antonio""]","[502,null]","[""Robertson"",""Alexander-Arnold""]",[],[],[],[]
2022-23,329,33,2023-04-26T19:00:00Z,,Man City,4,1,Arsenal,1,"[null,null,null,411]","[""De Bruyne"",""De Bruyne"",""Stones"",""Haaland""]",[null],"[""Holding""]","[411,411,null,398]","[""Haaland"",""Haaland"",""De Bruyne"",""Foden""]",[null],"[""Trossard""]",[],[],[],[]
2022-23,322,33,2023-04-27T18:45:00Z,,Everton,1,,Newcastle,4,[241],"[""McNeil""]","[108,108,457,458]","[""Wilson"",""Wilson"",""Murphy"",""Joelinton""]",[],[],"[460,452]","[""Willock"",""Bruno Guimarães""]",[],[],[],[]
2022-23,330,33,2023-04-27T18:45:00Z,,Southampton,0,,Bournemouth,1,[],[],[68],"[""Tavernier""]",[],[],[526],"[""Solanke""]",[],[],[],[]
2022-23,325,33,2023-04-27T19:15:00Z,16,Spurs,2,,Man Utd,2,"[null,499]","[""Son"",""Pedro Porro""]","[429,null]","[""Rashford"",""Sancho""]","[null,null]","[""Kane"",""Kane""]","[426,429]","[""Fernandes"",""Rashford""]",[],[],[],[]
2022-23,335,34,2023-04-29T11:30:00Z,5,Crystal Palace,4,18,West Ham,3,"[null,null,null,14]","[""J.Ayew"",""Zaha"",""Schlupp"",""Eze""]","[null,null,null]","[""Antonio"",""Soucek"",""Aguerd""]",[null],"[""Olise""]","[null,null]","[""Soucek"",""Soucek""]",[],[],[],[]
2022-23,333,34,2023-04-29T14:00:00Z,4,Brentford,2,12,Nott'm Forest,1,"[null,103]","[""Toney"",""Dasilva""]",[null],"[""Danilo""]","[104,104]","[""Onyeka"",""Onyeka""]",[480],"[""Gibbs-White""]",[],[],[],[]
2022-23,334,34,2023-04-29T14:00:00Z,6,Brighton,6,,Wolves,0,"[136,136,124,124,null,null]","[""Welbeck"",""Welbeck"",""Groß"",""Groß"",""Undav"",""Undav""]",[],[],"[591,591,136,null]","[""Enciso"",""Enciso"",""Welbeck"",""Estupiñán""]",[],[],[],[],[],[]
2022-23,332,34,2023-04-30T13:00:00Z,,Bournemouth,4,10,Leeds,1,"[213,213,526,397]","[""Lerma"",""Lerma"",""Solanke"",""Semenyo""]",[null],"[""Bamford""]","[null,105]","[""Billing"",""Anthony""]",[341],"[""Gnonto""]",[],[],[],[]
2022-23,336,34,2023-04-30T13:00:00Z,7,Fulham,1,,Man City,2,[null],"[""Vinícius""]","[411,null]","[""Haaland"",""Álvarez""]",[260],"[""Wilson""]","[null,null]","[""Mahrez"",""Álvarez""]",[],[],[],[]
2022-23,339,34,2023-04-30T13:00:00Z,,Man Utd,1,2,Aston Villa,0,[426],"[""Fernandes""]",[],[],[429],"[""Rashford""]",[],[],[],[],[],[]
2022-23,340,34,2023-04-30T13:00:00Z,,Newcastle,3,,Southampton,1,"[108,108]","[""Wilson"",""Wilson""]",[null],"[""S.Armstrong""]","[447,379]","[""Botman"",""Isak""]",[null],"[""Kamaldeen""]",[],[],[null],"[""Walcott""]"
2022-23,338,34,2023-04-30T15:30:00Z,,Liverpool,4,16,Spurs,3,"[null,null,373,null]","[""Salah"",""Diogo Jota"",""Jones"",""Luis Díaz""]","[null,null,527]","[""Kane"",""Son"",""Richarlison""]","[367,367,null]","[""Gakpo"",""Gakpo"",""Alexander-Arnold""]","[null,500,null]","[""Son"",""Romero"",""Perišić""]",[],[],[],[]
2022-23,337,34,2023-05-01T19:00:00Z,,Leicester,2,,Everton,2,"[null,null]","[""Vardy"",""Söyüncü""]","[261,346]","[""Iwobi"",""Calvert-Lewin""]","[515,null]","[""Maddison"",""Faes""]",[],[],[],[],[],[]
2022-23,331,34,2023-05-02T19:00:00Z,1,Arsenal,3,8,Chelsea,1,"[15,15,27]","[""Ødegaard"",""Ødegaard"",""Jesus""]",[16],"[""Madueke""]","[544,544,544]","[""Xhaka"",""Xhaka"",""Xhaka""]",[406],"[""Kovacic""]",[],[],[],[]
2022-23,276,34,2023-05-03T19:00:00Z,,Liverpool,1,7,Fulham,0,[null],"[""Salah""]",[],[],[null],"[""Darwin""]",[],[],[],[],[],[]
2022-23,277,34,2023-05-03T19:00:00Z,,Man City,3,18,West Ham,0,"[null,398,411]","[""Aké"",""Foden"",""Haaland""]",[],[],"[null,238]","[""Mahrez"",""Grealish""]",[],[],[],[],[],[]
2022-23,274,34,2023-05-04T19:00:00Z,6,Brighton,1,,Man Utd,0,[372],"[""Mac Allister""]",[],[],[],[],[],[],[],[],[],[]
2022-23,341,35,2023-05-06T14:00:00Z,,Bournemouth,1,8,Chelsea,3,[null],"[""Viña""]","[519,146,null]","[""Gallagher"",""Badiashile"",""João Félix""]",[75],"[""Christie""]","[null,null,null]","[""Kanté"",""Ziyech"",""Sterling""]",[],[],[],[]
2022-23,345,35,2023-05-06T14:00:00Z,,Man City,2,10,Leeds,1,"[null,null]","[""Gündogan"",""Gündogan""]",[null],"[""Rodrigo""]","[null,null]","[""Mahrez"",""Mahrez""]",[null],"[""Firpo""]",[],[],[],[]
2022-23,348,35,2023-05-06T14:00:00Z,16,Spurs,1,5,Crystal Palace,0,[null],"[""Kane""]",[],[],[499],"[""Pedro Porro""]",[],[],[],[],[],[]
2022-23,350,35,2023-05-06T14:00:00Z,,Wolves,1,2,Aston Villa,0,[null],"[""Toti""]",[],[],[null],"[""Neves""]",[],[],[],[],[],[]
2022-23,344,35,2023-05-06T16:30:00Z,,Liverpool,1,4,Brentford,0,[null],"[""Salah""]",[],[],[356],"[""Van Dijk""]",[],[],[],[],[],[]
2022-23,346,35,2023-05-07T15:30:00Z,,Newcastle,0,1,Arsenal,2,[],[],[15],"[""Ødegaard""]",[],[],"[18,null]","[""Martinelli"",""Jorginho""]",[446],"[""Schär""]",[],[]
2022-23,349,35,2023-05-07T18:00:00Z,18,West Ham,1,,Man Utd,0,[null],"[""Benrahma""]",[],[],[],[],[],[],[],[],[],[]
2022-23,343,35,2023-05-08T14:00:00Z,7,Fulham,5,,Leicester,3,"[266,266,null,null,null]","[""Cairney"",""Cairney"",""Willian"",""Willian"",""Vinícius""]","[453,453,515]","[""Barnes"",""Barnes"",""Maddison""]","[270,260,256,254,null]","[""Reed"",""Wilson"",""Tete"",""Robinson"",""Vinícius""]","[515,null]","[""Maddison"",""Daka""]",[],[],[],[]
2022-23,342,35,2023-05-08T16:30:00Z,6,Brighton,1,,Everton,5,[372],"[""Mac Allister""]","[null,null,241,241]","[""A.Doucouré"",""A.Doucouré"",""McNeil"",""McNeil""]",[121],"[""Mitoma""]","[241,241,261,346,48]","[""McNeil"",""McNeil"",""Iwobi"",""Calvert-Lewin"",""Onana""]",[111],"[""Steele""]",[],[]
2022-23,347,35,2023-05-08T19:00:00Z,12,Nott'm Forest,4,,Southampton,3,"[492,492,480,null]","[""Awoniyi"",""Awoniyi"",""Gibbs-White"",""Danilo""]","[null,null,243]","[""Ward-Prowse"",""Lyanco"",""Alcaraz""]","[209,209,480,null]","[""Johnson"",""Johnson"",""Gibbs-White"",""Danilo""]","[161,null,null]","[""Lavia"",""S.Armstrong"",""Ward-Prowse""]",[],[],[],[]
2022-23,357,36,2023-05-13T11:30:00Z,10,Leeds,2,,Newcastle,2,"[null,null]","[""Ayling"",""Kristensen""]","[108,108]","[""Wilson"",""Wilson""]","[null,null]","[""Rodrigo"",""Bamford""]","[460,379]","[""Willock"",""Isak""]",[],[],[],[]
2022-23,352,36,2023-05-13T14:00:00Z,2,Aston Villa,2,16,Spurs,1,"[null,456]","[""Douglas Luiz"",""Ramsey""]",[null],"[""Kane""]","[55,44]","[""Watkins"",""Bailey""]",[],[],[],[],[],[]
2022-23,354,36,2023-05-13T14:00:00Z,8,Chelsea,2,12,Nott'm Forest,2,"[null,null]","[""Sterling"",""Sterling""]","[492,492]","[""Awoniyi"",""Awoniyi""]",[null],"[""Loftus-Cheek""]","[null,null]","[""Mangala"",""Renan Lodi""]",[],[],[],[]
2022-23,355,36,2023-05-13T14:00:00Z,5,Crystal Palace,2,,Bournemouth,0,"[14,14]","[""Eze"",""Eze""]",[],[],"[null,null]","[""J.Ayew"",""Olise""]",[],[],[],[],[],[]
2022-23,359,36,2023-05-13T14:00:00Z,,Man Utd,2,,Wolves,0,"[null,160]","[""Martial"",""Garnacho""]",[],[],"[426,null]","[""Fernandes"",""Antony""]",[],[],[],[],[],[]
2022-23,360,36,2023-05-13T14:00:00Z,,Southampton,0,7,Fulham,2,[],[],"[null,null]","[""Mitrović"",""Vinícius""]",[],[],"[270,260]","[""Reed"",""Wilson""]",[],[],[],[]
2022-23,353,36,2023-05-14T13:00:00Z,4,Brentford,2,18,West Ham,0,"[464,427]","[""Wissa"",""Mbeumo""]",[],[],"[97,null]","[""Jensen"",""Mee""]",[],[],[],[],[],[]
2022-23,356,36,2023-05-14T13:00:00Z,,Everton,0,,Man City,3,[],[],"[null,null,411]","[""Gündogan"",""Gündogan"",""Haaland""]",[],[],"[null,null,398]","[""Gündogan"",""Mahrez"",""Foden""]",[],[],[],[]
2022-23,351,36,2023-05-14T15:30:00Z,1,Arsenal,0,6,Brighton,3,[],[],"[null,591,null]","[""Undav"",""Enciso"",""Estupiñán""]",[],[],"[124,null,null]","[""Groß"",""Undav"",""Estupiñán""]",[],[],[],[]
2022-23,358,36,2023-05-15T19:00:00Z,,Leicester,0,,Liverpool,3,[],[],"[373,373,null]","[""Jones"",""Jones"",""Alexander-Arnold""]",[],[],"[null,null,null]","[""Salah"",""Salah"",""Salah""]",[],[],[],[]
2022-23,248,36,2023-05-18T18:30:00Z,,Newcastle,4,6,Brighton,1,"[108,448,452]","[""Wilson"",""Burn"",""Bruno Guimarães""]",[null],"[""Undav""]","[null,null,108,null]","[""Trippier"",""Trippier"",""Wilson"",""Almirón""]",[null],"[""Gilmour""]",[],[],[null],"[""Undav""]"
2022-23,368,37,2023-05-20T11:30:00Z,16,Spurs,1,4,Brentford,3,[null],"[""Kane""]","[427,427,464]","[""Mbeumo"",""Mbeumo"",""Wissa""]",[521],"[""Kulusevski""]","[464,427,90]","[""Wissa"",""Mbeumo"",""Hickey""]",[],[],[],[]
2022-23,361,37,2023-05-20T14:00:00Z,,Bournemouth,0,,Man Utd,1,[],[],[null],"[""Casemiro""]",[],[],[null],"[""Eriksen""]",[],[],[],[]
2022-23,363,37,2023-05-20T14:00:00Z,7,Fulham,2,5,Crystal Palace,2,"[null,null]","[""Mitrović"",""Mitrović""]","[null,null]","[""Ward"",""Edouard""]","[260,null]","[""Wilson"",""Willian""]",[14],"[""Eze""]",[],[],[],[]
2022-23,364,37,2023-05-20T14:00:00Z,,Liverpool,1,2,Aston Villa,1,[null],"[""Firmino""]",[456],"[""Ramsey""]",[null],"[""Salah""]",[null],"[""Douglas Luiz""]",[],[],[],[]
2022-23,370,37,2023-05-20T14:00:00Z,,Wolves,1,,Everton,1,[null],"[""Hwang""]",[null],"[""Mina""]",[null],"[""Adama""]",[231],"[""Keane""]",[],[],[],[]
2022-23,367,37,2023-05-20T16:30:00Z,12,Nott'm Forest,1,1,Arsenal,0,[492],"[""Awoniyi""]",[],[],[480],"[""Gibbs-White""]",[],[],[],[],[],[]
2022-23,369,37,2023-05-21T12:30:00Z,18,West Ham,3,10,Leeds,1,"[null,null,13]","[""Lanzini"",""Bowen"",""Rice""]",[null],"[""Rodrigo""]","[null,null,null]","[""Ings"",""Bowen"",""Paquetá""]",[null],"[""McKennie""]",[],[],[],[]
2022-23,362,37,2023-05-21T13:00:00Z,6,Brighton,3,,Southampton,1,"[139,139,124]","[""Ferguson"",""Ferguson"",""Groß""]",[null],"[""Elyounoussi""]","[372,121,149]","[""Mac Allister"",""Mitoma"",""Colwill""]",[null],"[""Ward-Prowse""]",[],[],[],[]
2022-23,365,37,2023-05-21T15:00:00Z,,Man City,1,8,Chelsea,0,[null],"[""Álvarez""]",[],[],[154],"[""Palmer""]",[],[],[],[],[],[]
2022-23,366,37,2023-05-22T19:00:00Z,,Newcastle,0,,Leicester,0,[],[],[],[],[],[],[],[],[],[],[],[]
2022-23,314,37,2023-05-24T19:00:00Z,6,Brighton,1,,Man City,1,[591],"[""Enciso""]",[398],"[""Foden""]",[149],"[""Colwill""]",[411],"[""Haaland""]",[],[],[],[]
2022-23,319,37,2023-05-25T19:00:00Z,,Man Utd,4,8,Chelsea,1,"[426,429,null,null]","[""Fernandes"",""Rashford"",""Martial"",""Casemiro""]",[null],"[""João Félix""]","[null,null]","[""Sancho"",""Eriksen""]",[null],"[""Ziyech""]",[],[],[],[]
2022-23,371,38,2023-05-28T15:30:00Z,1,Arsenal,5,,Wolves,0,"[544,544,12,27,null]","[""Xhaka"",""Xhaka"",""Saka"",""Jesus"",""Kiwior""]",[],[],"[null,null,262,27]","[""Trossard"",""Trossard"",""Smith Rowe"",""Jesus""]",[],[],[],[],[],[]
2022-23,372,38,2023-05-28T15:30:00Z,2,Aston Villa,2,6,Brighton,1,"[55,null]","[""Watkins"",""Douglas Luiz""]",[null],"[""Undav""]","[456,456]","[""Ramsey"",""Ramsey""]",[124],"[""Groß""]",[],[],[],[]
2022-23,373,38,2023-05-28T15:30:00Z,4,Brentford,1,,Man City,0,[91],"[""Pinnock""]",[],[],[427],"[""Mbeumo""]",[],[],[],[],[],[]
2022-23,374,38,2023-05-28T15:30:00Z,8,Chelsea,1,,Newcastle,1,[],[],[null],"[""Gordon""]",[null],"[""Sterling""]",[481],"[""Anderson""]",[],[],[null],"[""Trippier""]"
2022-23,375,38,2023-05-28T15:30:00Z,5,Crystal Palace,1,12,Nott'm Forest,1,[212],"[""Hughes""]",[492],"[""Awoniyi""]",[null],"[""Olise""]",[480],"[""Gibbs-White""]",[],[],[],[]
2022-23,376,38,2023-05-28T15:30:00Z,,Everton,1,,Bournemouth,0,[null],"[""A.Doucouré""]",[],[],[],[],[],[],[],[],[],[]
2022-23,377,38,2023-05-28T15:30:00Z,10,Leeds,1,16,Spurs,4,[342],"[""Harrison""]","[null,null,null,499]","[""Kane"",""Kane"",""Lucas Moura"",""Pedro Porro""]",[125],"[""Rutter""]","[null,null,518,499]","[""Kane"",""Son"",""Sarr"",""Pedro Porro""]",[],[],[],[]
2022-23,378,38,2023-05-28T15:30:00Z,,Leicester,2,18,West Ham,1,"[453,null]","[""Barnes"",""Faes""]",[null],"[""Fornals""]","[43,null]","[""Tielemans"",""Iheanacho""]",[null],"[""Ings""]",[],[],[],[]
2022-23,379,38,2023-05-28T15:30:00Z,,Man Utd,2,7,Fulham,1,"[426,null]","[""Fernandes"",""Sancho""]",[256],"[""Tete""]",[null],"[""Fred""]",[null],"[""Willian""]",[],[],[],[]
2022-23,380,38,2023-05-28T15:30:00Z,,Southampton,4,,Liverpool,4,"[null,null,null,null]","[""Kamaldeen"",""Kamaldeen"",""Ward-Prowse"",""A.Armstrong""]","[null,null,null,367]","[""Diogo Jota"",""Diogo Jota"",""Firmino"",""Gakpo""]","[null,null,243]","[""Walcott"",""Lyanco"",""Alcaraz""]","[null,null,null]","[""Fabinho"",""Salah"",""Alexander-Arnold""]",[],[],[],[]
2023-24,1,1,2023-08-11T19:00:00Z,,Burnley,0,,Man City,3,[],[],"[411,411,402]","[""Haaland"",""Haaland"",""Rodrigo""]",[],[],"[null,402]","[""J.Alvarez"",""Rodrigo""]",[],[],[],[]
2023-24,2,1,2023-08-12T12:00:00Z,1,Arsenal,2,12,Nott'm Forest,1,"[224,12]","[""Nketiah"",""Saka""]",[492],"[""Awoniyi""]","[18,6]","[""Martinelli"",""Saliba""]",[454],"[""Elanga""]",[],[],[],[]
2023-24,3,1,2023-08-12T14:00:00Z,,Bournemouth,1,18,West Ham,1,[526],"[""Solanke""]",[null],"[""Bowen""]",[397],"[""Semenyo""]",[null],"[""Souček""]",[],[],[],[]
2023-24,4,1,2023-08-12T14:00:00Z,6,Brighton,4,,Luton,1,"[546,139,165,null]","[""Adingra"",""Ferguson"",""João Pedro"",""March""]",[null],"[""Morris""]","[null,121]","[""Estupiñan"",""Mitoma""]",[null],"[""Brown""]",[],[],[],[]
2023-24,5,1,2023-08-12T14:00:00Z,,Everton,0,7,Fulham,1,[],[],[null],"[""De Cordova-Reid""]",[],[],[null],"[""Andreas""]",[],[],[],[]
2023-24,7,1,2023-08-12T14:00:00Z,,Sheffield Utd,0,5,Crystal Palace,1,[],[],[null],"[""Edouard""]",[],[],[null],"[""J.Ayew""]",[],[],[],[]
2023-24,6,1,2023-08-12T16:30:00Z,,Newcastle,5,2,Aston Villa,1,"[379,379,455,108,453]","[""Isak"",""Isak"",""Tonali"",""Wilson"",""Barnes""]",[null],"[""Diaby""]","[447,null,457,453]","[""Botman"",""Gordon"",""J.Murphy"",""Barnes""]",[55],"[""Watkins""]",[],[],[],[]
2023-24,8,1,2023-08-13T13:00:00Z,4,Brentford,2,16,Spurs,2,"[427,464]","[""Mbeumo"",""Wissa""]","[null,500]","[""E.Royal"",""Romero""]","[89,97]","[""Henry"",""Jensen""]","[515,515]","[""Maddison"",""Maddison""]",[],[],[],[]
2023-24,9,1,2023-08-13T15:30:00Z,8,Chelsea,1,,Liverpool,1,[153],"[""Disasi""]",[null],"[""Luis Díaz""]",[null],"[""Chilwell""]",[null],"[""Salah""]",[],[],[],[]
2023-24,10,1,2023-08-14T19:00:00Z,,Man Utd,1,,Wolves,0,[null],"[""R.Varane""]",[],[],[611],"[""Wan-Bissaka""]",[],[],[],[],[],[]
2023-24,17,2,2023-08-18T18:45:00Z,12,Nott'm Forest,2,,Sheffield Utd,1,"[492,490]","[""Awoniyi"",""Wood""]",[null],"[""Hamer""]","[null,null]","[""Aurier"",""Aurier""]",[],[],[],[],[],[]
2023-24,13,2,2023-08-19T14:00:00Z,7,Fulham,0,4,Brentford,3,[],[],"[427,427,464]","[""Mbeumo"",""Mbeumo"",""Wissa""]",[],[],"[87,464]","[""Ajer"",""Wissa""]",[],[],[],[]
2023-24,14,2,2023-08-19T14:00:00Z,,Liverpool,3,,Bournemouth,1,"[null,null,null]","[""Diogo J."",""Luis Díaz"",""Salah""]",[397],"[""Semenyo""]","[null,368]","[""Diogo J."",""Szoboszlai""]",[526],"[""Solanke""]",[],[],[],[]
2023-24,20,2,2023-08-19T14:00:00Z,,Wolves,1,6,Brighton,4,[null],"[""Hee Chan""]","[null,null,null,121]","[""March"",""March"",""Estupiñan"",""Mitoma""]",[null],"[""Sarabia""]","[591,591,null,121]","[""Enciso"",""Enciso"",""Estupiñan"",""Mitoma""]",[],[],[],[]
2023-24,18,2,2023-08-19T16:30:00Z,16,Spurs,2,,Man Utd,0,[518],"[""Sarr""]",[],[],[508],"[""Davies""]",[],[],[],[],[419],"[""Martinez""]"
2023-24,16,2,2023-08-19T19:00:00Z,,Man City,1,,Newcastle,0,[null],"[""J.Alvarez""]",[],[],[398],"[""Foden""]",[],[],[],[],[],[]
2023-24,11,2,2023-08-20T13:00:00Z,2,Aston Villa,4,,Everton,0,"[44,null,null,45]","[""Bailey"",""Douglas Luiz"",""Duran"",""McGinn""]",[],[],"[44,30,55]","[""Bailey"",""Digne"",""Watkins""]",[],[],[],[],[],[]
2023-24,19,2,2023-08-20T15:30:00Z,18,West Ham,3,8,Chelsea,1,"[null,null,null]","[""N.Aguerd"",""Antonio"",""L.Paquetá""]",[null],"[""Chukwuemeka""]","[null,null,null]","[""Ward-Prowse"",""Ward-Prowse"",""Emerson""]",[],[],[],[],[],[]
2023-24,12,2,2023-08-21T19:00:00Z,5,Crystal Palace,0,1,Arsenal,1,[],[],[15],"[""Ødegaard""]",[],[],[224],"[""Nketiah""]",[],[],[],[]
2023-24,26,3,2023-08-25T19:00:00Z,8,Chelsea,3,,Luton,0,"[null,null,166]","[""Sterling"",""Sterling"",""N.Jackson""]",[],[],"[144,144,null]","[""Gusto"",""Gusto"",""Sterling""]",[],[],[],[],[],[]
2023-24,22,3,2023-08-26T11:30:00Z,,Bournemouth,0,16,Spurs,2,[],[],"[521,515]","[""Kulusevski"",""Maddison""]",[],[],"[518,506]","[""Sarr"",""Udogie""]",[],[],[],[]
2023-24,21,3,2023-08-26T14:00:00Z,1,Arsenal,2,7,Fulham,2,"[224,12]","[""Nketiah"",""Saka""]","[null,null]","[""Andreas"",""J.Palhinha""]","[23,23]","[""Fábio Vieira"",""Fábio Vieira""]",[270],"[""Reed""]",[],[],[],[]
2023-24,23,3,2023-08-26T14:00:00Z,4,Brentford,1,5,Crystal Palace,1,[94],"[""Schade""]",[253],"[""Andersen""]",[21],"[""Nørgaard""]",[null],"[""J.Ayew""]",[],[],[],[]
2023-24,27,3,2023-08-26T14:00:00Z,,Everton,0,,Wolves,1,[],[],[null],"[""Kalajdžić""]",[],[],[156],"[""Neto""]",[],[],[],[]
2023-24,28,3,2023-08-26T14:00:00Z,,Man Utd,3,12,Nott'm Forest,2,"[426,null,null]","[""B.Fernandes"",""Casemiro"",""Eriksen""]","[492,null]","[""Awoniyi"",""Boly""]","[429,429,426]","[""Rashford"",""Rashford"",""B.Fernandes""]","[480,480]","[""Gibbs-White"",""Gibbs-White""]",[],[],[],[]
2023-24,24,3,2023-08-26T16:30:00Z,6,Brighton,1,18,West Ham,3,[124],"[""Gross""]","[null,null,null]","[""Antonio"",""Bowen"",""Ward-Prowse""]",[null],"[""Veltman""]","[null,null]","[""Benrahma"",""Bowen""]",[],[],[],[]
2023-24,25,3,2023-08-27T13:00:00Z,,Burnley,1,2,Aston Villa,3,[null],"[""Foster""]","[32,32,null]","[""Cash"",""Cash"",""Diaby""]",[null],"[""Gudmundsson""]","[30,55,null]","[""Digne"",""Watkins"",""Diaby""]",[],[],[],[]
2023-24,30,3,2023-08-27T13:00:00Z,,Sheffield Utd,1,,Man City,2,[330],"[""Bogle""]","[411,402]","[""Haaland"",""Rodrigo""]",[],[],"[398,238]","[""Foden"",""Grealish""]",[],[],[],[]
2023-24,29,3,2023-08-27T15:30:00Z,,Newcastle,1,,Liverpool,2,[null],"[""Gordon""]","[null,null]","[""Darwin"",""Darwin""]",[],[],"[null,null]","[""Diogo J."",""Salah""]",[],[],[],[]
2023-24,38,4,2023-09-01T19:00:00Z,,Luton,1,18,West Ham,2,[null],"[""Andersen""]","[null,null]","[""Bowen"",""Zouma""]",[null],"[""Morris""]","[null,null]","[""L.Paquetá"",""Ward-Prowse""]",[],[],[],[]
2023-24,40,4,2023-09-02T11:30:00Z,,Sheffield Utd,2,,Everton,2,[null],"[""Archer""]","[null,null]","[""A.Doucoure"",""Danjuma""]","[null,null]","[""Archer"",""McBurnie""]",[234],"[""Patterson""]",[],[],[226],"[""Pickford""]"
2023-24,32,4,2023-09-02T14:00:00Z,4,Brentford,2,,Bournemouth,2,"[97,427]","[""Jensen"",""Mbeumo""]","[74,526]","[""Brooks"",""Solanke""]","[84,94]","[""Collins"",""Schade""]","[498,68]","[""Senesi"",""Tavernier""]",[],[],[],[]
2023-24,34,4,2023-09-02T14:00:00Z,,Burnley,2,16,Spurs,5,"[null,null]","[""Brownhill"",""Foster""]","[null,null,null,515,500]","[""Son"",""Son"",""Son"",""Maddison"",""Romero""]","[null,null]","[""Cullen"",""Koleosho""]","[null,null,499,506]","[""Solomon"",""Solomon"",""Pedro Porro"",""Udogie""]",[],[],[],[]
2023-24,35,4,2023-09-02T14:00:00Z,8,Chelsea,0,12,Nott'm Forest,1,[],[],[454],"[""Elanga""]",[],[],[492],"[""Awoniyi""]",[],[],[],[]
2023-24,39,4,2023-09-02T14:00:00Z,,Man City,5,7,Fulham,1,"[411,411,411,null,null]","[""Haaland"",""Haaland"",""Haaland"",""Aké"",""J.Alvarez""]",[null],"[""Ream""]","[null,null,398,411,null]","[""J.Alvarez"",""J.Alvarez"",""Foden"",""Haaland"",""Sergio Gómez""]",[null],"[""De Cordova-Reid""]",[],[],[],[]
2023-24,33,4,2023-09-02T16:30:00Z,6,Brighton,3,,Newcastle,1,"[139,139,139]","[""Ferguson"",""Ferguson"",""Ferguson""]",[108],"[""Wilson""]","[null,null,121]","[""Gilmour"",""Gilmour"",""Mitoma""]",[339],"[""Longstaff""]",[],[],[],[]
2023-24,36,4,2023-09-03T13:00:00Z,5,Crystal Palace,3,,Wolves,2,"[null,null,14]","[""Edouard"",""Edouard"",""Eze""]","[null,428]","[""Hee Chan"",""Cunha""]","[223,223,204]","[""Mateta"",""Mateta"",""Mitchell""]","[156,156]","[""Neto"",""Neto""]",[],[],[],[]
2023-24,37,4,2023-09-03T13:00:00Z,,Liverpool,3,2,Aston Villa,0,"[null,368]","[""Salah"",""Szoboszlai""]",[],[],"[null,null,null]","[""Darwin"",""Darwin"",""Alexander-Arnold""]",[],[],[],[],[32],"[""Cash""]"
2023-24,31,4,2023-09-03T15:30:00Z,1,Arsenal,3,,Man Utd,1,"[27,15,13]","[""G.Jesus"",""Ødegaard"",""Rice""]",[429],"[""Rashford""]","[23,18,12]","[""Fábio Vieira"",""Martinelli"",""Saka""]",[null],"[""Eriksen""]",[],[],[],[]
2023-24,50,5,2023-09-16T11:30:00Z,,Wolves,1,,Liverpool,3,[null],"[""Hee Chan""]","[367,502]","[""Gakpo"",""Robertson""]",[156],"[""Neto""]","[null,null,383]","[""Salah"",""Salah"",""Elliott""]",[null],"[""H.Bueno""]",[],[]
2023-24,41,5,2023-09-16T14:00:00Z,2,Aston Villa,3,5,Crystal Palace,1,"[44,null,null]","[""Bailey"",""Douglas Luiz"",""Duran""]",[null],"[""Edouard""]","[30,55,null]","[""Digne"",""Watkins"",""Diaby""]",[223],"[""Mateta""]",[],[],[],[]
2023-24,44,5,2023-09-16T14:00:00Z,7,Fulham,1,,Luton,0,[null],"[""Vinícius""]",[],[],[null],"[""Willian""]",[],[],[],[],[],[]
2023-24,45,5,2023-09-16T14:00:00Z,,Man Utd,1,6,Brighton,3,[null],"[""Hannibal""]","[124,165,136]","[""Gross"",""João Pedro"",""Welbeck""]",[419],"[""Martinez""]","[null,null,546]","[""Lamptey"",""Lamptey"",""Adingra""]",[],[],[],[]
2023-24,48,5,2023-09-16T14:00:00Z,16,Spurs,2,,Sheffield Utd,1,"[521,527]","[""Kulusevski"",""Richarlison""]",[null],"[""Hamer""]","[null,527]","[""Perišić"",""Richarlison""]",[null],"[""Robinson""]",[],[],[],[]
2023-24,49,5,2023-09-16T14:00:00Z,18,West Ham,1,,Man City,3,[null],"[""Ward-Prowse""]","[null,411,400]","[""Bernardo"",""Haaland"",""Doku""]",[null],"[""Coufal""]","[null,null,null]","[""J.Alvarez"",""J.Alvarez"",""Bernardo""]",[],[],[],[]
2023-24,46,5,2023-09-16T16:30:00Z,,Newcastle,1,4,Brentford,0,[108],"[""Wilson""]",[],[],[null],"[""Gordon""]",[],[],[],[],[],[]
2023-24,42,5,2023-09-17T13:00:00Z,,Bournemouth,0,8,Chelsea,0,[],[],[],[],[],[],[],[],[],[],[],[]
2023-24,43,5,2023-09-17T15:30:00Z,,Everton,0,1,Arsenal,1,[],[],[null],"[""Trossard""]",[],[],[12],"[""Saka""]",[],[],[],[]
2023-24,47,5,2023-09-18T18:45:00Z,12,Nott'm Forest,1,,Burnley,1,[482],"[""Hudson-Odoi""]",[null],"[""Amdouni""]",[492],"[""Awoniyi""]",[null],"[""Foster""]",[],[],[],[]
2023-24,56,6,2023-09-23T14:00:00Z,5,Crystal Palace,0,7,Fulham,0,[],[],[],[],[],[],[],[],[],[],[],[]
2023-24,58,6,2023-09-23T14:00:00Z,,Luton,1,,Wolves,1,[null],"[""Morris""]",[156],"[""Neto""]",[null],"[""Kaboré""]",[54],"[""João Gomes""]",[],[],[],[]
2023-24,59,6,2023-09-23T14:00:00Z,,Man City,2,12,Nott'm Forest,0,"[398,411]","[""Foden"",""Haaland""]",[],[],"[null,389]","[""Walker"",""Matheus N.""]",[],[],[],[],[],[]
2023-24,52,6,2023-09-23T16:30:00Z,4,Brentford,1,,Everton,3,[97],"[""Jensen""]","[346,null,229]","[""Calvert-Lewin"",""A.Doucoure"",""Tarkowski""]",[98],"[""Janelt""]","[239,241,229]","[""Garner"",""McNeil"",""Tarkowski""]",[],[],[],[]
2023-24,54,6,2023-09-23T19:00:00Z,,Burnley,0,,Man Utd,1,[],[],[426],"[""B.Fernandes""]",[],[],[null],"[""Evans""]",[],[],[],[]
2023-24,51,6,2023-09-24T13:00:00Z,1,Arsenal,2,16,Spurs,2,[12],"[""Saka""]","[null,null]","[""Son"",""Son""]","[12,10]","[""Saka"",""White""]","[515,515]","[""Maddison"",""Maddison""]",[],[],[500],"[""Romero""]"
2023-24,53,6,2023-09-24T13:00:00Z,6,Brighton,3,,Bournemouth,1,"[121,121]","[""Mitoma"",""Mitoma""]",[526],"[""Solanke""]","[null,null,null]","[""Dahoud"",""Estupiñan"",""Gilmour""]",[75],"[""Christie""]",[],[],[358],"[""Kerkez""]"
2023-24,55,6,2023-09-24T13:00:00Z,8,Chelsea,0,2,Aston Villa,1,[],[],[55],"[""Watkins""]",[],[],[],[],[],[],[],[]
2023-24,57,6,2023-09-24T13:00:00Z,,Liverpool,3,18,West Ham,1,"[null,null,null]","[""Darwin"",""Diogo J."",""Salah""]",[null],"[""Bowen""]","[372,356]","[""Mac Allister"",""Virgil""]",[null],"[""Coufal""]",[],[],[],[]
2023-24,60,6,2023-09-24T15:30:00Z,,Sheffield Utd,0,,Newcastle,8,[],[],"[null,447,452,448,null,379,339,108]","[""Almirón"",""Botman"",""Bruno G."",""Burn"",""Gordon"",""Isak"",""Longstaff"",""Wilson""]",[],[],"[null,null,null,481,452,null,339]","[""Trippier"",""Trippier"",""Trippier"",""Anderson"",""Bruno G."",""Gordon"",""Longstaff""]",[],[],[],[]
2023-24,61,7,2023-09-30T11:30:00Z,2,Aston Villa,6,6,Brighton,1,"[55,55,55,null,456]","[""Watkins"",""Watkins"",""Watkins"",""Douglas Luiz"",""J.Ramsey""]",[null],"[""Ansu Fati""]","[55,55,null,null,32,45]","[""Watkins"",""Watkins"",""Diaby"",""Diaby"",""Cash"",""McGinn""]",[165],"[""João Pedro""]",[],[],[null],"[""Estupiñan""]"
2023-24,62,7,2023-09-30T14:00:00Z,,Bournemouth,0,1,Arsenal,4,[],[],"[26,15,12,10]","[""Havertz"",""Ødegaard"",""Saka"",""White""]",[],[],"[15,15,27,224]","[""Ødegaard"",""Ødegaard"",""G.Jesus"",""Nketiah""]",[],[],[],[]
2023-24,63,7,2023-09-30T14:00:00Z,,Everton,1,,Luton,2,[346],"[""Calvert-Lewin""]","[null,null]","[""Morris"",""Lockyer""]",[null],"[""A.Doucoure""]",[null],"[""Doughty""]",[],[],[],[]
2023-24,65,7,2023-09-30T14:00:00Z,,Man Utd,0,5,Crystal Palace,1,[],[],[253],"[""Andersen""]",[],[],[14],"[""Eze""]",[],[],[],[]
2023-24,66,7,2023-09-30T14:00:00Z,,Newcastle,2,,Burnley,0,"[null,379]","[""Almirón"",""Isak""]",[],[],"[null,null]","[""Gordon"",""Trippier""]",[],[],[],[],[],[]
2023-24,69,7,2023-09-30T14:00:00Z,18,West Ham,2,,Sheffield Utd,0,"[null,null]","[""Bowen"",""Souček""]",[],[],"[null,null]","[""Antonio"",""Coufal""]",[],[],[],[],[],[]
2023-24,70,7,2023-09-30T14:00:00Z,,Wolves,2,,Man City,1,[null],"[""Hee Chan""]",[null],"[""J.Alvarez""]","[156,428]","[""Neto"",""Cunha""]",[264],"[""Bobb""]",[],[],[390],"[""Rúben""]"
2023-24,68,7,2023-09-30T16:30:00Z,16,Spurs,2,,Liverpool,1,[null],"[""Son""]",[367],"[""Gakpo""]","[499,527]","[""Pedro Porro"",""Richarlison""]",[356],"[""Virgil""]",[],[],[null],"[""Matip""]"
2023-24,67,7,2023-10-01T13:00:00Z,12,Nott'm Forest,1,4,Brentford,1,[487],"[""Dominguez""]",[21],"[""Nørgaard""]",[null],"[""Toffolo""]",[97],"[""Jensen""]",[],[],[],[]
2023-24,64,7,2023-10-02T19:00:00Z,7,Fulham,0,8,Chelsea,2,[],[],"[null,578]","[""Broja"",""Mudryk""]",[],[],"[149,154]","[""Colwill"",""Palmer""]",[],[],[],[]
2023-24,15,7,2023-10-03T18:30:00Z,,Luton,1,,Burnley,2,[null],"[""Adebayo""]","[null,null]","[""Foster"",""Bruun Larsen""]",[null],"[""Burke""]","[null,265]","[""Roberts"",""Berge""]",[],[],[],[]
2023-24,77,8,2023-10-07T11:30:00Z,,Luton,0,16,Spurs,1,[],[],[503],"[""Van de Ven""]",[],[],[515],"[""Maddison""]",[],[],[],[]
2023-24,73,8,2023-10-07T14:00:00Z,,Burnley,1,8,Chelsea,4,[517],"[""Odobert""]","[166,null,154]","[""N.Jackson"",""Sterling"",""Palmer""]",[null],"[""Foster""]","[null,null,519,154]","[""Sterling"",""Sterling"",""Gallagher"",""Palmer""]",[null],"[""Al-Dakhil""]",[],[]
2023-24,75,8,2023-10-07T14:00:00Z,,Everton,3,,Bournemouth,0,"[null,239,342]","[""A.Doucoure"",""Garner"",""Harrison""]",[],[],[342],"[""Harrison""]",[],[],[],[],[],[]
2023-24,76,8,2023-10-07T14:00:00Z,7,Fulham,3,,Sheffield Utd,1,"[null,null]","[""De Cordova-Reid"",""Willian""]",[],[],"[null,266]","[""Andreas"",""Cairney""]",[330],"[""Bogle""]",[254],"[""Robinson""]",[null],"[""Foderingham""]"
2023-24,78,8,2023-10-07T14:00:00Z,,Man Utd,2,4,Brentford,1,"[null,null]","[""McTominay"",""McTominay""]",[97],"[""Jensen""]",[418],"[""Maguire""]",[464],"[""Wissa""]",[],[],[],[]
2023-24,74,8,2023-10-07T16:30:00Z,5,Crystal Palace,0,12,Nott'm Forest,0,[],[],[],[],[],[],[],[],[],[],[],[]
2023-24,72,8,2023-10-08T13:00:00Z,6,Brighton,2,,Liverpool,2,"[546,116]","[""Adingra"",""Dunk""]","[null,null]","[""Salah"",""Salah""]",[null],"[""March""]","[null,368]","[""Darwin"",""Szoboszlai""]",[],[],[],[]
2023-24,79,8,2023-10-08T13:00:00Z,18,West Ham,2,,Newcastle,2,"[null,512]","[""Souček"",""Kudus""]","[379,379]","[""Isak"",""Isak""]","[null,null]","[""Coufal"",""Emerson""]",[null],"[""Trippier""]",[],[],[],[]
2023-24,80,8,2023-10-08T13:00:00Z,,Wolves,1,2,Aston Villa,1,[null],"[""Hee Chan""]",[34],"[""Pau""]",[156],"[""Neto""]",[55],"[""Watkins""]",[],[],[],[]
2023-24,71,8,2023-10-08T15:30:00Z,1,Arsenal,1,,Man City,0,[18],"[""Martinelli""]",[],[],[26],"[""Havertz""]",[],[],[],[],[],[]
2023-24,85,9,2023-10-21T11:30:00Z,,Liverpool,2,,Everton,0,"[null,null]","[""Salah"",""Salah""]",[],[],"[null,null]","[""Darwin"",""Luis Díaz""]",[],[],[],[],[],[]
2023-24,82,9,2023-10-21T14:00:00Z,,Bournemouth,1,,Wolves,2,[526],"[""Solanke""]","[null,428]","[""Kalajdžić"",""Cunha""]",[null],"[""Billing""]","[null,156]","[""Hee Chan"",""Neto""]",[],[],[],[]
2023-24,83,9,2023-10-21T14:00:00Z,4,Brentford,3,,Burnley,0,"[427,464,null]","[""Mbeumo"",""Wissa"",""Ghoddos""]",[],[],"[427,null]","[""Mbeumo"",""Maupay""]",[],[],[],[],[],[]
2023-24,86,9,2023-10-21T14:00:00Z,,Man City,2,6,Brighton,1,"[null,411]","[""J.Alvarez"",""Haaland""]",[null],"[""Ansu Fati""]",[400],"[""Doku""]",[],[],[],[],[],[]
2023-24,87,9,2023-10-21T14:00:00Z,,Newcastle,4,5,Crystal Palace,0,"[null,339,457,108]","[""Gordon"",""Longstaff"",""J.Murphy"",""Wilson""]",[],[],"[457,457,null]","[""J.Murphy"",""J.Murphy"",""Trippier""]",[],[],[],[],[],[]
2023-24,88,9,2023-10-21T14:00:00Z,12,Nott'm Forest,2,,Luton,2,"[490,490]","[""Wood"",""Wood""]","[null,null]","[""Adebayo"",""Ogbene""]","[454,454]","[""Elanga"",""Elanga""]","[null,null]","[""Lockyer"",""Townsend""]",[],[],[],[]
2023-24,84,9,2023-10-21T16:30:00Z,8,Chelsea,2,1,Arsenal,2,"[578,154]","[""Mudryk"",""Palmer""]","[null,13]","[""Trossard"",""Rice""]","[519,578]","[""Gallagher"",""Mudryk""]",[12],"[""Saka""]",[],[],[],[]
2023-24,89,9,2023-10-21T19:00:00Z,,Sheffield Utd,1,,Man Utd,2,[null],"[""McBurnie""]","[417,null]","[""Dalot"",""McTominay""]",[486],"[""McAtee""]","[426,37]","[""B.Fernandes"",""Lindelof""]",[],[],[],[]
2023-24,81,9,2023-10-22T15:30:00Z,2,Aston Villa,4,18,West Ham,1,"[null,null,44,55]","[""Douglas Luiz"",""Douglas Luiz"",""Bailey"",""Watkins""]",[null],"[""Bowen""]","[31,45,43,55]","[""Konsa"",""McGinn"",""Tielemans"",""Watkins""]",[null],"[""Álvarez""]",[],[],[],[]
2023-24,90,9,2023-10-23T19:00:00Z,16,Spurs,2,7,Fulham,0,"[515,null]","[""Maddison"",""Son""]",[],[],"[527,null]","[""Richarlison"",""Son""]",[],[],[],[],[],[]
2023-24,96,10,2023-10-27T19:00:00Z,5,Crystal Palace,1,16,Spurs,2,[null],"[""J.Ayew""]",[null],"[""Son""]",[253],"[""Andersen""]","[209,515]","[""Johnson"",""Maddison""]",[null],"[""Ward""]",[],[]
2023-24,95,10,2023-10-28T11:30:00Z,8,Chelsea,0,4,Brentford,2,[],[],"[427,91]","[""Mbeumo"",""Pinnock""]",[],[],"[427,null]","[""Mbeumo"",""Maupay""]",[],[],[],[]
2023-24,91,10,2023-10-28T14:00:00Z,1,Arsenal,5,,Sheffield Utd,0,"[224,224,224,23,null]","[""Nketiah"",""Nketiah"",""Nketiah"",""Fábio Vieira"",""Tomiyasu""]",[],[],"[null,12,262,13]","[""M.Elneny"",""Saka"",""Smith Rowe"",""Rice""]",[],[],[],[],[],[]
2023-24,93,10,2023-10-28T14:00:00Z,,Bournemouth,2,,Burnley,1,"[null,397]","[""Billing"",""Semenyo""]",[null],"[""Taylor""]",[],[],[null],"[""O'Shea""]",[],[],[],[]
2023-24,100,10,2023-10-28T16:30:00Z,,Wolves,2,,Newcastle,2,"[null,null]","[""Hee Chan"",""Mario Jr.""]","[108,108]","[""Wilson"",""Wilson""]","[156,null]","[""Neto"",""Toti""]",[446],"[""Schär""]",[],[],[],[]
2023-24,99,10,2023-10-29T13:00:00Z,18,West Ham,0,,Everton,1,[],[],[346],"[""Calvert-Lewin""]",[],[],[342],"[""Harrison""]",[],[],[],[]
2023-24,92,10,2023-10-29T14:00:00Z,2,Aston Villa,3,,Luton,1,"[45,null]","[""McGinn"",""Diaby""]",[],[],"[44,null,null]","[""Bailey"",""Douglas Luiz"",""Diaby""]",[],[],[28],"[""Martinez""]",[null],"[""Lockyer""]"
2023-24,94,10,2023-10-29T14:00:00Z,6,Brighton,1,7,Fulham,1,[139],"[""Ferguson""]",[null],"[""J.Palhinha""]",[124],"[""Gross""]",[260],"[""Wilson""]",[],[],[],[]
2023-24,97,10,2023-10-29T14:00:00Z,,Liverpool,3,12,Nott'm Forest,0,"[null,null,null]","[""Darwin"",""Diogo J."",""Salah""]",[],[],"[368,368,null]","[""Szoboszlai"",""Szoboszlai"",""Darwin""]",[],[],[],[],[],[]
2023-24,98,10,2023-10-29T15:30:00Z,,Man Utd,0,,Man City,3,[],[],"[411,411,398]","[""Haaland"",""Haaland"",""Foden""]",[],[],"[null,411,402]","[""Bernardo"",""Haaland"",""Rodrigo""]",[],[],[],[]
2023-24,104,11,2023-11-04T12:30:00Z,7,Fulham,0,,Man Utd,1,[],[],[426],"[""B.Fernandes""]",[],[],[null],"[""Pellistri""]",[],[],[],[]
2023-24,101,11,2023-11-04T15:00:00Z,4,Brentford,3,18,West Ham,2,"[84,null]","[""Collins"",""Maupay""]","[null,512]","[""Bowen"",""Kudus""]","[97,427,104]","[""Jensen"",""Mbeumo"",""Onyeka""]","[null,512]","[""Antonio"",""Kudus""]",[],[],[null],"[""Mavropanos""]"
2023-24,102,11,2023-11-04T15:00:00Z,,Burnley,0,5,Crystal Palace,2,[],[],"[204,null]","[""Mitchell"",""Schlupp""]",[],[],"[null,14]","[""J.Ayew"",""Eze""]",[],[],[],[]
2023-24,103,11,2023-11-04T15:00:00Z,,Everton,1,6,Brighton,1,[233],"[""Mykolenko""]",[],[],[],[],[121],"[""Mitoma""]",[null],"[""Young""]",[],[]
2023-24,106,11,2023-11-04T15:00:00Z,,Man City,6,,Bournemouth,1,"[null,null,null,null,398,400]","[""Bernardo"",""Bernardo"",""Akanji"",""Aké"",""Foden"",""Doku""]",[null],"[""Sinisterra""]","[400,400,400,400,264,402]","[""Doku"",""Doku"",""Doku"",""Doku"",""Bobb"",""Rodrigo""]",[null],"[""Aarons""]",[],[],[],[]
2023-24,109,11,2023-11-04T15:00:00Z,,Sheffield Utd,2,,Wolves,1,"[null,null]","[""Archer"",""Norwood""]",[null],"[""Bellegarde""]","[486,null]","[""McAtee"",""Baldock""]",[null],"[""Hee Chan""]",[],[],[],[]
2023-24,107,11,2023-11-04T17:30:00Z,,Newcastle,1,1,Arsenal,0,[null],"[""Gordon""]",[],[],[458],"[""Joelinton""]",[],[],[],[],[],[]
2023-24,108,11,2023-11-05T14:00:00Z,12,Nott'm Forest,2,2,Aston Villa,0,"[null,473]","[""Mangala"",""Aina""]",[],[],"[null,null]","[""Toffolo"",""Toffolo""]",[],[],[],[],[],[]
2023-24,105,11,2023-11-05T16:30:00Z,,Luton,1,,Liverpool,1,[null],"[""Chong""]",[null],"[""Luis Díaz""]",[null],"[""Kaboré""]",[383],"[""Elliott""]",[],[],[],[]
2023-24,110,11,2023-11-06T20:00:00Z,16,Spurs,1,8,Chelsea,4,[521],"[""Kulusevski""]","[166,166,166,154]","[""N.Jackson"",""N.Jackson"",""N.Jackson"",""Palmer""]",[518],"[""Sarr""]","[155,519,null,154]","[""Enzo"",""Gallagher"",""Sterling"",""Palmer""]",[],[],[],[]
2023-24,120,12,2023-11-11T12:30:00Z,,Wolves,2,16,Spurs,1,"[null,null]","[""Mario Jr."",""Sarabia""]",[209],"[""Johnson""]","[null,428]","[""Sarabia"",""Cunha""]",[499],"[""Pedro Porro""]",[],[],[],[]
2023-24,111,12,2023-11-11T15:00:00Z,1,Arsenal,3,,Burnley,1,"[6,null,null]","[""Saliba"",""Trossard"",""Zinchenko""]",[null],"[""Brownhill""]","[12,null]","[""Saka"",""Trossard""]",[],[],[],[],[],[]
2023-24,116,12,2023-11-11T15:00:00Z,5,Crystal Palace,2,,Everton,3,"[null,14]","[""Edouard"",""Eze""]","[null,null,233]","[""A.Doucoure"",""Gana"",""Mykolenko""]",[213],"[""Lerma""]","[null,233,342]","[""A.Doucoure"",""Mykolenko"",""Harrison""]",[],[],[],[]
2023-24,118,12,2023-11-11T15:00:00Z,,Man Utd,1,,Luton,0,[37],"[""Lindelof""]",[],[],[],[],[],[],[],[],[],[]
2023-24,113,12,2023-11-11T17:30:00Z,,Bournemouth,2,,Newcastle,0,"[526,526]","[""Solanke"",""Solanke""]",[],[],[],[],[],[],[],[],[],[]
2023-24,112,12,2023-11-12T14:00:00Z,2,Aston Villa,3,7,Fulham,1,"[45,55]","[""McGinn"",""Watkins""]",[null],"[""Raúl""]","[44,null]","[""Bailey"",""Diaby""]",[254],"[""Robinson""]",[],[],[254],"[""Robinson""]"
2023-24,114,12,2023-11-12T14:00:00Z,6,Brighton,1,,Sheffield Utd,1,[546],"[""Adingra""]",[],[],[128],"[""Buonanotte""]",[330],"[""Bogle""]",[null],"[""Webster""]",[],[]
2023-24,117,12,2023-11-12T14:00:00Z,,Liverpool,3,4,Brentford,0,"[null,null,null]","[""Salah"",""Salah"",""Diogo J.""]",[],[],"[364,364,null]","[""Tsimikas"",""Tsimikas"",""Darwin""]",[],[],[],[],[],[]
2023-24,119,12,2023-11-12T14:00:00Z,18,West Ham,3,12,Nott'm Forest,2,"[null,null,null]","[""Bowen"",""L.Paquetá"",""Souček""]","[454,492]","[""Elanga"",""Awoniyi""]","[null,null]","[""Ward-Prowse"",""Ward-Prowse""]","[480,473]","[""Gibbs-White"",""Aina""]",[],[],[],[]
2023-24,115,12,2023-11-12T16:30:00Z,8,Chelsea,4,,Man City,4,"[166,null,null,154]","[""N.Jackson"",""Sterling"",""T.Silva"",""Palmer""]","[411,411,null,402]","[""Haaland"",""Haaland"",""Akanji"",""Rodrigo""]","[519,519,null,142]","[""Gallagher"",""Gallagher"",""Broja"",""James""]","[null,null,411]","[""J.Alvarez"",""Bernardo"",""Haaland""]",[],[],[],[]
2023-24,126,13,2023-11-25T12:30:00Z,,Man City,1,,Liverpool,1,[411],"[""Haaland""]",[null],"[""Alexander-Arnold""]",[null],"[""Aké""]",[null],"[""Salah""]",[],[],[],[]
2023-24,122,13,2023-11-25T15:00:00Z,,Burnley,1,18,West Ham,2,[null],"[""Rodriguez""]",[null],"[""Souček""]",[null],"[""Koleosho""]","[512,512]","[""Kudus"",""Kudus""]",[null],"[""O'Shea""]",[],[]
2023-24,125,13,2023-11-25T15:00:00Z,,Luton,2,5,Crystal Palace,1,"[null,null]","[""Mengi"",""Brown""]",[null],"[""Olise""]","[null,null]","[""Morris"",""Ogbene""]",[null],"[""Ward""]",[],[],[],[]
2023-24,127,13,2023-11-25T15:00:00Z,,Newcastle,4,8,Chelsea,1,"[null,379,458,null]","[""Gordon"",""Isak"",""Joelinton"",""Lascelles""]",[null],"[""Sterling""]","[null,null,459]","[""Almirón"",""Gordon"",""Miley""]",[],[],[],[],[],[]
2023-24,128,13,2023-11-25T15:00:00Z,12,Nott'm Forest,2,6,Brighton,3,"[454,480]","[""Elanga"",""Gibbs-White""]","[165,165,139]","[""João Pedro"",""João Pedro"",""Ferguson""]","[482,480]","[""Hudson-Odoi"",""Gibbs-White""]","[124,124]","[""Gross"",""Gross""]",[],[],[],[]
2023-24,129,13,2023-11-25T15:00:00Z,,Sheffield Utd,1,,Bournemouth,3,[null],"[""McBurnie""]","[68,68,70]","[""Tavernier"",""Tavernier"",""Kluivert""]",[null],"[""Baldock""]","[397,64]","[""Semenyo"",""Smith""]",[],[],[],[]
2023-24,121,13,2023-11-25T17:30:00Z,4,Brentford,0,1,Arsenal,1,[],[],[26],"[""Havertz""]",[],[],[12],"[""Saka""]",[],[],[],[]
2023-24,130,13,2023-11-26T14:00:00Z,16,Spurs,1,2,Aston Villa,2,[null],"[""Lo Celso""]","[55,34]","[""Watkins"",""Pau""]",[499],"[""Pedro Porro""]","[null,43]","[""Douglas Luiz"",""Tielemans""]",[],[],[],[]
2023-24,123,13,2023-11-26T16:30:00Z,,Everton,0,,Man Utd,3,[],[],"[160,null,429]","[""Garnacho"",""Martial"",""Rashford""]",[],[],"[426,417,null]","[""B.Fernandes"",""Dalot"",""Martial""]",[],[],[],[]
2023-24,124,13,2023-11-27T20:00:00Z,7,Fulham,3,,Wolves,2,"[null,null,261]","[""Willian"",""Willian"",""Iwobi""]","[null,428]","[""Hee Chan"",""Cunha""]","[266,254,260]","[""Cairney"",""Robinson"",""Wilson""]",[null],"[""Bellegarde""]",[],[],[],[]
2023-24,131,14,2023-12-02T15:00:00Z,1,Arsenal,2,,Wolves,1,"[15,12]","[""Ødegaard"",""Saka""]",[428],"[""Cunha""]","[null,null]","[""Tomiyasu"",""Zinchenko""]",[null],"[""N.Semedo""]",[],[],[],[]
2023-24,133,14,2023-12-02T15:00:00Z,4,Brentford,3,,Luton,1,"[null,null,null]","[""Baptiste"",""Mee"",""Maupay""]",[null],"[""Brown""]","[86,427,null]","[""Lewis-Potter"",""Mbeumo"",""Mee""]",[46],"[""Barkley""]",[],[],[],[]
2023-24,134,14,2023-12-02T15:00:00Z,,Burnley,5,,Sheffield Utd,0,"[null,null,null,null,null]","[""Brownhill"",""Rodriguez"",""Amdouni"",""Koleosho"",""Bruun Larsen""]",[],[],"[null,null,null,null]","[""Beyer"",""O'Shea"",""Taylor"",""Amdouni""]",[],[],[],[],[],[]
2023-24,139,14,2023-12-02T17:30:00Z,12,Nott'm Forest,0,,Everton,1,[],[],[241],"[""McNeil""]",[],[],[],[],[],[],[],[]
2023-24,138,14,2023-12-02T20:00:00Z,,Newcastle,1,,Man Utd,0,[null],"[""Gordon""]",[],[],[null],"[""Trippier""]",[],[],[],[],[],[]
2023-24,132,14,2023-12-03T14:00:00Z,,Bournemouth,2,2,Aston Villa,2,"[397,526]","[""Semenyo"",""Solanke""]","[44,55]","[""Bailey"",""Watkins""]","[75,358]","[""Christie"",""Kerkez""]","[55,null]","[""Watkins"",""Diaby""]",[],[],[],[]
2023-24,135,14,2023-12-03T14:00:00Z,8,Chelsea,3,6,Brighton,2,"[155,155,149]","[""Enzo"",""Enzo"",""Colwill""]","[128,165]","[""Buonanotte"",""João Pedro""]","[146,578,166]","[""B.Badiashile"",""Mudryk"",""N.Jackson""]","[null,null]","[""Lallana"",""Milner""]",[],[],[],[]
2023-24,136,14,2023-12-03T14:00:00Z,,Liverpool,4,7,Fulham,3,"[null,372,374]","[""Alexander-Arnold"",""Mac Allister"",""Endo""]","[null,256,260]","[""De Cordova-Reid"",""Tete"",""Wilson""]","[null,null,364]","[""Alexander-Arnold"",""Salah"",""Tsimikas""]","[266,254]","[""Cairney"",""Robinson""]",[],[],[250],"[""Leno""]"
2023-24,140,14,2023-12-03T14:00:00Z,18,West Ham,1,5,Crystal Palace,1,[512],"[""Kudus""]",[null],"[""Edouard""]",[null],"[""Coufal""]",[],[],[],[],[],[]
2023-24,137,14,2023-12-03T16:30:00Z,,Man City,3,16,Spurs,3,"[398,238]","[""Foden"",""Grealish""]","[521,null,null]","[""Kulusevski"",""Lo Celso"",""Son""]","[411,411,null]","[""Haaland"",""Haaland"",""J.Alvarez""]","[209,521,null]","[""Johnson"",""Kulusevski"",""Son""]",[],[],[null],"[""Son""]"
2023-24,149,15,2023-12-05T19:30:00Z,,Wolves,1,,Burnley,0,[null],"[""Hee Chan""]",[],[],[428],"[""Cunha""]",[],[],[],[],[],[]
2023-24,146,15,2023-12-05T20:15:00Z,,Luton,3,1,Arsenal,4,"[null,null,46]","[""Adebayo"",""Osho"",""Barkley""]","[26,27,18,13]","[""Havertz"",""G.Jesus"",""Martinelli"",""Rice""]","[null,null,null]","[""Doughty"",""Doughty"",""Townsend""]","[27,15,12,10]","[""G.Jesus"",""Ødegaard"",""Saka"",""White""]",[],[],[],[]
2023-24,142,15,2023-12-06T19:30:00Z,6,Brighton,2,4,Brentford,1,"[124,123]","[""Gross"",""Hinshelwood""]",[427],"[""Mbeumo""]","[124,121]","[""Gross"",""Mitoma""]",[98],"[""Janelt""]",[],[],[],[]
2023-24,143,15,2023-12-06T19:30:00Z,5,Crystal Palace,0,,Bournemouth,2,[],[],"[null,498]","[""Moore"",""Senesi""]",[],[],"[null,null]","[""Billing"",""Sinisterra""]",[],[],[],[]
2023-24,145,15,2023-12-06T19:30:00Z,7,Fulham,5,12,Nott'm Forest,0,"[261,261,null,null,266]","[""Iwobi"",""Iwobi"",""Raúl"",""Raúl"",""Cairney""]",[],[],"[null,null,null,260,null]","[""Andreas"",""Andreas"",""Andreas"",""Wilson"",""Willian""]",[],[],[],[],[],[]
2023-24,147,15,2023-12-06T19:30:00Z,,Sheffield Utd,0,,Liverpool,2,[],[],"[368,356]","[""Szoboszlai"",""Virgil""]",[],[],"[null,null]","[""Alexander-Arnold"",""Darwin""]",[],[],[],[]
2023-24,141,15,2023-12-06T20:15:00Z,2,Aston Villa,1,,Man City,0,[44],"[""Bailey""]",[],[],[43],"[""Tielemans""]",[],[],[],[],[],[]
2023-24,150,15,2023-12-06T20:15:00Z,,Man Utd,2,8,Chelsea,1,"[null,null]","[""McTominay"",""McTominay""]",[154],"[""Palmer""]","[160,418]","[""Garnacho"",""Maguire""]",[578],"[""Mudryk""]",[],[],[],[]
2023-24,144,15,2023-12-07T19:30:00Z,,Everton,3,,Newcastle,0,"[null,241,248]","[""A.Doucoure"",""McNeil"",""Beto""]",[],[],"[241,234]","[""McNeil"",""Patterson""]",[],[],[],[],[],[]
2023-24,148,15,2023-12-07T20:15:00Z,16,Spurs,1,18,West Ham,2,[500],"[""Romero""]","[null,null]","[""Bowen"",""Ward-Prowse""]",[499],"[""Pedro Porro""]",[],[],[],[],[],[]
2023-24,153,16,2023-12-09T12:30:00Z,5,Crystal Palace,1,,Liverpool,2,[223],"[""Mateta""]","[383,null]","[""Elliott"",""Salah""]",[],[],"[373,null]","[""Jones"",""Salah""]",[],[],[],[]
2023-24,152,16,2023-12-09T15:00:00Z,6,Brighton,1,,Burnley,1,[546],"[""Adingra""]",[517],"[""Odobert""]",[124],"[""Gross""]",[null],"[""Rodriguez""]",[],[],[],[]
2023-24,157,16,2023-12-09T15:00:00Z,,Man Utd,0,,Bournemouth,3,[],[],"[null,498,526]","[""Billing"",""Senesi"",""Solanke""]",[],[],"[68,68,71]","[""Tavernier"",""Tavernier"",""L.Cook""]",[],[],[],[]
2023-24,158,16,2023-12-09T15:00:00Z,,Sheffield Utd,1,4,Brentford,0,[486],"[""McAtee""]",[],[],[null],"[""Hamer""]",[],[],[],[],[],[]
2023-24,160,16,2023-12-09T15:00:00Z,,Wolves,1,12,Nott'm Forest,1,[428],"[""Cunha""]",[null],"[""Toffolo""]",[null],"[""Sarabia""]",[469],"[""Williams""]",[],[],[],[]
2023-24,151,16,2023-12-09T17:30:00Z,2,Aston Villa,1,1,Arsenal,0,[45],"[""McGinn""]",[],[],[44],"[""Bailey""]",[],[],[],[],[],[]
2023-24,154,16,2023-12-10T14:00:00Z,,Everton,2,8,Chelsea,0,"[null,null]","[""A.Doucoure"",""Dobbin""]",[],[],[346],"[""Calvert-Lewin""]",[],[],[],[],[],[]
2023-24,155,16,2023-12-10T14:00:00Z,7,Fulham,5,18,West Ham,0,"[147,null,260,null,null]","[""Tosin"",""Vinícius"",""Wilson"",""Raúl"",""Willian""]",[],[],"[261,null,266,null,260]","[""Iwobi"",""Andreas"",""Cairney"",""J.Palhinha"",""Wilson""]",[],[],[],[],[],[]
2023-24,156,16,2023-12-10T14:00:00Z,,Luton,1,,Man City,2,[null],"[""Adebayo""]","[null,238]","[""Bernardo"",""Grealish""]",[null],"[""Townsend""]",[null],"[""J.Alvarez""]",[],[],[],[]
2023-24,159,16,2023-12-10T16:30:00Z,16,Spurs,4,,Newcastle,1,"[527,527,null,506]","[""Richarlison"",""Richarlison"",""Son"",""Udogie""]",[458],"[""Joelinton""]","[null,null,499]","[""Son"",""Son"",""Pedro Porro""]",[108],"[""Wilson""]",[],[],[],[]
2023-24,169,17,2023-12-15T20:00:00Z,12,Nott'm Forest,0,16,Spurs,2,[],[],"[521,527]","[""Kulusevski"",""Richarlison""]",[],[],[521],"[""Kulusevski""]",[],[],[],[]
2023-24,165,17,2023-12-16T15:00:00Z,8,Chelsea,2,,Sheffield Utd,0,"[166,154]","[""N.Jackson"",""Palmer""]",[],[],"[null,154]","[""Sterling"",""Palmer""]",[],[],[],[],[],[]
2023-24,167,17,2023-12-16T15:00:00Z,,Man City,2,5,Crystal Palace,2,"[238,395]","[""Grealish"",""R.Lewis""]","[223,null]","[""Mateta"",""Olise""]",[398],"[""Foden""]","[223,null]","[""Mateta"",""Schlupp""]",[],[],[],[]
2023-24,168,17,2023-12-16T15:00:00Z,,Newcastle,3,7,Fulham,0,"[null,448,459]","[""Almirón"",""Burn"",""Miley""]",[],[],"[452,null]","[""Bruno G."",""Gordon""]",[],[],[],[],[],[]
2023-24,164,17,2023-12-16T17:30:00Z,,Burnley,0,,Everton,2,[],[],"[231,48]","[""Keane"",""Onana""]",[],[],[241],"[""McNeil""]",[],[],[],[]
2023-24,161,17,2023-12-17T14:00:00Z,1,Arsenal,2,6,Brighton,0,"[26,27]","[""Havertz"",""G.Jesus""]",[],[],[224],"[""Nketiah""]",[],[],[],[],[],[]
2023-24,163,17,2023-12-17T14:00:00Z,4,Brentford,1,2,Aston Villa,2,[86],"[""Lewis-Potter""]","[null,55]","[""Alex Moreno"",""Watkins""]",[],[],"[44,47]","[""Bailey"",""Kamara""]",[],[],[],[]
2023-24,170,17,2023-12-17T14:00:00Z,18,West Ham,3,,Wolves,0,"[512,512,null]","[""Kudus"",""Kudus"",""Bowen""]",[],[],"[null,null,null]","[""L.Paquetá"",""L.Paquetá"",""L.Paquetá""]",[],[],[],[],[],[]
2023-24,166,17,2023-12-17T16:30:00Z,,Liverpool,0,,Man Utd,0,[],[],[],[],[],[],[],[],[],[],[],[]
2023-24,172,18,2023-12-21T20:00:00Z,5,Crystal Palace,1,6,Brighton,1,[null],"[""J.Ayew""]",[136],"[""Welbeck""]",[null],"[""Olise""]",[124],"[""Gross""]",[],[],[],[]
2023-24,171,18,2023-12-22T20:00:00Z,2,Aston Villa,1,,Sheffield Utd,1,[null],"[""Zaniolo""]",[null],"[""Archer""]",[null],"[""Douglas Luiz""]",[null],"[""Hamer""]",[],[],[],[]
2023-24,179,18,2023-12-23T12:30:00Z,18,West Ham,2,,Man Utd,0,"[null,512]","[""Bowen"",""Kudus""]",[],[],[null],"[""L.Paquetá""]",[],[],[],[],[],[]
2023-24,173,18,2023-12-23T15:00:00Z,7,Fulham,0,,Burnley,2,[],[],"[265,517]","[""Berge"",""Odobert""]",[],[],"[null,517]","[""Foster"",""Odobert""]",[],[],[],[]
2023-24,175,18,2023-12-23T15:00:00Z,,Luton,1,,Newcastle,0,[null],"[""Townsend""]",[],[],[46],"[""Barkley""]",[],[],[],[],[],[]
2023-24,177,18,2023-12-23T15:00:00Z,12,Nott'm Forest,2,,Bournemouth,3,"[454,490]","[""Elanga"",""Wood""]","[526,526,526]","[""Solanke"",""Solanke"",""Solanke""]","[480,490]","[""Gibbs-White"",""Wood""]","[null,498,64]","[""Billing"",""Senesi"",""Smith""]",[],[],[],[]
2023-24,178,18,2023-12-23T15:00:00Z,16,Spurs,2,,Everton,1,"[527,null]","[""Richarlison"",""Son""]",[null],"[""André Gomes""]","[209,209]","[""Johnson"",""Johnson""]",[],[],[],[],[],[]
2023-24,174,18,2023-12-23T17:30:00Z,,Liverpool,1,1,Arsenal,1,[null],"[""Salah""]",[4],"[""Gabriel""]",[null],"[""Alexander-Arnold""]",[15],"[""Ødegaard""]",[],[],[],[]
2023-24,180,18,2023-12-24T13:00:00Z,,Wolves,2,8,Chelsea,1,"[null,null]","[""Mario Jr."",""Doherty""]",[null],"[""Nkunku""]",[null],"[""Sarabia""]",[null],"[""Sterling""]",[],[],[],[]
2023-24,189,19,2023-12-26T12:30:00Z,,Newcastle,1,12,Nott'm Forest,3,[379],"[""Isak""]","[490,490,490]","[""Wood"",""Wood"",""Wood""]",[],[],"[454,454,472]","[""Elanga"",""Elanga"",""Murillo""]",[],[],[],[]
2023-24,182,19,2023-12-26T15:00:00Z,,Bournemouth,3,7,Fulham,0,"[70,526,null]","[""Kluivert"",""Solanke"",""Sinisterra""]",[],[],"[74,397,69]","[""Brooks"",""Semenyo"",""Scott""]",[],[],[],[],[],[]
2023-24,190,19,2023-12-26T15:00:00Z,,Sheffield Utd,2,,Luton,3,"[null,null]","[""Ahmedhodžić"",""McBurnie""]",[null],"[""Doughty""]","[null,486]","[""Archer"",""McAtee""]","[null,null,null]","[""Morris"",""Morris"",""Sambi""]","[null,null]","[""Robinson"",""Slimane""]",[],[]
2023-24,185,19,2023-12-26T17:30:00Z,,Burnley,0,,Liverpool,2,[],[],"[null,null]","[""Darwin"",""Diogo J.""]",[],[],"[367,null]","[""Gakpo"",""Luis Díaz""]",[],[],[],[]
2023-24,188,19,2023-12-26T20:00:00Z,,Man Utd,3,2,Aston Villa,2,"[160,160,null]","[""Garnacho"",""Garnacho"",""Højlund""]","[null,45]","[""Dendoncker"",""McGinn""]",[429],"[""Rashford""]","[null,null]","[""Dendoncker"",""Lenglet""]",[],[],[],[]
2023-24,183,19,2023-12-27T19:30:00Z,4,Brentford,1,,Wolves,4,[464],"[""Wissa""]","[null,null,null,null]","[""Hee Chan"",""Hee Chan"",""Mario Jr."",""Bellegarde""]",[null],"[""Maupay""]","[null,null,428]","[""Sarabia"",""Toti"",""Cunha""]",[],[],[],[]
2023-24,186,19,2023-12-27T19:30:00Z,8,Chelsea,2,5,Crystal Palace,1,"[16,578]","[""Madueke"",""Mudryk""]",[null],"[""Olise""]",[144],"[""Gusto""]",[null],"[""J.Ayew""]",[],[],[],[]
2023-24,187,19,2023-12-27T20:15:00Z,,Everton,1,,Man City,3,[342],"[""Harrison""]","[null,null,398]","[""J.Alvarez"",""Bernardo"",""Foden""]",[241],"[""McNeil""]","[null,null]","[""Aké"",""Bernardo""]",[],[],[],[]
2023-24,184,19,2023-12-28T19:30:00Z,6,Brighton,4,16,Spurs,2,"[165,165,null,123]","[""João Pedro"",""João Pedro"",""Estupiñan"",""Hinshelwood""]","[508,null]","[""Davies"",""Veliz""]","[139,165,null,136]","[""Ferguson"",""João Pedro"",""Milner"",""Welbeck""]","[499,null]","[""Pedro Porro"",""Son""]",[],[],[],[]
2023-24,181,19,2023-12-28T20:15:00Z,1,Arsenal,0,18,West Ham,2,[],[],"[null,null]","[""Souček"",""Mavropanos""]",[],[],"[null,null]","[""Bowen"",""Ward-Prowse""]",[],[],[],[]
2023-24,195,20,2023-12-30T12:30:00Z,,Luton,2,8,Chelsea,3,"[null,46]","[""Adebayo"",""Barkley""]","[154,154,16]","[""Palmer"",""Palmer"",""Madueke""]","[null,null]","[""Doughty"",""Doughty""]","[166,154]","[""N.Jackson"",""Palmer""]",[],[],[],[]
2023-24,191,20,2023-12-30T15:00:00Z,2,Aston Villa,3,,Burnley,2,"[44,null,null]","[""Bailey"",""Douglas Luiz"",""Diaby""]","[null,null]","[""Foster"",""Amdouni""]","[55,55,null]","[""Watkins"",""Watkins"",""Duran""]","[null,null]","[""Gudmundsson"",""O'Shea""]",[],[],[],[]
2023-24,192,20,2023-12-30T15:00:00Z,5,Crystal Palace,3,4,Brentford,1,"[null,null,14]","[""Olise"",""Olise"",""Eze""]",[86],"[""Lewis-Potter""]","[null,388,204]","[""J.Ayew"",""Guéhi"",""Mitchell""]",[null],"[""Roerslev""]",[],[],[],[]
2023-24,196,20,2023-12-30T15:00:00Z,,Man City,2,,Sheffield Utd,0,"[null,402]","[""J.Alvarez"",""Rodrigo""]",[],[],"[398,398]","[""Foden"",""Foden""]",[],[],[],[],[],[]
2023-24,200,20,2023-12-30T15:00:00Z,,Wolves,3,,Everton,0,"[null,null,428]","[""Dawson"",""Kilman"",""Cunha""]",[],[],"[null,428]","[""Hee Chan"",""Cunha""]",[],[],[],[],[],[]
2023-24,197,20,2023-12-30T17:30:00Z,12,Nott'm Forest,2,,Man Utd,1,"[480,487]","[""Gibbs-White"",""Dominguez""]",[429],"[""Rashford""]","[454,null]","[""Elanga"",""G.Montiel""]",[160],"[""Garnacho""]",[],[],[],[]
2023-24,193,20,2023-12-31T14:00:00Z,7,Fulham,2,1,Arsenal,1,"[null,null]","[""De Cordova-Reid"",""Raúl""]",[12],"[""Saka""]",[266],"[""Cairney""]",[18],"[""Martinelli""]",[],[],[],[]
2023-24,198,20,2023-12-31T14:00:00Z,16,Spurs,3,,Bournemouth,1,"[527,518,null]","[""Richarlison"",""Sarr"",""Son""]",[69],"[""Scott""]","[null,null,209]","[""Lo Celso"",""Lo Celso"",""Johnson""]",[68],"[""Tavernier""]",[],[],[],[]
2023-24,194,20,2024-01-01T20:00:00Z,,Liverpool,4,,Newcastle,2,"[null,null,367,373]","[""Salah"",""Salah"",""Gakpo"",""Jones""]","[447,379]","[""Botman"",""Isak""]","[null,null,null,null]","[""Diogo J."",""Diogo J."",""Darwin"",""Salah""]","[null,339]","[""Gordon"",""Longstaff""]",[],[],[],[]
2023-24,199,20,2024-01-02T19:30:00Z,18,West Ham,0,6,Brighton,0,[],[],[],[],[],[],[],[],[],[],[],[]
2023-24,205,21,2024-01-12T19:45:00Z,,Burnley,1,,Luton,1,[null],"[""Amdouni""]",[null],"[""Morris""]",[],[],[null],"[""Doughty""]",[],[],[],[]
2023-24,206,21,2024-01-13T12:30:00Z,8,Chelsea,1,7,Fulham,0,[154],"[""Palmer""]",[],[],[null],"[""Sterling""]",[],[],[],[],[],[]
2023-24,209,21,2024-01-13T17:30:00Z,,Newcastle,2,,Man City,3,"[null,379]","[""Gordon"",""Isak""]","[null,264,null]","[""Bernardo"",""Bobb"",""De Bruyne""]","[452,448]","[""Bruno G."",""Burn""]","[null,402,null]","[""De Bruyne"",""Rodrigo"",""Walker""]",[],[],[],[]
2023-24,207,21,2024-01-14T14:00:00Z,,Everton,0,2,Aston Villa,0,[],[],[],[],[],[],[],[],[],[],[],[]
2023-24,208,21,2024-01-14T16:30:00Z,,Man Utd,2,16,Spurs,2,"[429,null]","[""Rashford"",""Højlund""]","[516,527]","[""Bentancur"",""Richarlison""]",[null],"[""Højlund""]","[499,null]","[""Pedro Porro"",""Werner""]",[],[],[],[]
2023-24,201,21,2024-01-20T12:30:00Z,1,Arsenal,5,5,Crystal Palace,0,"[18,18,4,null]","[""Martinelli"",""Martinelli"",""Gabriel"",""Trossard""]",[],[],"[4,27,null,224,13]","[""Gabriel"",""G.Jesus"",""Jorginho"",""Nketiah"",""Rice""]",[],[],[],[],[198],"[""Henderson""]"
2023-24,203,21,2024-01-20T17:30:00Z,4,Brentford,3,12,Nott'm Forest,2,"[null,null,null]","[""Mee"",""Toney"",""Maupay""]","[null,490]","[""Danilo"",""Wood""]","[96,97,null]","[""Damsgaard"",""Jensen"",""Roerslev""]",[482],"[""Hudson-Odoi""]",[],[],[],[]
2023-24,210,21,2024-01-21T14:00:00Z,,Sheffield Utd,2,18,West Ham,2,"[null,null]","[""McBurnie"",""Brereton Díaz""]","[null,null]","[""Cornet"",""Ward-Prowse""]",[465],"[""Osula""]","[null,null]","[""Ings"",""Ings""]",[],[],[],[]
2023-24,202,21,2024-01-21T16:30:00Z,,Bournemouth,0,,Liverpool,4,[],[],"[null,null,null,null]","[""Darwin"",""Darwin"",""Diogo J."",""Diogo J.""]",[],[],"[null,367,359,360]","[""Diogo J."",""Gakpo"",""Gomez"",""Bradley""]",[],[],[],[]
2023-24,204,21,2024-01-22T19:45:00Z,6,Brighton,0,,Wolves,0,[],[],[],[],[],[],[],[],[],[],[],[]
2023-24,215,22,2024-01-30T19:30:00Z,12,Nott'm Forest,1,1,Arsenal,2,[492],"[""Awoniyi""]","[27,12]","[""G.Jesus"",""Saka""]",[null],"[""G.Montiel""]","[27,null]","[""G.Jesus"",""Zinchenko""]",[],[],[],[]
2023-24,213,22,2024-01-30T19:45:00Z,7,Fulham,0,,Everton,0,[],[],[],[],[],[],[],[],[],[],[],[]
2023-24,214,22,2024-01-30T19:45:00Z,,Luton,4,6,Brighton,0,"[null,null,null,null]","[""Adebayo"",""Adebayo"",""Adebayo"",""Ogbene""]",[],[],"[null,null,46]","[""Sambi"",""Morris"",""Barkley""]",[],[],[],[],[],[]
2023-24,212,22,2024-01-30T20:00:00Z,5,Crystal Palace,3,,Sheffield Utd,2,"[14,14,null]","[""Eze"",""Eze"",""Olise""]","[486,null]","[""McAtee"",""Brereton Díaz""]","[null,null]","[""Olise"",""Olise""]","[null,null]","[""McBurnie"",""Hamer""]",[],[],[],[]
2023-24,211,22,2024-01-30T20:15:00Z,2,Aston Villa,1,,Newcastle,3,[55],"[""Watkins""]","[446,446]","[""Schär"",""Schär""]",[44],"[""Bailey""]","[457,null]","[""J.Murphy"",""Trippier""]",[null],"[""Alex Moreno""]",[],[]
2023-24,220,22,2024-01-31T19:30:00Z,,Man City,3,,Burnley,1,"[null,null,402]","[""J.Alvarez"",""J.Alvarez"",""Rodrigo""]",[null],"[""Al-Dakhil""]","[null,398,389]","[""De Bruyne"",""Foden"",""Matheus N.""]",[null],"[""D.D.Fofana""]",[],[],[],[]
2023-24,216,22,2024-01-31T19:30:00Z,16,Spurs,3,4,Brentford,2,"[209,527,506]","[""Johnson"",""Richarlison"",""Udogie""]","[null,null]","[""Toney"",""Maupay""]","[515,null]","[""Maddison"",""Werner""]",[null],"[""Toney""]",[],[],[],[]
2023-24,219,22,2024-01-31T20:15:00Z,,Liverpool,4,8,Chelsea,1,"[null,null,368,360]","[""Diogo J."",""Luis Díaz"",""Szoboszlai"",""Bradley""]",[null],"[""Nkunku""]","[360,360,null,null]","[""Bradley"",""Bradley"",""Darwin"",""Luis Díaz""]",[null],"[""Chukwuemeka""]",[],[],[],[]
2023-24,217,22,2024-02-01T19:30:00Z,18,West Ham,1,,Bournemouth,1,[null],"[""Ward-Prowse""]",[526],"[""Solanke""]",[512],"[""Kudus""]",[],[],[],[],[],[]
2023-24,218,22,2024-02-01T20:15:00Z,,Wolves,3,,Man Utd,4,"[null,156,null]","[""Kilman"",""Neto"",""Sarabia""]","[432,null,429,null]","[""Mainoo"",""McTominay"",""Rashford"",""Højlund""]","[null,156,428]","[""Dawson"",""Neto"",""Cunha""]","[426,423,null,null]","[""B.Fernandes"",""Shaw"",""Højlund"",""Forson""]",[],[],[],[]
2023-24,227,23,2024-02-03T12:30:00Z,,Everton,2,16,Spurs,2,"[230,342]","[""Branthwaite"",""Harrison""]","[527,527]","[""Richarlison"",""Richarlison""]",[346],"[""Calvert-Lewin""]","[515,506]","[""Maddison"",""Udogie""]",[],[],[],[]
2023-24,224,23,2024-02-03T15:00:00Z,6,Brighton,4,5,Crystal Palace,1,"[128,116,165,123]","[""Buonanotte"",""Dunk"",""João Pedro"",""Hinshelwood""]",[223],"[""Mateta""]","[124,124,null,136]","[""Gross"",""Gross"",""Lamptey"",""Welbeck""]",[253],"[""Andersen""]",[],[],[],[]
2023-24,225,23,2024-02-03T15:00:00Z,,Burnley,2,7,Fulham,2,"[null,null]","[""D.D.Fofana"",""D.D.Fofana""]","[271,null]","[""Muniz"",""J.Palhinha""]","[517,null]","[""Odobert"",""Assignon""]","[null,254]","[""Andreas"",""Robinson""]",[],[],[],[]
2023-24,229,23,2024-02-03T15:00:00Z,,Newcastle,4,,Luton,4,"[339,339,null,453]","[""Longstaff"",""Longstaff"",""Trippier"",""Barnes""]","[null,null,null,46]","[""Adebayo"",""Morris"",""Osho"",""Barkley""]","[452,null,null,459]","[""Bruno G."",""Gordon"",""Trippier"",""Miley""]","[null,null,null,46]","[""Doughty"",""Morris"",""Ogbene"",""Barkley""]",[],[],[],[]
2023-24,230,23,2024-02-03T17:30:00Z,,Sheffield Utd,0,2,Aston Villa,5,[],[],"[null,44,45,43,55]","[""Alex Moreno"",""Bailey"",""McGinn"",""Tielemans"",""Watkins""]",[],[],"[55,55,55,null]","[""Watkins"",""Watkins"",""Watkins"",""Douglas Luiz""]",[],[],[],[]
2023-24,222,23,2024-02-04T14:00:00Z,,Bournemouth,1,12,Nott'm Forest,1,[70],"[""Kluivert""]",[482],"[""Hudson-Odoi""]",[null],"[""Sinisterra""]",[],[],[],[],[],[]
2023-24,226,23,2024-02-04T14:00:00Z,8,Chelsea,2,,Wolves,4,"[null,154]","[""T.Silva"",""Palmer""]","[428,428,428]","[""Cunha"",""Cunha"",""Cunha""]","[159,578]","[""Caicedo"",""Mudryk""]","[392,54,156]","[""Aït-Nouri"",""João Gomes"",""Neto""]",[153],"[""Disasi""]",[],[]
2023-24,228,23,2024-02-04T14:00:00Z,,Man Utd,3,18,West Ham,0,"[160,160,null]","[""Garnacho"",""Garnacho"",""Højlund""]",[],[],"[426,null,null]","[""B.Fernandes"",""Casemiro"",""McTominay""]",[],[],[],[],[],[]
2023-24,221,23,2024-02-04T16:30:00Z,1,Arsenal,3,,Liverpool,1,"[18,12,null]","[""Martinelli"",""Saka"",""Trossard""]",[],[],"[26,null]","[""Havertz"",""Kiwior""]",[null],"[""Luis Díaz""]",[4],"[""Gabriel""]",[],[]
2023-24,223,23,2024-02-05T20:00:00Z,4,Brentford,1,,Man City,3,[null],"[""Maupay""]","[398,398,398]","[""Foden"",""Foden"",""Foden""]",[null],"[""Flekken""]","[null,411]","[""De Bruyne"",""Haaland""]",[],[],[],[]
2023-24,236,24,2024-02-10T12:30:00Z,,Man City,2,,Everton,0,"[411,411]","[""Haaland"",""Haaland""]",[],[],"[null,null]","[""Aké"",""De Bruyne""]",[],[],[],[],[],[]
2023-24,233,24,2024-02-10T15:00:00Z,7,Fulham,3,,Bournemouth,1,"[271,271,null]","[""Muniz"",""Muniz"",""De Cordova-Reid""]",[498],"[""Senesi""]","[null,null]","[""De Cordova-Reid"",""Willian""]",[526],"[""Solanke""]",[],[],[],[]
2023-24,234,24,2024-02-10T15:00:00Z,,Liverpool,3,,Burnley,1,"[null,null,null]","[""Darwin"",""Diogo J."",""Luis Díaz""]",[null],"[""O'Shea""]","[383,383,null]","[""Elliott"",""Elliott"",""Alexander-Arnold""]",[null],"[""Brownhill""]",[],[],[],[]
2023-24,235,24,2024-02-10T15:00:00Z,,Luton,1,,Sheffield Utd,3,[null],"[""Morris""]","[null,486,null]","[""Archer"",""McAtee"",""Vini Souza""]",[null],"[""Adebayo""]","[null,null,null]","[""Lowe"",""Osborn"",""Vini Souza""]",[],[],[],[]
2023-24,238,24,2024-02-10T15:00:00Z,16,Spurs,2,6,Brighton,1,"[209,518]","[""Johnson"",""Sarr""]",[124],"[""Gross""]",[null],"[""Son""]",[136],"[""Welbeck""]",[],[],[],[]
2023-24,240,24,2024-02-10T15:00:00Z,,Wolves,0,4,Brentford,2,[],[],"[21,null]","[""Nørgaard"",""Toney""]",[],[],"[98,null]","[""Janelt"",""Reguilón""]",[],[],[],[]
2023-24,237,24,2024-02-10T17:30:00Z,12,Nott'm Forest,2,,Newcastle,3,"[482,454]","[""Hudson-Odoi"",""Elanga""]","[452,452,446]","[""Bruno G."",""Bruno G."",""Schär""]","[480,487]","[""Gibbs-White"",""Dominguez""]","[447,null]","[""Botman"",""Trippier""]",[],[],[],[]
2023-24,239,24,2024-02-11T14:00:00Z,18,West Ham,0,1,Arsenal,6,[],[],"[12,12,4,6,null,13]","[""Saka"",""Saka"",""Gabriel"",""Saliba"",""Trossard"",""Rice""]",[],[],"[15,15,13,13,10]","[""Ødegaard"",""Ødegaard"",""Rice"",""Rice"",""White""]",[],[],[],[]
2023-24,231,24,2024-02-11T16:30:00Z,2,Aston Villa,1,,Man Utd,2,[null],"[""Douglas Luiz""]","[null,null]","[""McTominay"",""Højlund""]",[44],"[""Bailey""]","[417,418]","[""Dalot"",""Maguire""]",[],[],[],[]
2023-24,232,24,2024-02-12T20:00:00Z,5,Crystal Palace,1,8,Chelsea,3,[213],"[""Lerma""]","[519,519,155]","[""Gallagher"",""Gallagher"",""Enzo""]",[],[],"[154,154,144]","[""Palmer"",""Palmer"",""Gusto""]",[],[],[],[]
2023-24,241,25,2024-02-17T12:30:00Z,4,Brentford,1,,Liverpool,4,[null],"[""Toney""]","[null,367,372,null]","[""Darwin"",""Gakpo"",""Mac Allister"",""Salah""]",[null],"[""Reguilón""]","[null,367,null,null]","[""Diogo J."",""Gakpo"",""Luis Díaz"",""Salah""]",[],[],[],[]
2023-24,242,25,2024-02-17T15:00:00Z,,Burnley,0,1,Arsenal,5,[],[],"[12,12,26,15,null]","[""Saka"",""Saka"",""Havertz"",""Ødegaard"",""Trossard""]",[],[],"[26,null,15,null]","[""Havertz"",""Kiwior"",""Ødegaard"",""Trossard""]",[],[],[],[]
2023-24,244,25,2024-02-17T15:00:00Z,7,Fulham,1,2,Aston Villa,2,[271],"[""Muniz""]","[55,55]","[""Watkins"",""Watkins""]",[254],"[""Robinson""]",[43],"[""Tielemans""]",[],[],[],[]
2023-24,247,25,2024-02-17T15:00:00Z,,Newcastle,2,,Bournemouth,2,"[null,null]","[""Gordon"",""Ritchie""]","[397,526]","[""Semenyo"",""Solanke""]",[446],"[""Schär""]",[526],"[""Solanke""]",[],[],[],[]
2023-24,248,25,2024-02-17T15:00:00Z,12,Nott'm Forest,2,18,West Ham,0,"[482,492]","[""Hudson-Odoi"",""Awoniyi""]",[],[],"[454,487]","[""Elanga"",""Dominguez""]",[],[],[],[],[],[]
2023-24,250,25,2024-02-17T15:00:00Z,16,Spurs,1,,Wolves,2,[521],"[""Kulusevski""]","[54,54]","[""João Gomes"",""João Gomes""]",[],[],"[156,null]","[""Neto"",""Sarabia""]",[],[],[],[]
2023-24,246,25,2024-02-17T17:30:00Z,,Man City,1,8,Chelsea,1,[402],"[""Rodrigo""]",[null],"[""Sterling""]",[null],"[""Walker""]",[166],"[""N.Jackson""]",[],[],[],[]
2023-24,249,25,2024-02-18T14:00:00Z,,Sheffield Utd,0,6,Brighton,5,[],[],"[546,546,128,136]","[""Adingra"",""Adingra"",""Buonanotte"",""Welbeck""]",[],[],"[121,121,116,124,null]","[""Mitoma"",""Mitoma"",""Dunk"",""Gross"",""Ansu Fati""]",[null],"[""Robinson""]",[],[]
2023-24,245,25,2024-02-18T16:30:00Z,,Luton,1,,Man Utd,2,[null],"[""Morris""]","[null,null]","[""Højlund"",""Højlund""]",[null],"[""Chong""]",[160],"[""Garnacho""]",[],[],[],[]
2023-24,243,25,2024-02-19T20:00:00Z,,Everton,1,5,Crystal Palace,1,[48],"[""Onana""]",[null],"[""J.Ayew""]",[241],"[""McNeil""]",[223],"[""Mateta""]",[],[],[],[]
2023-24,176,25,2024-02-20T19:30:00Z,,Man City,1,4,Brentford,0,[411],"[""Haaland""]",[],[],[null],"[""J.Alvarez""]",[],[],[],[],[],[]
2023-24,257,25,2024-02-21T19:30:00Z,,Liverpool,4,,Luton,1,"[383,367,null,356]","[""Elliott"",""Gakpo"",""Luis Díaz"",""Virgil""]",[null],"[""Ogbene""]","[372,372,502]","[""Mac Allister"",""Mac Allister"",""Robertson""]",[null],"[""Chong""]",[],[],[],[]
2023-24,252,26,2024-02-24T15:00:00Z,2,Aston Villa,4,12,Nott'm Forest,2,"[null,null,44,55]","[""Douglas Luiz"",""Douglas Luiz"",""Bailey"",""Watkins""]","[480,null]","[""Gibbs-White"",""Niakhaté""]","[44,45,456,55]","[""Bailey"",""McGinn"",""J.Ramsey"",""Watkins""]","[492,null]","[""Awoniyi"",""Origi""]",[],[],[],[]
2023-24,254,26,2024-02-24T15:00:00Z,6,Brighton,1,,Everton,1,[116],"[""Dunk""]",[230],"[""Branthwaite""]",[124],"[""Gross""]",[],[],[],[],[],[]
2023-24,256,26,2024-02-24T15:00:00Z,5,Crystal Palace,3,,Burnley,0,"[null,223,202]","[""J.Ayew"",""Mateta"",""C.Richards""]",[],[],"[217,217,null]","[""Matheus França"",""Matheus França"",""J.Ayew""]",[],[],[],[],[],[]
2023-24,258,26,2024-02-24T15:00:00Z,,Man Utd,1,7,Fulham,2,[418],"[""Maguire""]","[261,257]","[""Iwobi"",""Bassey""]",[426],"[""B.Fernandes""]","[null,258]","[""Adama"",""Castagne""]",[],[],[],[]
2023-24,253,26,2024-02-24T17:30:00Z,,Bournemouth,0,,Man City,1,[],[],[398],"[""Foden""]",[],[],[411],"[""Haaland""]",[],[],[],[]
2023-24,251,26,2024-02-24T20:00:00Z,1,Arsenal,4,,Newcastle,1,"[26,null,12]","[""Havertz"",""Kiwior"",""Saka""]",[460],"[""Willock""]","[26,18,13]","[""Havertz"",""Martinelli"",""Rice""]",[448],"[""Burn""]",[],[],[447],"[""Botman""]"
2023-24,260,26,2024-02-25T13:30:00Z,,Wolves,1,,Sheffield Utd,0,[null],"[""Sarabia""]",[],[],[392],"[""Aït-Nouri""]",[],[],[],[],[],[]
2023-24,259,26,2024-02-26T20:00:00Z,18,West Ham,4,4,Brentford,2,"[null,null,null,null]","[""Bowen"",""Bowen"",""Bowen"",""Emerson""]","[464,null]","[""Wissa"",""Maupay""]","[null,null,512]","[""Coufal"",""Emerson"",""Kudus""]","[96,86]","[""Damsgaard"",""Lewis-Potter""]",[],[],[],[]
2023-24,261,27,2024-03-02T15:00:00Z,4,Brentford,2,8,Chelsea,2,"[null,464]","[""Roerslev"",""Wissa""]","[166,153]","[""N.Jackson"",""Disasi""]","[104,null]","[""Onyeka"",""Reguilón""]","[144,154]","[""Gusto"",""Palmer""]",[],[],[],[]
2023-24,263,27,2024-03-02T15:00:00Z,,Everton,1,18,West Ham,3,[248],"[""Beto""]","[null,null,null]","[""Souček"",""Zouma"",""Álvarez""]",[239],"[""Garner""]","[null,null,512]","[""Bowen"",""Ward-Prowse"",""Kudus""]",[],[],[],[]
2023-24,264,27,2024-03-02T15:00:00Z,7,Fulham,3,6,Brighton,0,"[271,260,null]","[""Muniz"",""Wilson"",""Adama""]",[],[],"[null,271,260]","[""De Cordova-Reid"",""Muniz"",""Wilson""]",[],[],[],[],[],[]
2023-24,267,27,2024-03-02T15:00:00Z,,Newcastle,3,,Wolves,0,"[null,379,450]","[""Gordon"",""Isak"",""Livramento""]",[],[],"[452,446]","[""Bruno G."",""Schär""]",[],[],[],[],[],[]
2023-24,268,27,2024-03-02T15:00:00Z,12,Nott'm Forest,0,,Liverpool,1,[],[],[null],"[""Darwin""]",[],[],[372],"[""Mac Allister""]",[],[],[],[]
2023-24,270,27,2024-03-02T15:00:00Z,16,Spurs,3,5,Crystal Palace,1,"[500,null,null]","[""Romero"",""Son"",""Werner""]",[14],"[""Eze""]","[209,209,515]","[""Johnson"",""Johnson"",""Maddison""]",[],[],[],[],[],[]
2023-24,265,27,2024-03-02T17:30:00Z,,Luton,2,2,Aston Villa,3,"[null,null]","[""Morris"",""Chong""]","[55,55,30]","[""Watkins"",""Watkins"",""Digne""]","[null,null]","[""Burke"",""Doughty""]","[44,null,null]","[""Bailey"",""Douglas Luiz"",""Diaby""]",[],[],[],[]
2023-24,262,27,2024-03-03T13:00:00Z,,Burnley,0,,Bournemouth,2,[],[],"[70,397]","[""Kluivert"",""Semenyo""]",[],[],"[71,71]","[""L.Cook"",""L.Cook""]",[],[],[],[]
2023-24,266,27,2024-03-03T15:30:00Z,,Man City,3,,Man Utd,1,"[398,398,411]","[""Foden"",""Foden"",""Haaland""]",[429],"[""Rashford""]","[402,402,null]","[""Rodrigo"",""Rodrigo"",""J.Alvarez""]",[426],"[""B.Fernandes""]",[],[],[],[]
2023-24,269,27,2024-03-04T20:00:00Z,,Sheffield Utd,0,1,Arsenal,6,[],[],"[26,18,15,10,13]","[""Havertz"",""Martinelli"",""Ødegaard"",""White"",""Rice""]",[],[],"[12,12,26,null,18]","[""Saka"",""Saka"",""Havertz"",""Kiwior"",""Martinelli""]",[330],"[""Bogle""]",[],[]
2023-24,278,28,2024-03-09T12:30:00Z,,Man Utd,2,,Everton,0,"[426,429]","[""B.Fernandes"",""Rashford""]",[],[],"[160,160]","[""Garnacho"",""Garnacho""]",[],[],[],[],[],[]
2023-24,273,28,2024-03-09T15:00:00Z,,Bournemouth,2,,Sheffield Utd,2,"[95,80]","[""O.Dango"",""Enes Ünal""]","[null,null]","[""Robinson"",""Hamer""]","[75,95]","[""Christie"",""O.Dango""]",[330],"[""Bogle""]",[],[],[],[]
2023-24,276,28,2024-03-09T15:00:00Z,5,Crystal Palace,1,,Luton,1,[223],"[""Mateta""]",[null],"[""Woodrow""]",[201],"[""Muñoz""]",[null],"[""Townsend""]",[],[],[],[]
2023-24,280,28,2024-03-09T15:00:00Z,,Wolves,2,7,Fulham,1,[392],"[""Aït-Nouri""]",[261],"[""Iwobi""]","[null,null]","[""N.Semedo"",""Toti""]",[null],"[""Broja""]",[],[],[266],"[""Cairney""]"
2023-24,271,28,2024-03-09T17:30:00Z,1,Arsenal,2,4,Brentford,1,"[26,13]","[""Havertz"",""Rice""]",[464],"[""Wissa""]","[10,10]","[""White"",""White""]",[],[],[],[],[],[]
2023-24,272,28,2024-03-10T13:00:00Z,2,Aston Villa,0,16,Spurs,4,[],[],"[209,515,null,null]","[""Johnson"",""Maddison"",""Son"",""Werner""]",[],[],"[null,null,521,518]","[""Son"",""Son"",""Kulusevski"",""Sarr""]",[],[],[],[]
2023-24,274,28,2024-03-10T14:00:00Z,6,Brighton,1,12,Nott'm Forest,0,[],[],[],[],[124],"[""Gross""]",[],[],[],[],[null],"[""Omobamidele""]"
2023-24,279,28,2024-03-10T14:00:00Z,18,West Ham,2,,Burnley,2,"[null,null]","[""Ings"",""L.Paquetá""]",[null],"[""D.D.Fofana""]",[],[],[null],"[""Cullen""]",[null],"[""Mavropanos""]",[],[]
2023-24,277,28,2024-03-10T15:45:00Z,,Liverpool,1,,Man City,1,[372],"[""Mac Allister""]",[null],"[""Stones""]",[null],"[""Darwin""]",[null],"[""De Bruyne""]",[],[],[],[]
2023-24,275,28,2024-03-11T20:00:00Z,8,Chelsea,3,,Newcastle,2,"[578,166,154]","[""Mudryk"",""N.Jackson"",""Palmer""]","[379,457]","[""Isak"",""J.Murphy""]","[155,519,154]","[""Enzo"",""Gallagher"",""Palmer""]","[452,459]","[""Bruno G."",""Miley""]",[],[],[],[]
2023-24,162,28,2024-03-13T19:30:00Z,,Bournemouth,4,,Luton,3,"[397,397,526,null]","[""Semenyo"",""Semenyo"",""Solanke"",""Zabarnyi""]","[null,null,46]","[""Ogbene"",""Chong"",""Barkley""]","[80,80,75,null]","[""Enes Ünal"",""Enes Ünal"",""Christie"",""Mepham""]","[null,null,null]","[""Clark"",""Doughty"",""Kaboré""]",[],[],[],[]
2023-24,283,29,2024-03-16T15:00:00Z,,Burnley,2,4,Brentford,1,"[null,null]","[""D.D.Fofana"",""Bruun Larsen""]",[87],"[""Ajer""]","[null,517]","[""Vitinho"",""Odobert""]",[null],"[""Baptiste""]",[],[],[],[]
2023-24,287,29,2024-03-16T15:00:00Z,,Luton,1,12,Nott'm Forest,1,[null],"[""Berry""]",[490],"[""Wood""]",[null],"[""Burke""]",[480],"[""Gibbs-White""]",[],[],[],[]
2023-24,286,29,2024-03-16T17:30:00Z,7,Fulham,3,16,Spurs,0,"[271,271,267]","[""Muniz"",""Muniz"",""Lukić""]",[],[],"[254,258]","[""Robinson"",""Castagne""]",[],[],[],[],[],[]
2023-24,289,29,2024-03-17T14:00:00Z,18,West Ham,1,2,Aston Villa,1,[null],"[""Antonio""]",[null],"[""Zaniolo""]",[null],"[""Coufal""]",[null],"[""Diaby""]",[],[],[],[]
2023-24,297,30,2024-03-30T12:30:00Z,,Newcastle,4,18,West Ham,3,"[379,379,453,453]","[""Isak"",""Isak"",""Barnes"",""Barnes""]","[null,null,512]","[""Antonio"",""Bowen"",""Kudus""]","[null,null,null,379]","[""Gordon"",""Gordon"",""Gordon"",""Isak""]","[null,null,512]","[""Bowen"",""L.Paquetá"",""Kudus""]",[],[],[],[]
2023-24,292,30,2024-03-30T15:00:00Z,,Bournemouth,2,,Everton,1,[526],"[""Solanke""]",[248],"[""Beto""]","[null,64]","[""Kelly"",""Smith""]",[241],"[""McNeil""]",[],[],[null],"[""Coleman""]"
2023-24,294,30,2024-03-30T15:00:00Z,8,Chelsea,2,,Burnley,2,"[154,154]","[""Palmer"",""Palmer""]","[null,null]","[""Cullen"",""O'Shea""]","[578,null]","[""Mudryk"",""Sterling""]","[null,null]","[""Brownhill"",""Cullen""]",[],[],[],[]
2023-24,298,30,2024-03-30T15:00:00Z,12,Nott'm Forest,1,5,Crystal Palace,1,[490],"[""Wood""]",[223],"[""Mateta""]",[480],"[""Gibbs-White""]",[14],"[""Eze""]",[],[],[],[]
2023-24,299,30,2024-03-30T15:00:00Z,,Sheffield Utd,3,7,Fulham,3,"[null,null,null]","[""Brereton Díaz"",""Brereton Díaz"",""McBurnie""]","[null,271,null]","[""De Cordova-Reid"",""Muniz"",""J.Palhinha""]","[null,null,null]","[""McBurnie"",""Hamer"",""Brereton Díaz""]","[null,266,null]","[""Andreas"",""Cairney"",""Adama""]",[],[],[],[]
2023-24,300,30,2024-03-30T15:00:00Z,16,Spurs,2,,Luton,1,[null],"[""Son""]",[null],"[""Chong""]","[209,209]","[""Johnson"",""Johnson""]",[46],"[""Barkley""]",[],[],[null],"[""Kaboré""]"
2023-24,291,30,2024-03-30T17:30:00Z,2,Aston Villa,2,,Wolves,0,"[31,null]","[""Konsa"",""Diaby""]",[],[],[null],"[""Diaby""]",[],[],[],[],[],[]
2023-24,293,30,2024-03-30T20:00:00Z,4,Brentford,1,,Man Utd,1,[87],"[""Ajer""]",[430],"[""Mount""]",[null],"[""Toney""]",[null],"[""Casemiro""]",[],[],[],[]
2023-24,295,30,2024-03-31T13:00:00Z,,Liverpool,2,6,Brighton,1,"[null,null]","[""Luis Díaz"",""Salah""]",[136],"[""Welbeck""]",[372],"[""Mac Allister""]",[],[],[],[],[],[]
2023-24,296,30,2024-03-31T15:30:00Z,,Man City,0,1,Arsenal,0,[],[],[],[],[],[],[],[],[],[],[],[]
2023-24,310,31,2024-04-02T18:30:00Z,,Newcastle,1,,Everton,1,[379],"[""Isak""]",[346],"[""Calvert-Lewin""]",[453],"[""Barnes""]",[null],"[""Young""]",[],[],[],[]
2023-24,305,31,2024-04-02T18:30:00Z,12,Nott'm Forest,3,7,Fulham,1,"[482,480,490]","[""Hudson-Odoi"",""Gibbs-White"",""Wood""]",[147],"[""Tosin""]","[null,480,472]","[""Danilo"",""Gibbs-White"",""Murillo""]",[null],"[""Andreas""]",[],[],[],[]
2023-24,302,31,2024-04-02T18:45:00Z,,Bournemouth,1,5,Crystal Palace,0,[70],"[""Kluivert""]",[],[],[397],"[""Semenyo""]",[],[],[],[],[],[]
2023-24,304,31,2024-04-02T18:45:00Z,,Burnley,1,,Wolves,1,[null],"[""Bruun Larsen""]",[392],"[""Aït-Nouri""]",[null],"[""O'Shea""]",[null],"[""Sarabia""]",[],[],[],[]
2023-24,306,31,2024-04-02T19:15:00Z,18,West Ham,1,16,Spurs,1,[null],"[""Zouma""]",[209],"[""Johnson""]",[null],"[""Bowen""]",[null],"[""Werner""]",[],[],[],[]
2023-24,301,31,2024-04-03T18:30:00Z,1,Arsenal,2,,Luton,0,[15],"[""Ødegaard""]",[],[],"[26,262]","[""Havertz"",""Smith Rowe""]",[],[],[],[],[null],"[""Hashioka""]"
2023-24,303,31,2024-04-03T18:30:00Z,4,Brentford,0,6,Brighton,0,[],[],[],[],[],[],[],[],[],[],[],[]
2023-24,309,31,2024-04-03T19:15:00Z,,Man City,4,2,Aston Villa,1,"[398,398,398,402]","[""Foden"",""Foden"",""Foden"",""Rodrigo""]",[null],"[""Duran""]","[402,400]","[""Rodrigo"",""Doku""]",[40],"[""Rogers""]",[],[],[],[]
2023-24,308,31,2024-04-04T18:30:00Z,,Liverpool,3,,Sheffield Utd,1,"[null,367,372]","[""Darwin"",""Gakpo"",""Mac Allister""]",[],[],"[null,502]","[""Luis Díaz"",""Robertson""]",[null],"[""Hamer""]",[360],"[""Bradley""]",[],[]
2023-24,307,31,2024-04-04T19:15:00Z,8,Chelsea,4,,Man Utd,3,"[154,154,154,519]","[""Palmer"",""Palmer"",""Palmer"",""Gallagher""]","[160,160,426]","[""Garnacho"",""Garnacho"",""B.Fernandes""]","[null,155,16]","[""Cucurella"",""Enzo"",""Madueke""]","[null,417]","[""Antony"",""Dalot""]",[],[],[],[]
2023-24,313,32,2024-04-06T11:30:00Z,5,Crystal Palace,2,,Man City,4,"[null,223]","[""Edouard"",""Mateta""]","[null,null,411,395]","[""De Bruyne"",""De Bruyne"",""Haaland"",""R.Lewis""]","[null,210]","[""Schlupp"",""Wharton""]","[null,402]","[""De Bruyne"",""Rodrigo""]",[],[],[],[]
2023-24,311,32,2024-04-06T14:00:00Z,2,Aston Villa,3,4,Brentford,3,"[55,55,40]","[""Watkins"",""Watkins"",""Rogers""]","[427,464,null]","[""Mbeumo"",""Wissa"",""Zanka""]","[44,45,43]","[""Bailey"",""McGinn"",""Tielemans""]","[null,null,96]","[""Reguilón"",""Reguilón"",""Damsgaard""]",[],[],[],[]
2023-24,314,32,2024-04-06T14:00:00Z,,Everton,1,,Burnley,0,[346],"[""Calvert-Lewin""]",[],[],[],[],[],[],[],[],[],[]
2023-24,315,32,2024-04-06T14:00:00Z,7,Fulham,0,,Newcastle,1,[],[],[452],"[""Bruno G.""]",[],[],[],[],[],[],[],[]
2023-24,316,32,2024-04-06T14:00:00Z,,Luton,2,,Bournemouth,1,"[null,null]","[""Clark"",""Morris""]",[68],"[""Tavernier""]","[null,null]","[""Berry"",""Woodrow""]",[70],"[""Kluivert""]",[],[],[],[]
2023-24,320,32,2024-04-06T14:00:00Z,,Wolves,1,18,West Ham,2,[null],"[""Sarabia""]","[null,null]","[""L.Paquetá"",""Ward-Prowse""]",[392],"[""Aït-Nouri""]",[null],"[""Emerson""]",[],[],[],[]
2023-24,312,32,2024-04-06T16:30:00Z,6,Brighton,0,1,Arsenal,3,[],[],"[26,12,null]","[""Havertz"",""Saka"",""Trossard""]",[],[],"[26,27,null]","[""Havertz"",""G.Jesus"",""Jorginho""]",[],[],[],[]
2023-24,317,32,2024-04-07T14:30:00Z,,Man Utd,2,,Liverpool,2,"[426,432]","[""B.Fernandes"",""Mainoo""]","[null,null]","[""Luis Díaz"",""Salah""]",[611],"[""Wan-Bissaka""]","[null,383]","[""Darwin"",""Elliott""]",[],[],[],[]
2023-24,318,32,2024-04-07T16:30:00Z,,Sheffield Utd,2,8,Chelsea,2,"[330,null]","[""Bogle"",""McBurnie""]","[16,null]","[""Madueke"",""T.Silva""]","[null,null]","[""Archer"",""Hamer""]","[519,154]","[""Gallagher"",""Palmer""]",[],[],[],[]
2023-24,319,32,2024-04-07T17:00:00Z,16,Spurs,3,12,Nott'm Forest,1,"[499,503]","[""Pedro Porro"",""Van de Ven""]",[490],"[""Wood""]","[516,null,null]","[""Bentancur"",""Son"",""Werner""]",[454],"[""Elanga""]",[],[],[472],"[""Murillo""]"
2023-24,328,33,2024-04-13T11:30:00Z,,Newcastle,4,16,Spurs,0,"[379,379,null,446]","[""Isak"",""Isak"",""Gordon"",""Schär""]",[],[],"[null,null,452]","[""Gordon"",""Gordon"",""Bruno G.""]",[],[],[],[],[],[]
2023-24,323,33,2024-04-13T14:00:00Z,4,Brentford,2,,Sheffield Utd,0,[104],"[""Onyeka""]",[],[],"[96,94]","[""Damsgaard"",""Schade""]",[],[],[],[],[null],"[""Arblaster""]"
2023-24,324,33,2024-04-13T14:00:00Z,,Burnley,1,6,Brighton,1,[null],"[""Brownhill""]",[],[],[],[],[],[],[null],"[""Muric""]",[],[]
2023-24,327,33,2024-04-13T14:00:00Z,,Man City,5,,Luton,1,"[411,406,391,400]","[""Haaland"",""Kovačić"",""Gvardiol"",""Doku""]",[46],"[""Barkley""]","[400,400,null,411,391]","[""Doku"",""Doku"",""J.Alvarez"",""Haaland"",""Gvardiol""]",[],[],[],[],[null],"[""Hashioka""]"
2023-24,329,33,2024-04-13T14:00:00Z,12,Nott'm Forest,2,,Wolves,2,"[null,480]","[""Danilo"",""Gibbs-White""]","[428,428]","[""Cunha"",""Cunha""]",[null],"[""Reyna""]","[null,null]","[""José Sá"",""Toti""]",[],[],[],[]
2023-24,322,33,2024-04-13T16:30:00Z,,Bournemouth,2,,Man Utd,2,"[70,526]","[""Kluivert"",""Solanke""]","[426,426]","[""B.Fernandes"",""B.Fernandes""]","[498,498]","[""Senesi"",""Senesi""]",[160],"[""Garnacho""]",[],[],[],[]
2023-24,326,33,2024-04-14T13:00:00Z,,Liverpool,0,5,Crystal Palace,1,[],[],[14],"[""Eze""]",[],[],[204],"[""Mitchell""]",[],[],[],[]
2023-24,330,33,2024-04-14T13:00:00Z,18,West Ham,0,7,Fulham,2,[],[],"[null,null]","[""Andreas"",""Andreas""]",[],[],[261],"[""Iwobi""]",[],[],[],[]
2023-24,321,33,2024-04-14T15:30:00Z,1,Arsenal,0,2,Aston Villa,2,[],[],"[44,55]","[""Bailey"",""Watkins""]",[],[],"[30,43]","[""Digne"",""Tielemans""]",[],[],[],[]
2023-24,325,33,2024-04-15T19:00:00Z,8,Chelsea,6,,Everton,0,"[154,154,154,154,166,null]","[""Palmer"",""Palmer"",""Palmer"",""Palmer"",""N.Jackson"",""Gilchrist""]",[],[],"[166,166,null,null]","[""N.Jackson"",""N.Jackson"",""Chilwell"",""Cucurella""]",[],[],[],[],[],[]
2023-24,336,34,2024-04-20T14:00:00Z,,Luton,1,4,Brentford,5,[null],"[""Berry""]","[464,464,86,91,94]","[""Wissa"",""Wissa"",""Lewis-Potter"",""Pinnock"",""Schade""]",[],[],"[427,427,98,null]","[""Mbeumo"",""Mbeumo"",""Janelt"",""Reguilón""]",[],[],[],[]
2023-24,338,34,2024-04-20T14:00:00Z,,Sheffield Utd,1,,Burnley,4,[null],"[""Hamer""]","[null,null,null,null]","[""Foster"",""Gudmundsson"",""Bruun Larsen"",""Assignon""]",[486],"[""McAtee""]","[null,null,517,null]","[""Cullen"",""Vitinho"",""Odobert"",""Assignon""]",[],[],[],[]
2023-24,340,34,2024-04-20T18:30:00Z,,Wolves,0,1,Arsenal,2,[],[],"[15,null]","[""Ødegaard"",""Trossard""]",[],[],[27],"[""G.Jesus""]",[],[],[],[]
2023-24,334,34,2024-04-21T12:30:00Z,,Everton,2,12,Nott'm Forest,0,"[null,241]","[""Gana"",""McNeil""]",[],[],[null],"[""A.Doucoure""]",[],[],[],[],[],[]
2023-24,331,34,2024-04-21T14:00:00Z,2,Aston Villa,3,,Bournemouth,1,"[44,null,40]","[""Bailey"",""Diaby"",""Rogers""]",[526],"[""Solanke""]","[55,55,44]","[""Watkins"",""Watkins"",""Bailey""]",[358],"[""Kerkez""]",[],[],[],[]
2023-24,333,34,2024-04-21T14:00:00Z,5,Crystal Palace,5,18,West Ham,2,"[223,223,14,null]","[""Mateta"",""Mateta"",""Eze"",""Olise""]",[null],"[""Antonio""]","[253,14,212,223,null]","[""Andersen"",""Eze"",""Hughes"",""Mateta"",""Olise""]",[null],"[""Souček""]",[198],"[""Henderson""]",[null],"[""Emerson""]"
2023-24,335,34,2024-04-21T15:30:00Z,7,Fulham,1,,Liverpool,3,[258],"[""Castagne""]","[null,null,371]","[""Alexander-Arnold"",""Diogo J."",""Gravenberch""]",[271],"[""Muniz""]","[null,383,367]","[""Diogo J."",""Elliott"",""Gakpo""]",[],[],[],[]
2023-24,281,34,2024-04-23T19:00:00Z,1,Arsenal,5,8,Chelsea,0,"[26,26,10,10,null]","[""Havertz"",""Havertz"",""White"",""White"",""Trossard""]",[],[],"[15,15,13,13,12]","[""Ødegaard"",""Ødegaard"",""Rice"",""Rice"",""Saka""]",[],[],[],[],[],[]
2023-24,290,34,2024-04-24T18:45:00Z,,Wolves,0,,Bournemouth,1,[],[],[397],"[""Semenyo""]",[],[],[],[],[],[],[],[]
2023-24,284,34,2024-04-24T19:00:00Z,5,Crystal Palace,2,,Newcastle,0,"[223,223]","[""Mateta"",""Mateta""]",[],[],"[null,212]","[""J.Ayew"",""Hughes""]",[],[],[],[],[],[]
2023-24,285,34,2024-04-24T19:00:00Z,,Everton,2,,Liverpool,0,"[230,346]","[""Branthwaite"",""Calvert-Lewin""]",[],[],[241],"[""McNeil""]",[],[],[],[],[],[]
2023-24,288,34,2024-04-24T19:00:00Z,,Man Utd,4,,Sheffield Utd,2,"[426,426,418,null]","[""B.Fernandes"",""B.Fernandes"",""Maguire"",""Højlund""]","[330,null]","[""Bogle"",""Brereton Díaz""]","[426,160,418,432]","[""B.Fernandes"",""Garnacho"",""Maguire"",""Mainoo""]",[null],"[""Osborn""]",[],[],[],[]
2023-24,282,34,2024-04-25T19:00:00Z,6,Brighton,0,,Man City,4,[],[],"[398,398,null,null]","[""Foden"",""Foden"",""J.Alvarez"",""De Bruyne""]",[],[],"[null,null,null]","[""Walker"",""Walker"",""Bernardo""]",[],[],[],[]
2023-24,349,35,2024-04-27T11:30:00Z,18,West Ham,2,,Liverpool,2,"[null,null]","[""Antonio"",""Bowen""]",[502],"[""Robertson""]","[null,512]","[""Bowen"",""Kudus""]",[null],"[""Luis Díaz""]",[null],"[""Areola""]",[],[]
2023-24,344,35,2024-04-27T14:00:00Z,7,Fulham,1,5,Crystal Palace,1,[271],"[""Muniz""]",[null],"[""Schlupp""]",[258],"[""Castagne""]",[210],"[""Wharton""]",[],[],[],[]
2023-24,345,35,2024-04-27T14:00:00Z,,Man Utd,1,,Burnley,1,[null],"[""Antony""]",[null],"[""Amdouni""]",[],[],[],[],[],[],[],[]
2023-24,346,35,2024-04-27T14:00:00Z,,Newcastle,5,,Sheffield Utd,1,"[379,379,452,108]","[""Isak"",""Isak"",""Bruno G."",""Wilson""]",[null],"[""Ahmedhodžić""]","[null,null,457,453]","[""Gordon"",""Gordon"",""J.Murphy"",""Barnes""]",[null],"[""Hamer""]",[],[],[null],"[""Osborn""]"
2023-24,350,35,2024-04-27T14:00:00Z,,Wolves,2,,Luton,1,"[null,null]","[""Hee Chan"",""Toti""]",[null],"[""Morris""]","[null,428]","[""Mario Jr."",""Cunha""]",[null],"[""Burke""]",[],[],[],[]
2023-24,343,35,2024-04-27T16:30:00Z,,Everton,1,4,Brentford,0,[null],"[""Gana""]",[],[],[],[],[],[],[],[],[],[]
2023-24,341,35,2024-04-27T19:00:00Z,2,Aston Villa,2,8,Chelsea,2,[40],"[""Rogers""]","[519,16]","[""Gallagher"",""Madueke""]","[32,45]","[""Cash"",""McGinn""]",[16],"[""Madueke""]",[],[],[null],"[""Cucurella""]"
2023-24,342,35,2024-04-28T13:00:00Z,,Bournemouth,3,6,Brighton,0,"[70,498,80]","[""Kluivert"",""Senesi"",""Enes Ünal""]",[],[],"[75,95,80]","[""Christie"",""O.Dango"",""Enes Ünal""]",[],[],[],[],[],[]
2023-24,348,35,2024-04-28T13:00:00Z,16,Spurs,2,1,Arsenal,3,"[500,null]","[""Romero"",""Son""]","[26,12]","[""Havertz"",""Saka""]",[508],"[""Davies""]","[26,12,13]","[""Havertz"",""Saka"",""Rice""]",[null],"[""Højbjerg""]",[],[]
2023-24,347,35,2024-04-28T15:30:00Z,12,Nott'm Forest,0,,Man City,2,[],[],"[411,391]","[""Haaland"",""Gvardiol""]",[],[],"[null,null]","[""De Bruyne"",""De Bruyne""]",[],[],[],[]
2023-24,255,35,2024-05-02T18:30:00Z,8,Chelsea,2,16,Spurs,0,"[143,166]","[""Chalobah"",""N.Jackson""]",[],[],"[519,154]","[""Gallagher"",""Palmer""]",[],[],[],[],[],[]
2023-24,358,36,2024-05-03T19:00:00Z,,Luton,1,,Everton,1,[null],"[""Adebayo""]",[346],"[""Calvert-Lewin""]",[null],"[""Sambi""]",[230],"[""Branthwaite""]",[],[],[],[]
2023-24,351,36,2024-05-04T11:30:00Z,1,Arsenal,3,,Bournemouth,0,"[12,null,13]","[""Saka"",""Trossard"",""Rice""]",[],[],"[26,27,13]","[""Havertz"",""G.Jesus"",""Rice""]",[],[],[],[],[],[]
2023-24,352,36,2024-05-04T14:00:00Z,4,Brentford,0,7,Fulham,0,[],[],[],[],[],[],[],[],[],[],[],[]
2023-24,354,36,2024-05-04T14:00:00Z,,Burnley,1,,Newcastle,4,[null],"[""O'Shea""]","[452,379,339,108]","[""Bruno G."",""Isak"",""Longstaff"",""Wilson""]",[null],"[""Gudmundsson""]","[457,457,null,379]","[""J.Murphy"",""J.Murphy"",""Gordon"",""Isak""]",[],[],[],[]
2023-24,360,36,2024-05-04T14:00:00Z,,Sheffield Utd,1,12,Nott'm Forest,3,[null],"[""Brereton Díaz""]","[482,482,489]","[""Hudson-Odoi"",""Hudson-Odoi"",""Yates""]",[],[],"[null,null,480]","[""Boly"",""Danilo"",""Gibbs-White""]",[],[],[],[]
2023-24,359,36,2024-05-04T16:30:00Z,,Man City,5,,Wolves,1,"[411,411,411,411,null]","[""Haaland"",""Haaland"",""Haaland"",""Haaland"",""J.Alvarez""]",[null],"[""Hee Chan""]","[402,402,398,391]","[""Rodrigo"",""Rodrigo"",""Foden"",""Gvardiol""]",[null],"[""Bellegarde""]",[],[],[],[]
2023-24,353,36,2024-05-05T13:00:00Z,6,Brighton,1,2,Aston Villa,0,[165],"[""João Pedro""]",[],[],[],[],[],[],[],[],[],[]
2023-24,355,36,2024-05-05T13:00:00Z,8,Chelsea,5,18,West Ham,0,"[166,166,519,16,154]","[""N.Jackson"",""N.Jackson"",""Gallagher"",""Madueke"",""Palmer""]",[],[],"[159,16,166,null]","[""Caicedo"",""Madueke"",""N.Jackson"",""T.Silva""]",[],[],[],[],[],[]
2023-24,357,36,2024-05-05T15:30:00Z,,Liverpool,4,16,Spurs,2,"[383,367,502,null]","[""Elliott"",""Gakpo"",""Robertson"",""Salah""]","[527,null]","[""Richarlison"",""Son""]","[null,null,383,367]","[""Salah"",""Salah"",""Elliott"",""Gakpo""]","[209,527]","[""Johnson"",""Richarlison""]",[],[],[],[]
2023-24,356,36,2024-05-06T19:00:00Z,5,Crystal Palace,4,,Man Utd,0,"[null,null,223,204]","[""Olise"",""Olise"",""Mateta"",""Mitchell""]",[],[],"[201,201,202]","[""Muñoz"",""Muñoz"",""C.Richards""]",[],[],[],[],[],[]
2023-24,364,37,2024-05-11T11:30:00Z,7,Fulham,0,,Man City,4,[],[],"[391,391,null,398]","[""Gvardiol"",""Gvardiol"",""J.Alvarez"",""Foden""]",[],[],"[null,null,null]","[""Bernardo"",""Bernardo"",""De Bruyne""]",[],[],[],[]
2023-24,362,37,2024-05-11T14:00:00Z,,Bournemouth,1,4,Brentford,2,[526],"[""Solanke""]","[427,464]","[""Mbeumo"",""Wissa""]",[498],"[""Senesi""]","[427,464]","[""Mbeumo"",""Wissa""]",[],[],[],[]
2023-24,363,37,2024-05-11T14:00:00Z,,Everton,1,,Sheffield Utd,0,[null],"[""A.Doucoure""]",[],[],[346],"[""Calvert-Lewin""]",[],[],[],[],[],[]
2023-24,366,37,2024-05-11T14:00:00Z,,Newcastle,1,6,Brighton,1,[339],"[""Longstaff""]",[null],"[""Veltman""]",[481],"[""Anderson""]",[136],"[""Welbeck""]",[],[],[],[]
2023-24,368,37,2024-05-11T14:00:00Z,16,Spurs,2,,Burnley,1,"[499,503]","[""Pedro Porro"",""Van de Ven""]",[null],"[""Bruun Larsen""]","[209,515]","[""Johnson"",""Maddison""]",[265],"[""Berge""]",[],[],[],[]
2023-24,369,37,2024-05-11T14:00:00Z,18,West Ham,3,,Luton,1,"[null,null,null]","[""Souček"",""Ward-Prowse"",""Earthy""]",[null],"[""Sambi""]",[512],"[""Kudus""]",[null],"[""Doughty""]",[],[],[],[]
2023-24,370,37,2024-05-11T14:00:00Z,,Wolves,1,5,Crystal Palace,3,[428],"[""Cunha""]","[14,223,null]","[""Eze"",""Mateta"",""Olise""]",[],[],"[null,null,210]","[""Clyne"",""Olise"",""Wharton""]",[],[],[],[]
2023-24,367,37,2024-05-11T16:30:00Z,12,Nott'm Forest,2,8,Chelsea,3,"[482,null]","[""Hudson-Odoi"",""Boly""]","[578,166,null]","[""Mudryk"",""N.Jackson"",""Sterling""]","[480,480]","[""Gibbs-White"",""Gibbs-White""]","[159,142,154]","[""Caicedo"",""James"",""Palmer""]",[],[],[],[]
2023-24,365,37,2024-05-12T15:30:00Z,,Man Utd,0,1,Arsenal,1,[],[],[null],"[""Trossard""]",[],[],[26],"[""Havertz""]",[],[],[],[]
2023-24,361,37,2024-05-13T19:00:00Z,2,Aston Villa,3,,Liverpool,3,"[null,null,43]","[""Duran"",""Duran"",""Tielemans""]","[367,null]","[""Gakpo"",""Quansah""]","[null,55,null]","[""Chambers"",""Watkins"",""Diaby""]","[383,359]","[""Elliott"",""Gomez""]",[28],"[""Martinez""]",[],[]
2023-24,339,37,2024-05-14T19:00:00Z,16,Spurs,0,,Man City,2,[],[],"[411,411]","[""Haaland"",""Haaland""]",[],[],"[null,400]","[""De Bruyne"",""Doku""]",[],[],[],[]
2023-24,332,37,2024-05-15T18:45:00Z,6,Brighton,1,8,Chelsea,2,[136],"[""Welbeck""]","[null,154]","[""Nkunku"",""Palmer""]",[165],"[""João Pedro""]","[null,144]","[""Cucurella"",""Gusto""]",[],[],[],[]
2023-24,337,37,2024-05-15T19:00:00Z,,Man Utd,3,,Newcastle,2,"[431,432,null]","[""Amad"",""Mainoo"",""Højlund""]","[449,null]","[""Hall"",""Gordon""]","[431,426]","[""Amad"",""B.Fernandes""]",[457],"[""J.Murphy""]",[],[],[],[]
2023-24,371,38,2024-05-19T15:00:00Z,1,Arsenal,2,,Everton,1,"[26,null]","[""Havertz"",""Tomiyasu""]",[null],"[""Gana""]","[15,15]","[""Ødegaard"",""Ødegaard""]",[241],"[""McNeil""]",[],[],[],[]
2023-24,372,38,2024-05-19T15:00:00Z,4,Brentford,2,,Newcastle,4,"[98,464]","[""Janelt"",""Wissa""]","[452,379,457,453]","[""Bruno G."",""Isak"",""J.Murphy"",""Barnes""]","[null,464]","[""Toney"",""Wissa""]","[452,452,379,379]","[""Bruno G."",""Bruno G."",""Isak"",""Isak""]",[],[],[],[]
2023-24,373,38,2024-05-19T15:00:00Z,6,Brighton,0,,Man Utd,2,[],[],"[417,null]","[""Dalot"",""Højlund""]",[],[],"[null,null]","[""Casemiro"",""Eriksen""]",[],[],[],[]
2023-24,374,38,2024-05-19T15:00:00Z,,Burnley,1,12,Nott'm Forest,2,[null],"[""Cullen""]","[490,490]","[""Wood"",""Wood""]",[null],"[""Vitinho""]","[454,489]","[""Elanga"",""Yates""]",[],[],[],[]
2023-24,375,38,2024-05-19T15:00:00Z,8,Chelsea,2,,Bournemouth,1,"[159,null]","[""Caicedo"",""Sterling""]",[],[],[154],"[""Palmer""]",[80],"[""Enes Ünal""]",[146],"[""B.Badiashile""]",[],[]
2023-24,376,38,2024-05-19T15:00:00Z,5,Crystal Palace,5,2,Aston Villa,0,"[223,223,223,14,14]","[""Mateta"",""Mateta"",""Mateta"",""Eze"",""Eze""]",[],[],"[14,223,null,201]","[""Eze"",""Mateta"",""Olise"",""Muñoz""]",[],[],[],[],[],[]
2023-24,377,38,2024-05-19T15:00:00Z,,Liverpool,2,,Wolves,0,"[372,null]","[""Mac Allister"",""Quansah""]",[],[],"[383,null]","[""Elliott"",""Salah""]",[],[],[],[],[],[]
2023-24,378,38,2024-05-19T15:00:00Z,,Luton,2,7,Fulham,4,"[null,null]","[""Doughty"",""Morris""]","[null,null,260,null]","[""Raúl"",""Raúl"",""Wilson"",""Adama""]","[null,null]","[""Ogbene"",""Ogbene""]","[260,260,270,null]","[""Wilson"",""Wilson"",""Reed"",""Adama""]",[],[],[],[]
2023-24,379,38,2024-05-19T15:00:00Z,,Man City,3,18,West Ham,1,"[398,398,402]","[""Foden"",""Foden"",""Rodrigo""]",[512],"[""Kudus""]","[null,null,400]","[""Bernardo"",""Bernardo"",""Doku""]",[],[],[],[],[],[]
2023-24,380,38,2024-05-19T15:00:00Z,,Sheffield Utd,0,16,Spurs,3,[],[],"[521,521,499]","[""Kulusevski"",""Kulusevski"",""Pedro Porro""]",[],[],"[209,515,null]","[""Johnson"",""Maddison"",""Son""]",[],[],[],[]
2024-25,1,1,2024-08-16T19:00:00Z,,Man Utd,1,7,Fulham,0,[440],"[""Zirkzee""]",[],[],[160],"[""Garnacho""]",[],[],[],[],[],[]
2024-25,4,1,2024-08-17T11:30:00Z,,Ipswich,0,,Liverpool,2,[],[],"[null,null]","[""Diogo J."",""M.Salah""]",[],[],"[null,368]","[""M.Salah"",""Szoboszlai""]",[],[],[],[]
2024-25,2,1,2024-08-17T14:00:00Z,1,Arsenal,2,,Wolves,0,"[26,12]","[""Havertz"",""Saka""]",[],[],"[26,12]","[""Havertz"",""Saka""]",[],[],[],[],[],[]
2024-25,3,1,2024-08-17T14:00:00Z,,Everton,0,6,Brighton,3,[],[],"[546,121,136]","[""Adingra"",""Mitoma"",""Welbeck""]",[],[],"[122,136,130]","[""Minteh"",""Welbeck"",""Wieffer""]",[],[],[],[]
2024-25,5,1,2024-08-17T14:00:00Z,,Newcastle,1,,Southampton,0,[458],"[""Joelinton""]",[],[],[379],"[""Isak""]",[],[],[],[],[],[]
2024-25,6,1,2024-08-17T14:00:00Z,12,Nott'm Forest,1,,Bournemouth,1,[490],"[""Wood""]",[397],"[""Semenyo""]",[489],"[""Yates""]",[],[],[],[],[],[]
2024-25,7,1,2024-08-17T16:30:00Z,18,West Ham,1,2,Aston Villa,2,[null],"[""L.Paquetá""]","[null,48]","[""Duran"",""Onana""]",[null],"[""Souček""]","[456,43]","[""Ramsey"",""Tielemans""]",[],[],[],[]
2024-25,8,1,2024-08-18T13:00:00Z,4,Brentford,2,5,Crystal Palace,1,"[427,464]","[""Mbeumo"",""Wissa""]",[],[],"[84,464]","[""Collins"",""Wissa""]",[201],"[""Muñoz""]",[91],"[""Pinnock""]",[],[]
2024-25,9,1,2024-08-18T15:30:00Z,8,Chelsea,0,,Man City,2,[],[],"[411,406]","[""Haaland"",""Kovačić""]",[],[],[null],"[""Bernardo""]",[],[],[],[]
2024-25,10,1,2024-08-19T19:00:00Z,,Leicester,1,16,Spurs,1,[null],"[""Vardy""]",[499],"[""Pedro Porro""]",[null],"[""A.Fatawu""]",[515],"[""Maddison""]",[],[],[],[]
2024-25,13,2,2024-08-24T11:30:00Z,6,Brighton,2,,Man Utd,1,"[165,136]","[""João Pedro"",""Welbeck""]",[431],"[""Amad""]","[546,121]","[""Adingra"",""Mitoma""]",[422],"[""Mazraoui""]",[],[],[],[]
2024-25,14,2,2024-08-24T14:00:00Z,5,Crystal Palace,0,18,West Ham,2,[],[],"[null,null]","[""Bowen"",""Souček""]",[],[],[null],"[""Kilman""]",[],[],[],[]
2024-25,15,2,2024-08-24T14:00:00Z,7,Fulham,2,,Leicester,1,"[262,261]","[""Smith Rowe"",""Iwobi""]",[null],"[""Faes""]","[null,254]","[""Adama"",""Robinson""]",[128],"[""Buonanotte""]",[],[],[],[]
2024-25,17,2,2024-08-24T14:00:00Z,,Man City,4,,Ipswich,1,"[411,411,411,null]","[""Haaland"",""Haaland"",""Haaland"",""De Bruyne""]",[null],"[""Szmodics""]","[403,403,null]","[""Savinho"",""Savinho"",""De Bruyne""]",[null],"[""Johnson""]",[],[],[],[]
2024-25,18,2,2024-08-24T14:00:00Z,,Southampton,0,12,Nott'm Forest,1,[],[],[480],"[""Gibbs-White""]",[],[],[],[],[],[],[],[]
2024-25,19,2,2024-08-24T14:00:00Z,16,Spurs,4,,Everton,0,"[null,null,null,500]","[""Son"",""Son"",""Bissouma"",""Romero""]",[],[],"[521,515,503]","[""Kulusevski"",""Maddison"",""Van de Ven""]",[],[],[],[],[],[]
2024-25,11,2,2024-08-24T16:30:00Z,2,Aston Villa,0,1,Arsenal,2,[],[],"[null,null]","[""Thomas"",""Trossard""]",[],[],[12],"[""Saka""]",[],[],[],[]
2024-25,12,2,2024-08-25T13:00:00Z,,Bournemouth,1,,Newcastle,1,[68],"[""Tavernier""]",[null],"[""Gordon""]",[397],"[""Semenyo""]",[453],"[""Barnes""]",[],[],[],[]
2024-25,20,2,2024-08-25T13:00:00Z,,Wolves,2,8,Chelsea,6,"[428,222]","[""Cunha"",""Strand Larsen""]","[16,16,16,166,154,null]","[""Madueke"",""Madueke"",""Madueke"",""N.Jackson"",""Palmer"",""João Félix""]","[392,null]","[""Aït-Nouri"",""Toti""]","[154,154,154,166,156]","[""Palmer"",""Palmer"",""Palmer"",""N.Jackson"",""Neto""]",[],[],[],[]
2024-25,16,2,2024-08-25T15:30:00Z,,Liverpool,2,4,Brentford,0,"[null,null]","[""Luis Díaz"",""M.Salah""]",[],[],"[null,null]","[""Diogo J."",""Luis Díaz""]",[],[],[],[],[],[]
2024-25,21,3,2024-08-31T11:30:00Z,1,Arsenal,1,6,Brighton,1,[26],"[""Havertz""]",[165],"[""João Pedro""]",[12],"[""Saka""]",[122],"[""Minteh""]",[],[],[],[]
2024-25,22,3,2024-08-31T14:00:00Z,4,Brentford,3,,Southampton,1,"[427,427,464]","[""Mbeumo"",""Mbeumo"",""Wissa""]",[null],"[""Sugawara""]","[84,97,94]","[""Collins"",""Jensen"",""Schade""]",[null],"[""Lallana""]",[],[],[],[]
2024-25,24,3,2024-08-31T14:00:00Z,,Everton,2,,Bournemouth,3,"[346,231]","[""Calvert-Lewin"",""Keane""]","[71,397,null]","[""Cook"",""Semenyo"",""Sinisterra""]","[346,241]","[""Calvert-Lewin"",""McNeil""]","[70,95,null]","[""Kluivert"",""O.Dango"",""Sinisterra""]",[],[],[],[]
2024-25,25,3,2024-08-31T14:00:00Z,,Ipswich,1,7,Fulham,1,[167],"[""Delap""]",[null],"[""Adama""]",[null],"[""Davis""]",[254],"[""Robinson""]",[],[],[],[]
2024-25,26,3,2024-08-31T14:00:00Z,,Leicester,1,2,Aston Villa,2,[128],"[""Buonanotte""]","[null,48]","[""Duran"",""Onana""]",[null],"[""Ndidi""]","[30,55]","[""Digne"",""Watkins""]",[],[],[],[]
2024-25,29,3,2024-08-31T14:00:00Z,12,Nott'm Forest,1,,Wolves,1,[490],"[""Wood""]",[null],"[""Bellegarde""]",[481],"[""Anderson""]",[null],"[""Mario Jr.""]",[],[],[],[]
2024-25,30,3,2024-08-31T16:30:00Z,18,West Ham,1,,Man City,3,[],[],"[411,411,411]","[""Haaland"",""Haaland"",""Haaland""]",[null],"[""Bowen""]","[null,395,389]","[""Bernardo"",""Lewis"",""Matheus N.""]",[],[],[390],"[""Rúben""]"
2024-25,23,3,2024-09-01T12:30:00Z,8,Chelsea,1,5,Crystal Palace,1,[166],"[""N.Jackson""]",[14],"[""Eze""]",[154],"[""Palmer""]",[218],"[""C.Doucouré""]",[],[],[],[]
2024-25,28,3,2024-09-01T12:30:00Z,,Newcastle,2,16,Spurs,1,"[453,379]","[""Barnes"",""Isak""]",[],[],"[457,null]","[""J.Murphy"",""Kelly""]",[209],"[""Johnson""]",[448],"[""Burn""]",[],[]
2024-25,27,3,2024-09-01T15:00:00Z,,Man Utd,0,,Liverpool,3,[],[],"[null,null,null]","[""Luis Díaz"",""Luis Díaz"",""M.Salah""]",[],[],"[null,null,368]","[""M.Salah"",""M.Salah"",""Szoboszlai""]",[],[],[],[]
2024-25,38,4,2024-09-14T11:30:00Z,,Southampton,0,,Man Utd,3,[],[],"[160,429,416]","[""Garnacho"",""Rashford"",""De Ligt""]",[],[],"[431,426,417]","[""Amad"",""B.Fernandes"",""Dalot""]",[],[],[],[]
2024-25,33,4,2024-09-14T14:00:00Z,6,Brighton,0,,Ipswich,0,[],[],[],[],[],[],[],[],[],[],[],[]
2024-25,34,4,2024-09-14T14:00:00Z,5,Crystal Palace,2,,Leicester,2,"[223,223]","[""Mateta"",""Mateta""]","[null,null]","[""Mavididi"",""Vardy""]","[204,208]","[""Mitchell"",""I.Sarr""]","[null,null]","[""Ndidi"",""Ndidi""]",[],[],[],[]
2024-25,35,4,2024-09-14T14:00:00Z,7,Fulham,1,18,West Ham,1,[null],"[""Raúl""]",[null],"[""Ings""]",[262],"[""Smith Rowe""]",[null],"[""Bowen""]",[],[],[],[]
2024-25,36,4,2024-09-14T14:00:00Z,,Liverpool,0,12,Nott'm Forest,1,[],[],[482],"[""Hudson-Odoi""]",[],[],[454],"[""Elanga""]",[],[],[],[]
2024-25,37,4,2024-09-14T14:00:00Z,,Man City,2,4,Brentford,1,"[411,411]","[""Haaland"",""Haaland""]",[464],"[""Wissa""]",[null],"[""Ederson M.""]",[],[],[],[],[],[]
2024-25,31,4,2024-09-14T16:30:00Z,2,Aston Villa,3,,Everton,2,"[55,55,null]","[""Watkins"",""Watkins"",""Duran""]","[346,241]","[""Calvert-Lewin"",""McNeil""]","[46,30]","[""Barkley"",""Digne""]",[241],"[""McNeil""]",[],[],[],[]
2024-25,32,4,2024-09-14T19:00:00Z,,Bournemouth,0,8,Chelsea,1,[],[],[null],"[""Nkunku""]",[],[],[null],"[""Sancho""]",[],[],[],[]
2024-25,39,4,2024-09-15T13:00:00Z,16,Spurs,0,1,Arsenal,1,[],[],[4],"[""Gabriel""]",[],[],[12],"[""Saka""]",[],[],[],[]
2024-25,40,4,2024-09-15T15:30:00Z,,Wolves,1,,Newcastle,2,[null],"[""Mario Jr.""]","[453,446]","[""Barnes"",""Schär""]",[222],"[""Strand Larsen""]","[452,460]","[""Bruno G."",""Willock""]",[],[],[],[]
2024-25,50,5,2024-09-21T11:30:00Z,18,West Ham,0,8,Chelsea,3,[],[],"[166,166,154]","[""N.Jackson"",""N.Jackson"",""Palmer""]",[],[],"[159,166,null]","[""Caicedo"",""N.Jackson"",""Sancho""]",[],[],[],[]
2024-25,41,5,2024-09-21T14:00:00Z,2,Aston Villa,3,,Wolves,1,"[null,31,55]","[""Duran"",""Konsa"",""Watkins""]",[428],"[""Cunha""]","[40,40,43]","[""Rogers"",""Rogers"",""Tielemans""]",[],[],[],[],[],[]
2024-25,44,5,2024-09-21T14:00:00Z,7,Fulham,3,,Newcastle,1,"[24,262,null]","[""Nelson"",""Smith Rowe"",""Raúl""]",[453],"[""Barnes""]","[null,261,271]","[""Adama"",""Iwobi"",""Muniz""]",[457],"[""J.Murphy""]",[],[],[],[]
2024-25,45,5,2024-09-21T14:00:00Z,,Leicester,1,,Everton,1,[null],"[""Mavididi""]",[237],"[""Ndiaye""]",[],[],[null],"[""Young""]",[],[],[],[]
2024-25,46,5,2024-09-21T14:00:00Z,,Liverpool,3,,Bournemouth,0,"[null,null,null]","[""Luis Díaz"",""Luis Díaz"",""Darwin""]",[],[],"[null,null,null]","[""Alexander-Arnold"",""Konaté"",""M.Salah""]",[],[],[],[],[],[]
2024-25,48,5,2024-09-21T14:00:00Z,,Southampton,1,,Ipswich,1,[245],"[""Dibling""]",[null],"[""Morsy""]",[null],"[""Lallana""]",[],[],[],[],[],[]
2024-25,49,5,2024-09-21T14:00:00Z,16,Spurs,3,4,Brentford,1,"[526,209,515]","[""Solanke"",""Johnson"",""Maddison""]",[427],"[""Mbeumo""]","[null,null,515]","[""Son"",""Son"",""Maddison""]",[86],"[""Lewis-Potter""]",[],[],[],[]
2024-25,43,5,2024-09-21T16:30:00Z,5,Crystal Palace,0,,Man Utd,0,[],[],[],[],[],[],[],[],[],[],[],[]
2024-25,42,5,2024-09-22T13:00:00Z,6,Brighton,2,12,Nott'm Forest,2,"[123,136]","[""Hinshelwood"",""Welbeck""]","[490,null]","[""Wood"",""Sosa""]","[121,112]","[""Mitoma"",""Van Hecke""]","[482,null]","[""Hudson-Odoi"",""Jota Silva""]",[],[],[],[]
2024-25,47,5,2024-09-22T15:30:00Z,,Man City,2,1,Arsenal,2,"[411,null]","[""Haaland"",""Stones""]","[4,8]","[""Gabriel"",""Calafiori""]","[406,403]","[""Kovačić"",""Savinho""]","[18,12]","[""Martinelli"",""Saka""]",[],[],[],[]
2024-25,58,6,2024-09-28T11:30:00Z,,Newcastle,1,,Man City,1,[null],"[""Gordon""]",[391],"[""Gvardiol""]",[],[],[238],"[""Grealish""]",[],[],[],[]
2024-25,51,6,2024-09-28T14:00:00Z,1,Arsenal,4,,Leicester,2,"[26,18,null]","[""Havertz"",""Martinelli"",""Trossard""]","[332,332]","[""Justin"",""Justin""]","[5,18,null]","[""J.Timber"",""Martinelli"",""Trossard""]","[128,null]","[""Buonanotte"",""Ndidi""]",[],[],[null],"[""Ndidi""]"
2024-25,53,6,2024-09-28T14:00:00Z,4,Brentford,1,18,West Ham,1,[427],"[""Mbeumo""]",[null],"[""Souček""]",[100],"[""Carvalho""]",[null],"[""Antonio""]",[],[],[],[]
2024-25,54,6,2024-09-28T14:00:00Z,8,Chelsea,4,6,Brighton,2,"[154,154,154,154]","[""Palmer"",""Palmer"",""Palmer"",""Palmer""]","[131,125]","[""Baleba"",""Georginio""]","[null,null,16,166]","[""Sancho"",""Sancho"",""Madueke"",""N.Jackson""]",[131],"[""Baleba""]",[],[],[],[]
2024-25,55,6,2024-09-28T14:00:00Z,,Everton,2,5,Crystal Palace,1,"[241,241]","[""McNeil"",""McNeil""]",[388],"[""Guéhi""]","[342,null]","[""Harrison"",""Young""]",[200],"[""Lacroix""]",[],[],[],[]
2024-25,59,6,2024-09-28T14:00:00Z,12,Nott'm Forest,0,7,Fulham,1,[],[],[null],"[""Raúl""]",[],[],[null],"[""Andreas""]",[],[],[],[]
2024-25,60,6,2024-09-28T16:30:00Z,,Wolves,1,,Liverpool,2,[392],"[""Aït-Nouri""]","[null,null]","[""Konaté"",""M.Salah""]",[],[],"[null,null]","[""Diogo J."",""Diogo J.""]",[],[],[],[]
2024-25,56,6,2024-09-29T13:00:00Z,,Ipswich,2,2,Aston Villa,2,"[167,167]","[""Delap"",""Delap""]","[40,55]","[""Rogers"",""Watkins""]","[484,null]","[""Hutchinson"",""J.Clarke""]","[44,55]","[""Bailey"",""Watkins""]",[],[],[],[]
2024-25,57,6,2024-09-29T15:30:00Z,,Man Utd,0,16,Spurs,3,[],[],"[526,209,521]","[""Solanke"",""Johnson"",""Kulusevski""]",[],[],"[209,518,503]","[""Johnson"",""P.M.Sarr"",""Van de Ven""]",[],[],[],[]
2024-25,52,6,2024-09-30T19:00:00Z,,Bournemouth,3,,Southampton,1,"[95,397,79]","[""O.Dango"",""Semenyo"",""Evanilson""]",[null],"[""Harwood-Bellis""]","[71,71,68]","[""Cook"",""Cook"",""Tavernier""]",[],[],[],[],[],[]
2024-25,66,7,2024-10-05T11:30:00Z,5,Crystal Palace,0,,Liverpool,1,[],[],[null],"[""Diogo J.""]",[],[],[367],"[""Gakpo""]",[],[],[],[]
2024-25,61,7,2024-10-05T14:00:00Z,1,Arsenal,3,,Southampton,1,"[26,18,12]","[""Havertz"",""Martinelli"",""Saka""]",[null],"[""Archer""]","[12,12]","[""Saka"",""Saka""]",[525],"[""M.Fernandes""]",[],[],[],[]
2024-25,63,7,2024-10-05T14:00:00Z,4,Brentford,5,,Wolves,3,"[84,427,21,91,100]","[""Collins"",""Mbeumo"",""Nørgaard"",""Pinnock"",""Carvalho""]","[392,428,222]","[""Aït-Nouri"",""Cunha"",""Strand Larsen""]","[96,96,84,98,86]","[""Damsgaard"",""Damsgaard"",""Collins"",""Janelt"",""Lewis-Potter""]","[392,null,null]","[""Aït-Nouri"",""Bellegarde"",""N.Semedo""]",[],[],[],[]
2024-25,68,7,2024-10-05T14:00:00Z,,Leicester,1,,Bournemouth,0,[128],"[""Buonanotte""]",[],[],[332],"[""Justin""]",[],[],[],[],[],[]
2024-25,69,7,2024-10-05T14:00:00Z,,Man City,3,7,Fulham,2,"[406,406,400]","[""Kovačić"",""Kovačić"",""Doku""]","[null,271]","[""Andreas"",""Muniz""]","[null,395]","[""Bernardo"",""Lewis""]","[24,null]","[""Nelson"",""Raúl""]",[],[],[],[]
2024-25,70,7,2024-10-05T14:00:00Z,18,West Ham,4,,Ipswich,1,"[null,null,512,null]","[""Antonio"",""Bowen"",""Kudus"",""L.Paquetá""]",[167],"[""Delap""]","[null,null,null,null]","[""Antonio"",""Antonio"",""Antonio"",""Bowen""]",[],[],[],[],[],[]
2024-25,67,7,2024-10-05T16:30:00Z,,Everton,0,,Newcastle,0,[],[],[],[],[],[],[],[],[],[],[],[]
2024-25,62,7,2024-10-06T13:00:00Z,2,Aston Villa,0,,Man Utd,0,[],[],[],[],[],[],[],[],[],[],[],[]
2024-25,65,7,2024-10-06T13:00:00Z,8,Chelsea,1,12,Nott'm Forest,1,[16],"[""Madueke""]",[490],"[""Wood""]",[154],"[""Palmer""]",[471],"[""Milenković""]",[],[],[],[]
2024-25,64,7,2024-10-06T15:30:00Z,6,Brighton,3,16,Spurs,2,"[122,136,125]","[""Minteh"",""Welbeck"",""Georginio""]","[209,515]","[""Johnson"",""Maddison""]","[121,125]","[""Mitoma"",""Georginio""]","[526,null]","[""Solanke"",""Werner""]",[],[],[],[]
2024-25,79,8,2024-10-19T11:30:00Z,16,Spurs,4,18,West Ham,1,"[null,521,null]","[""Bissouma"",""Kulusevski"",""Son""]",[512],"[""Kudus""]","[515,518,506]","[""Maddison"",""P.M.Sarr"",""Udogie""]",[],[],[],[],[null],"[""Areola""]"
2024-25,72,8,2024-10-19T14:00:00Z,7,Fulham,1,2,Aston Villa,3,[null],"[""Raúl""]","[40,55]","[""Rogers"",""Watkins""]",[250],"[""Leno""]","[30,456,43]","[""Digne"",""Ramsey"",""Tielemans""]",[259],"[""Diop""]",[],[]
2024-25,75,8,2024-10-19T14:00:00Z,,Man Utd,2,4,Brentford,1,"[160,null]","[""Garnacho"",""Højlund""]",[91],"[""Pinnock""]","[426,429]","[""B.Fernandes"",""Rashford""]",[96],"[""Damsgaard""]",[],[],[],[]
2024-25,76,8,2024-10-19T14:00:00Z,,Newcastle,0,6,Brighton,1,[],[],[136],"[""Welbeck""]",[],[],[125],"[""Georginio""]",[],[],[],[]
2024-25,78,8,2024-10-19T14:00:00Z,,Southampton,2,,Leicester,3,"[null,null]","[""Archer"",""Aribo""]","[128,null,null]","[""Buonanotte"",""J.Ayew"",""Vardy""]","[null,null]","[""Manning"",""Walker-Peters""]","[null,null]","[""Winks"",""A.Fatawu""]",[],[],[],[]
2024-25,73,8,2024-10-19T14:15:00Z,,Ipswich,0,,Everton,2,[],[],"[231,237]","[""Keane"",""Ndiaye""]",[],[],[241],"[""McNeil""]",[],[],[],[]
2024-25,71,8,2024-10-19T16:30:00Z,,Bournemouth,2,1,Arsenal,0,"[75,70]","[""Christie"",""Kluivert""]",[],[],"[70,79]","[""Kluivert"",""Evanilson""]",[],[],[],[],[],[]
2024-25,80,8,2024-10-20T13:00:00Z,,Wolves,1,,Man City,2,[222],"[""Strand Larsen""]","[391,null]","[""Gvardiol"",""Stones""]",[null],"[""N.Semedo""]","[400,398]","[""Doku"",""Foden""]",[],[],[],[]
2024-25,74,8,2024-10-20T15:30:00Z,,Liverpool,2,8,Chelsea,1,"[373,null]","[""Jones"",""M.Salah""]",[166],"[""N.Jackson""]","[373,null]","[""Jones"",""M.Salah""]",[159],"[""Caicedo""]",[],[],[],[]
2024-25,77,8,2024-10-21T19:00:00Z,12,Nott'm Forest,1,5,Crystal Palace,0,[490],"[""Wood""]",[],[],[],[],[],[],[],[],[],[]
2024-25,88,9,2024-10-25T19:00:00Z,,Leicester,1,12,Nott'm Forest,3,[null],"[""Vardy""]","[490,490,489]","[""Wood"",""Wood"",""Yates""]",[null],"[""Winks""]","[481,467]","[""Anderson"",""Sels""]",[],[],[],[]
2024-25,82,9,2024-10-26T14:00:00Z,2,Aston Villa,1,,Bournemouth,1,[46],"[""Barkley""]",[79],"[""Evanilson""]",[44],"[""Bailey""]",[68],"[""Tavernier""]",[],[],[],[]
2024-25,83,9,2024-10-26T14:00:00Z,4,Brentford,4,,Ipswich,3,"[427,427,464]","[""Mbeumo"",""Mbeumo"",""Wissa""]","[167,null,null]","[""Delap"",""Hirst"",""Szmodics""]","[98,86,null,464]","[""Janelt"",""Lewis-Potter"",""Roerslev"",""Wissa""]","[null,null,null]","[""Chaplin"",""Davis"",""Hirst""]",[],[],[null],"[""H.Clarke""]"
2024-25,84,9,2024-10-26T14:00:00Z,6,Brighton,2,,Wolves,2,"[139,136]","[""Ferguson"",""Welbeck""]","[392,428]","[""Aït-Nouri"",""Cunha""]","[null,125]","[""Lamptey"",""Georginio""]","[null,null]","[""Dawson"",""Doyle""]",[],[],[],[]
2024-25,89,9,2024-10-26T14:00:00Z,,Man City,1,,Southampton,0,[411],"[""Haaland""]",[],[],[389],"[""Matheus N.""]",[],[],[],[],[],[]
2024-25,87,9,2024-10-26T16:30:00Z,,Everton,1,7,Fulham,1,[248],"[""Beto""]",[261],"[""Iwobi""]",[null],"[""Young""]",[262],"[""Smith Rowe""]",[],[],[],[]
2024-25,85,9,2024-10-27T14:00:00Z,8,Chelsea,2,,Newcastle,1,"[166,154]","[""N.Jackson"",""Palmer""]",[379],"[""Isak""]","[161,156]","[""Lavia"",""Neto""]",[449],"[""Hall""]",[],[],[],[]
2024-25,86,9,2024-10-27T14:00:00Z,5,Crystal Palace,1,16,Spurs,0,[223],"[""Mateta""]",[],[],[14],"[""Eze""]",[],[],[],[],[],[]
2024-25,90,9,2024-10-27T14:00:00Z,18,West Ham,2,,Man Utd,1,"[null,null]","[""Bowen"",""Summerville""]",[null],"[""Casemiro""]","[null,null]","[""Ings"",""Ings""]",[440],"[""Zirkzee""]",[],[],[],[]
2024-25,81,9,2024-10-27T16:30:00Z,1,Arsenal,2,,Liverpool,2,"[12,17]","[""Saka"",""Merino""]","[null,356]","[""M.Salah"",""Virgil""]","[13,10]","[""Rice"",""White""]","[null,null]","[""Darwin"",""Luis Díaz""]",[],[],[],[]
2024-25,96,10,2024-11-02T12:30:00Z,,Newcastle,1,1,Arsenal,0,[379],"[""Isak""]",[],[],[null],"[""Gordon""]",[],[],[],[],[],[]
2024-25,91,10,2024-11-02T15:00:00Z,,Bournemouth,2,,Man City,1,"[397,79]","[""Semenyo"",""Evanilson""]",[391],"[""Gvardiol""]","[358,358]","[""Kerkez"",""Kerkez""]",[null],"[""Gündogan""]",[],[],[],[]
2024-25,93,10,2024-11-02T15:00:00Z,,Ipswich,1,,Leicester,1,[null],"[""Davis""]",[null],"[""J.Ayew""]",[null],"[""Morsy""]",[null],"[""Vardy""]",[],[],[],[]
2024-25,94,10,2024-11-02T15:00:00Z,,Liverpool,2,6,Brighton,1,"[367,null]","[""Gakpo"",""M.Salah""]",[113],"[""F.Kadıoğlu""]","[373,356]","[""Jones"",""Virgil""]",[136],"[""Welbeck""]",[],[],[],[]
2024-25,97,10,2024-11-02T15:00:00Z,12,Nott'm Forest,3,18,West Ham,0,"[473,482,490]","[""Aina"",""Hudson-Odoi"",""Wood""]",[],[],"[null,481]","[""Alex Moreno"",""Anderson""]",[],[],[],[],[],[]
2024-25,98,10,2024-11-02T15:00:00Z,,Southampton,1,,Everton,0,[null],"[""Armstrong""]",[],[],[null],"[""Sugawara""]",[],[],[],[],[],[]
2024-25,100,10,2024-11-02T17:30:00Z,,Wolves,2,5,Crystal Palace,2,"[54,222]","[""J.Gomes"",""Strand Larsen""]","[143,388]","[""Chalobah"",""Guéhi""]","[428,null]","[""Cunha"",""Guedes""]",[201],"[""Muñoz""]",[],[],[],[]
2024-25,99,10,2024-11-03T14:00:00Z,16,Spurs,4,2,Aston Villa,1,"[526,526,209,515]","[""Solanke"",""Solanke"",""Johnson"",""Maddison""]",[40],"[""Rogers""]","[526,521,527,null]","[""Solanke"",""Kulusevski"",""Richarlison"",""Son""]",[],[],[],[],[],[]
2024-25,95,10,2024-11-03T16:30:00Z,,Man Utd,1,8,Chelsea,1,[426],"[""B.Fernandes""]",[159],"[""Caicedo""]",[null],"[""Højlund""]",[],[],[],[],[],[]
2024-25,92,10,2024-11-04T20:00:00Z,7,Fulham,2,4,Brentford,1,"[260,260]","[""Wilson"",""Wilson""]",[98],"[""Janelt""]","[null,254]","[""Adama"",""Robinson""]",[21],"[""Nørgaard""]",[],[],[],[]
2024-25,101,11,2024-11-09T15:00:00Z,4,Brentford,3,,Bournemouth,2,"[464,464,96]","[""Wissa"",""Wissa"",""Damsgaard""]","[70,79]","[""Kluivert"",""Evanilson""]","[98,427]","[""Janelt"",""Mbeumo""]",[71],"[""Cook""]",[],[],[],[]
2024-25,104,11,2024-11-09T15:00:00Z,5,Crystal Palace,0,7,Fulham,2,[],[],"[262,260]","[""Smith Rowe"",""Wilson""]",[],[],"[261,null]","[""Iwobi"",""Raúl""]",[],[],[],[]
2024-25,109,11,2024-11-09T15:00:00Z,18,West Ham,0,,Everton,0,[],[],[],[],[],[],[],[],[],[],[],[]
2024-25,110,11,2024-11-09T15:00:00Z,,Wolves,2,,Southampton,0,"[428,null]","[""Cunha"",""Sarabia""]",[],[],"[428,null]","[""Cunha"",""Mario Jr.""]",[],[],[],[],[],[]
2024-25,102,11,2024-11-09T17:30:00Z,6,Brighton,2,,Man City,1,"[165,126]","[""João Pedro"",""O'Riley""]",[411],"[""Haaland""]",[165],"[""João Pedro""]",[],[],[],[],[],[]
2024-25,105,11,2024-11-09T20:00:00Z,,Liverpool,2,2,Aston Villa,0,"[null,null]","[""Darwin"",""M.Salah""]",[],[],[null],"[""M.Salah""]",[],[],[],[],[],[]
2024-25,106,11,2024-11-10T14:00:00Z,,Man Utd,3,,Leicester,0,"[426,160]","[""B.Fernandes"",""Garnacho""]",[],[],"[426,426,431]","[""B.Fernandes"",""B.Fernandes"",""Amad""]",[],[],[],[],[null],"[""Kristiansen""]"
2024-25,107,11,2024-11-10T14:00:00Z,12,Nott'm Forest,1,,Newcastle,3,[472],"[""Murillo""]","[453,379,458]","[""Barnes"",""Isak"",""Joelinton""]",[454],"[""Elanga""]","[379,339,455]","[""Isak"",""Longstaff"",""Tonali""]",[],[],[],[]
2024-25,108,11,2024-11-10T14:00:00Z,16,Spurs,1,,Ipswich,2,[516],"[""Bentancur""]","[167,null]","[""Delap"",""Szmodics""]",[499],"[""Pedro Porro""]",[167],"[""Delap""]",[],[],[],[]
2024-25,103,11,2024-11-10T16:30:00Z,8,Chelsea,1,1,Arsenal,1,[156],"[""Neto""]",[18],"[""Martinelli""]",[155],"[""Enzo""]",[15],"[""Ødegaard""]",[],[],[],[]
2024-25,117,12,2024-11-23T12:30:00Z,,Leicester,1,8,Chelsea,2,[null],"[""J.Ayew""]","[155,166]","[""Enzo"",""N.Jackson""]",[null],"[""De Cordova-Reid""]","[155,166]","[""Enzo"",""N.Jackson""]",[],[],[],[]
2024-25,111,12,2024-11-23T15:00:00Z,1,Arsenal,3,12,Nott'm Forest,0,"[22,12,null]","[""Nwaneri"",""Saka"",""Thomas""]",[],[],"[15,12,null]","[""Ødegaard"",""Saka"",""Sterling""]",[],[],[],[],[],[]
2024-25,112,12,2024-11-23T15:00:00Z,2,Aston Villa,2,5,Crystal Palace,2,"[46,55]","[""Barkley"",""Watkins""]","[208,215]","[""I.Sarr"",""Devenny""]","[45,43]","[""McGinn"",""Tielemans""]","[223,208]","[""Mateta"",""I.Sarr""]",[],[],[],[]
2024-25,113,12,2024-11-23T15:00:00Z,,Bournemouth,1,6,Brighton,2,[74],"[""Brooks""]","[165,121]","[""João Pedro"",""Mitoma""]",[80],"[""Enes Ünal""]","[165,125]","[""João Pedro"",""Georginio""]",[],[],[],[]
2024-25,114,12,2024-11-23T15:00:00Z,,Everton,0,4,Brentford,0,[],[],[],[],[],[],[],[],[],[],[],[]
2024-25,115,12,2024-11-23T15:00:00Z,7,Fulham,1,,Wolves,4,[261],"[""Iwobi""]","[428,428,null,54]","[""Cunha"",""Cunha"",""Guedes"",""J.Gomes""]",[256],"[""Tete""]","[428,54,null,222]","[""Cunha"",""J.Gomes"",""Mario Jr."",""Strand Larsen""]",[],[],[],[]
2024-25,118,12,2024-11-23T17:30:00Z,,Man City,0,16,Spurs,4,[],[],"[515,515,209,499]","[""Maddison"",""Maddison"",""Johnson"",""Pedro Porro""]",[],[],"[526,521,null,null]","[""Solanke"",""Kulusevski"",""Son"",""Werner""]",[],[],[],[]
2024-25,120,12,2024-11-24T14:00:00Z,,Southampton,2,,Liverpool,3,"[null,525]","[""Armstrong"",""M.Fernandes""]","[null,null,368]","[""M.Salah"",""M.Salah"",""Szoboszlai""]",[null],"[""Armstrong""]",[371],"[""Gravenberch""]",[],[],[],[]
2024-25,116,12,2024-11-24T16:30:00Z,,Ipswich,1,,Man Utd,1,[484],"[""Hutchinson""]",[429],"[""Rashford""]",[null],"[""Burns""]",[431],"[""Amad""]",[],[],[],[]
2024-25,119,12,2024-11-25T20:00:00Z,,Newcastle,0,18,West Ham,2,[],[],"[611,null]","[""Wan-Bissaka"",""Souček""]",[],[],"[null,null]","[""Bowen"",""Emerson""]",[],[],[],[]
2024-25,122,13,2024-11-29T20:00:00Z,6,Brighton,1,,Southampton,1,[121],"[""Mitoma""]",[null],"[""Downes""]",[null],"[""Lamptey""]",[null],"[""Armstrong""]",[],[],[],[]
2024-25,121,13,2024-11-30T15:00:00Z,4,Brentford,4,,Leicester,1,"[94,94,94,464]","[""Schade"",""Schade"",""Schade"",""Wissa""]",[128],"[""Buonanotte""]","[84,96,94]","[""Collins"",""Damsgaard"",""Schade""]",[null],"[""Vardy""]",[],[],[],[]
2024-25,124,13,2024-11-30T15:00:00Z,5,Crystal Palace,1,,Newcastle,1,[201],"[""Muñoz""]",[],[],[388],"[""Guéhi""]",[null],"[""Gordon""]",[388],"[""Guéhi""]",[],[]
2024-25,127,13,2024-11-30T15:00:00Z,12,Nott'm Forest,1,,Ipswich,0,[490],"[""Wood""]",[],[],[null],"[""Jota Silva""]",[],[],[],[],[],[]
2024-25,130,13,2024-11-30T15:00:00Z,,Wolves,2,,Bournemouth,4,"[222,222]","[""Strand Larsen"",""Strand Larsen""]","[70,70,70,358]","[""Kluivert"",""Kluivert"",""Kluivert"",""Kerkez""]","[null,null]","[""Bellegarde"",""Guedes""]","[79,79,79,68]","[""Evanilson"",""Evanilson"",""Evanilson"",""Tavernier""]",[],[],[],[]
2024-25,129,13,2024-11-30T17:30:00Z,18,West Ham,2,1,Arsenal,5,"[611,null]","[""Wan-Bissaka"",""Emerson""]","[4,26,15,12,null]","[""Gabriel"",""Havertz"",""Ødegaard"",""Saka"",""Trossard""]","[null,null]","[""L.Paquetá"",""C.Soler""]","[12,12,12,4,null]","[""Saka"",""Saka"",""Saka"",""Gabriel"",""Trossard""]",[],[],[],[]
2024-25,123,13,2024-12-01T13:30:00Z,8,Chelsea,3,2,Aston Villa,0,"[155,166,154]","[""Enzo"",""N.Jackson"",""Palmer""]",[],[],"[null,16,154]","[""Cucurella"",""Madueke"",""Palmer""]",[],[],[],[],[],[]
2024-25,126,13,2024-12-01T13:30:00Z,,Man Utd,4,,Everton,0,"[429,429,440,440]","[""Rashford"",""Rashford"",""Zirkzee"",""Zirkzee""]",[],[],"[431,431,426,426]","[""Amad"",""Amad"",""B.Fernandes"",""B.Fernandes""]",[],[],[],[],[],[]
2024-25,128,13,2024-12-01T13:30:00Z,16,Spurs,1,7,Fulham,1,[209],"[""Johnson""]",[266],"[""Cairney""]",[null],"[""Werner""]",[261],"[""Iwobi""]",[],[],[],[]
2024-25,125,13,2024-12-01T16:00:00Z,,Liverpool,2,,Man City,0,"[367,null]","[""Gakpo"",""M.Salah""]",[],[],"[null,null]","[""Luis Díaz"",""M.Salah""]",[],[],[],[],[],[]
2024-25,136,14,2024-12-03T19:30:00Z,,Ipswich,0,5,Crystal Palace,1,[],[],[223],"[""Mateta""]",[],[],[14],"[""Eze""]",[],[],[],[]
2024-25,137,14,2024-12-03T20:15:00Z,,Leicester,3,18,West Ham,1,"[null,null,null]","[""Daka"",""Vardy"",""El Khannouss""]",[null],"[""Füllkrug""]","[null,null,null]","[""Kristiansen"",""McAteer"",""El Khannouss""]",[null],"[""Summerville""]",[],[],[],[]
2024-25,134,14,2024-12-04T19:30:00Z,,Everton,4,,Wolves,0,"[null,null]","[""Young"",""Mangala""]",[],[],"[241,241,346,233]","[""McNeil"",""McNeil"",""Calvert-Lewin"",""Mykolenko""]",[],[],[],[],"[null,null]","[""Dawson"",""Dawson""]"
2024-25,138,14,2024-12-04T19:30:00Z,,Man City,3,12,Nott'm Forest,0,"[null,null,400]","[""Bernardo"",""De Bruyne"",""Doku""]",[],[],"[null,400,411]","[""De Bruyne"",""Doku"",""Haaland""]",[],[],[],[],[],[]
2024-25,139,14,2024-12-04T19:30:00Z,,Newcastle,3,,Liverpool,3,"[null,379,446]","[""Gordon"",""Isak"",""Schär""]","[null,null,373]","[""M.Salah"",""M.Salah"",""Jones""]","[452,452,379]","[""Bruno G."",""Bruno G."",""Isak""]","[null,null,null]","[""Alexander-Arnold"",""Alexander-Arnold"",""M.Salah""]",[],[],[],[]
2024-25,140,14,2024-12-04T19:30:00Z,,Southampton,1,8,Chelsea,5,[null],"[""Aribo""]","[153,16,null,154,null]","[""Disasi"",""Madueke"",""Nkunku"",""Palmer"",""Sancho""]",[null],"[""Walker-Peters""]","[155,144,16,null,null]","[""Enzo"",""Gusto"",""Madueke"",""Nkunku"",""João Félix""]",[],[],[],[]
2024-25,131,14,2024-12-04T20:15:00Z,1,Arsenal,2,,Man Utd,0,"[5,6]","[""J.Timber"",""Saliba""]",[],[],"[13,null]","[""Rice"",""Thomas""]",[],[],[],[],[],[]
2024-25,132,14,2024-12-04T20:15:00Z,2,Aston Villa,3,4,Brentford,1,"[32,40,55]","[""Cash"",""Rogers"",""Watkins""]",[96],"[""Damsgaard""]",[55],"[""Watkins""]",[94],"[""Schade""]",[],[],[],[]
2024-25,135,14,2024-12-05T19:30:00Z,7,Fulham,3,6,Brighton,1,"[261,261]","[""Iwobi"",""Iwobi""]",[131],"[""Baleba""]","[null,254]","[""Andreas"",""Robinson""]",[165],"[""João Pedro""]",[],[],[126],"[""O'Riley""]"
2024-25,133,14,2024-12-05T20:15:00Z,,Bournemouth,1,16,Spurs,0,[null],"[""Huijsen""]",[],[],[68],"[""Tavernier""]",[],[],[],[],[],[]
2024-25,141,15,2024-12-07T15:00:00Z,2,Aston Villa,1,,Southampton,0,[null],"[""Duran""]",[],[],[],[],[],[],[],[],[],[]
2024-25,142,15,2024-12-07T15:00:00Z,4,Brentford,4,,Newcastle,2,"[84,427,94,464]","[""Collins"",""Mbeumo"",""Schade"",""Wissa""]","[453,379]","[""Barnes"",""Isak""]","[null,427,21]","[""Flekken"",""Mbeumo"",""Nørgaard""]","[457,457]","[""J.Murphy"",""J.Murphy""]",[],[],[],[]
2024-25,143,15,2024-12-07T15:00:00Z,5,Crystal Palace,2,,Man City,2,"[201,200]","[""Muñoz"",""Lacroix""]","[411,395]","[""Haaland"",""Lewis""]","[212,212]","[""Hughes"",""Hughes""]","[null,389]","[""Bernardo"",""Matheus N.""]",[],[],[],[]
2024-25,148,15,2024-12-07T17:30:00Z,,Man Utd,2,12,Nott'm Forest,3,"[426,null]","[""B.Fernandes"",""Højlund""]","[480,490,471]","[""Gibbs-White"",""Wood"",""Milenković""]","[431,160]","[""Amad"",""Garnacho""]","[481,480,482]","[""Anderson"",""Gibbs-White"",""Hudson-Odoi""]",[],[],[],[]
2024-25,145,15,2024-12-08T14:00:00Z,7,Fulham,1,1,Arsenal,1,[null],"[""Raúl""]",[6],"[""Saliba""]",[256],"[""Tete""]",[26],"[""Havertz""]",[],[],[],[]
2024-25,146,15,2024-12-08T14:00:00Z,,Ipswich,1,,Bournemouth,2,[null],"[""Chaplin""]","[80,95]","[""Enes Ünal"",""O.Dango""]",[null],"[""Burgess""]","[74,95]","[""Brooks"",""O.Dango""]",[],[],[],[]
2024-25,147,15,2024-12-08T14:00:00Z,,Leicester,2,6,Brighton,2,"[null,null]","[""De Cordova-Reid"",""Vardy""]","[null,122]","[""Lamptey"",""Minteh""]","[null,null]","[""De Cordova-Reid"",""Vardy""]","[null,130]","[""Estupiñan"",""Wieffer""]",[],[],[],[]
2024-25,149,15,2024-12-08T16:30:00Z,16,Spurs,3,8,Chelsea,4,"[526,521,null]","[""Solanke"",""Kulusevski"",""Son""]","[154,154,155,null]","[""Palmer"",""Palmer"",""Enzo"",""Sancho""]","[209,515,499]","[""Johnson"",""Maddison"",""Pedro Porro""]","[159,null,154]","[""Caicedo"",""Cucurella"",""Palmer""]",[],[],[],[]
2024-25,150,15,2024-12-09T20:00:00Z,18,West Ham,2,,Wolves,1,"[null,null]","[""Bowen"",""Souček""]",[null],"[""Doherty""]","[null,512]","[""Bowen"",""Kudus""]",[392],"[""Aït-Nouri""]",[],[],[],[]
2024-25,151,16,2024-12-14T15:00:00Z,1,Arsenal,0,,Everton,0,[],[],[],[],[],[],[],[],[],[],[],[]
2024-25,155,16,2024-12-14T15:00:00Z,,Liverpool,2,7,Fulham,2,"[null,367]","[""Diogo J."",""Gakpo""]","[null,271]","[""Andreas"",""Muniz""]","[null,null]","[""Darwin"",""M.Salah""]","[254,254]","[""Robinson"",""Robinson""]",[],[],[],[]
2024-25,157,16,2024-12-14T15:00:00Z,,Newcastle,4,,Leicester,0,"[457,457,452,379]","[""J.Murphy"",""J.Murphy"",""Bruno G."",""Isak""]",[],[],"[449,449,null,379]","[""Hall"",""Hall"",""Gordon"",""Isak""]",[],[],[],[],[],[]
2024-25,160,16,2024-12-14T15:00:00Z,,Wolves,1,,Ipswich,2,[428],"[""Cunha""]",[null],"[""Taylor""]",[null],"[""Guedes""]","[null,null]","[""Chaplin"",""J.Clarke""]",[null],"[""Doherty""]",[],[]
2024-25,158,16,2024-12-14T17:30:00Z,12,Nott'm Forest,2,2,Aston Villa,1,"[454,471]","[""Elanga"",""Milenković""]",[null],"[""Duran""]","[481,480]","[""Anderson"",""Gibbs-White""]",[45],"[""McGinn""]",[],[],[],[]
2024-25,153,16,2024-12-15T14:00:00Z,6,Brighton,1,5,Crystal Palace,3,[],[],"[208,208,143]","[""I.Sarr"",""I.Sarr"",""Chalobah""]",[],[],"[224,204,208]","[""Nketiah"",""Mitchell"",""I.Sarr""]",[],[],[388],"[""Guéhi""]"
2024-25,156,16,2024-12-15T16:30:00Z,,Man City,1,,Man Utd,2,[391],"[""Gvardiol""]","[431,426]","[""Amad"",""B.Fernandes""]",[null],"[""De Bruyne""]","[431,419]","[""Amad"",""Martinez""]",[],[],[],[]
2024-25,154,16,2024-12-15T19:00:00Z,8,Chelsea,2,4,Brentford,1,"[null,166]","[""Cucurella"",""N.Jackson""]",[427],"[""Mbeumo""]","[155,16]","[""Enzo"",""Madueke""]",[94],"[""Schade""]",[],[],[],[]
2024-25,159,16,2024-12-15T19:00:00Z,,Southampton,0,16,Spurs,5,[],[],"[515,515,521,518,null]","[""Maddison"",""Maddison"",""Kulusevski"",""P.M.Sarr"",""Son""]",[],[],"[null,null,526,505]","[""Son"",""Son"",""Solanke"",""Spence""]",[],[],[],[]
2024-25,152,16,2024-12-16T20:00:00Z,,Bournemouth,1,18,West Ham,1,[80],"[""Enes Ünal""]",[null],"[""L.Paquetá""]",[],[],[611],"[""Wan-Bissaka""]",[],[],[],[]
2024-25,161,17,2024-12-21T12:30:00Z,2,Aston Villa,2,,Man City,1,"[null,40]","[""Duran"",""Rogers""]",[398],"[""Foden""]","[45,40]","[""McGinn"",""Rogers""]",[],[],[],[],[],[]
2024-25,162,17,2024-12-21T15:00:00Z,4,Brentford,0,12,Nott'm Forest,2,[],[],"[473,454]","[""Aina"",""Elanga""]",[],[],[469],"[""N.Williams""]",[],[],[],[]
2024-25,166,17,2024-12-21T15:00:00Z,,Ipswich,0,,Newcastle,4,[],[],"[379,379,379,457]","[""Isak"",""Isak"",""Isak"",""J.Murphy""]",[],[],"[452,null,457]","[""Bruno G."",""Gordon"",""J.Murphy""]",[],[],[],[]
2024-25,170,17,2024-12-21T15:00:00Z,18,West Ham,1,6,Brighton,1,[512],"[""Kudus""]",[130],"[""Wieffer""]",[null],"[""Bowen""]",[116],"[""Dunk""]",[],[],[],[]
2024-25,163,17,2024-12-21T17:30:00Z,5,Crystal Palace,1,1,Arsenal,5,[208],"[""I.Sarr""]","[27,27,26,18,13]","[""G.Jesus"",""G.Jesus"",""Havertz"",""Martinelli"",""Rice""]",[204],"[""Mitchell""]","[27,4,13,null,8]","[""G.Jesus"",""Gabriel"",""Rice"",""Thomas"",""Calafiori""]",[],[],[],[]
2024-25,164,17,2024-12-22T14:00:00Z,,Everton,0,8,Chelsea,0,[],[],[],[],[],[],[],[],[],[],[],[]
2024-25,165,17,2024-12-22T14:00:00Z,7,Fulham,0,,Southampton,0,[],[],[],[],[],[],[],[],[],[],[],[]
2024-25,167,17,2024-12-22T14:00:00Z,,Leicester,0,,Wolves,3,[],[],"[428,null,null]","[""Cunha"",""Guedes"",""R.Gomes""]",[],[],"[null,null,null]","[""Doherty"",""Guedes"",""N.Semedo""]",[],[],[],[]
2024-25,168,17,2024-12-22T14:00:00Z,,Man Utd,0,,Bournemouth,3,[],[],"[70,397,null]","[""Kluivert"",""Semenyo"",""Huijsen""]",[],[],"[75,95]","[""Christie"",""O.Dango""]",[],[],[],[]
2024-25,169,17,2024-12-22T16:30:00Z,16,Spurs,3,,Liverpool,6,"[526,521,515]","[""Solanke"",""Kulusevski"",""Maddison""]","[null,null,null,null,372,368]","[""Luis Díaz"",""Luis Díaz"",""M.Salah"",""M.Salah"",""Mac Allister"",""Szoboszlai""]","[526,209]","[""Solanke"",""Johnson""]","[368,368,368,null,null,null]","[""Szoboszlai"",""Szoboszlai"",""Szoboszlai"",""M.Salah"",""M.Salah"",""Alexander-Arnold""]",[],[],[],[]
2024-25,176,18,2024-12-26T12:30:00Z,,Man City,1,,Everton,1,[null],"[""Bernardo""]",[237],"[""Ndiaye""]",[400],"[""Doku""]",[],[],[],[],[],[]
2024-25,172,18,2024-12-26T15:00:00Z,,Bournemouth,0,5,Crystal Palace,0,[],[],[],[],[],[],[],[],[],[],[],[]
2024-25,174,18,2024-12-26T15:00:00Z,8,Chelsea,1,7,Fulham,2,[154],"[""Palmer""]","[271,260]","[""Muniz"",""Wilson""]",[149],"[""Colwill""]","[258,267]","[""Castagne"",""Lukić""]",[],[],[],[]
2024-25,177,18,2024-12-26T15:00:00Z,,Newcastle,3,2,Aston Villa,0,"[null,379,458]","[""Gordon"",""Isak"",""Joelinton""]",[],[],"[457,458]","[""J.Murphy"",""Joelinton""]",[],[],[],[],[],[]
2024-25,178,18,2024-12-26T15:00:00Z,12,Nott'm Forest,1,16,Spurs,0,[454],"[""Elanga""]",[],[],[480],"[""Gibbs-White""]",[],[],[],[],[],[]
2024-25,179,18,2024-12-26T15:00:00Z,,Southampton,0,18,West Ham,1,[],[],[null],"[""Bowen""]",[],[],[null],"[""Füllkrug""]",[],[],[],[]
2024-25,180,18,2024-12-26T17:30:00Z,,Wolves,2,,Man Utd,0,"[428,null]","[""Cunha"",""Hee Chan""]",[],[],[428],"[""Cunha""]",[],[],[],[],[],[]
2024-25,175,18,2024-12-26T20:00:00Z,,Liverpool,3,,Leicester,1,"[367,373,null]","[""Gakpo"",""Jones"",""M.Salah""]",[null],"[""J.Ayew""]","[372,372,367]","[""Mac Allister"",""Mac Allister"",""Gakpo""]",[null],"[""Mavididi""]",[],[],[],[]
2024-25,173,18,2024-12-27T19:30:00Z,6,Brighton,0,4,Brentford,0,[],[],[],[],[],[],[],[],[],[],[],[]
2024-25,171,18,2024-12-27T20:15:00Z,1,Arsenal,1,,Ipswich,0,[26],"[""Havertz""]",[],[],[null],"[""Trossard""]",[],[],[],[],[],[]
2024-25,187,19,2024-12-29T14:30:00Z,,Leicester,0,,Man City,2,[],[],"[411,403]","[""Haaland"",""Savinho""]",[],[],"[398,403]","[""Foden"",""Savinho""]",[],[],[],[]
2024-25,183,19,2024-12-29T15:00:00Z,5,Crystal Palace,2,,Southampton,1,"[143,14]","[""Chalobah"",""Eze""]",[245],"[""Dibling""]",[212],"[""Hughes""]",[null],"[""Armstrong""]",[],[],[],[]
2024-25,184,19,2024-12-29T15:00:00Z,,Everton,0,12,Nott'm Forest,2,[],[],"[480,490]","[""Gibbs-White"",""Wood""]",[],[],"[454,490]","[""Elanga"",""Wood""]",[],[],[],[]
2024-25,185,19,2024-12-29T15:00:00Z,7,Fulham,2,,Bournemouth,2,"[null,260]","[""Raúl"",""Wilson""]","[95,79]","[""O.Dango"",""Evanilson""]","[null,254]","[""Andreas"",""Robinson""]","[60,397]","[""Hill"",""Semenyo""]",[],[],[],[]
2024-25,189,19,2024-12-29T15:00:00Z,16,Spurs,2,,Wolves,2,"[516,209]","[""Bentancur"",""Johnson""]","[null,222]","[""Hee Chan"",""Strand Larsen""]","[521,499]","[""Kulusevski"",""Pedro Porro""]","[392,392]","[""Aït-Nouri"",""Aït-Nouri""]",[],[],[],[]
2024-25,190,19,2024-12-29T17:15:00Z,18,West Ham,0,,Liverpool,5,[],[],"[null,null,367,null,null]","[""Alexander-Arnold"",""Diogo J."",""Gakpo"",""Luis Díaz"",""M.Salah""]",[],[],"[null,null,371,373]","[""M.Salah"",""M.Salah"",""Gravenberch"",""Jones""]",[],[],[],[]
2024-25,181,19,2024-12-30T19:45:00Z,2,Aston Villa,2,6,Brighton,2,"[40,55]","[""Rogers"",""Watkins""]","[546,null]","[""Adingra"",""Lamptey""]","[40,55]","[""Rogers"",""Watkins""]","[165,165]","[""João Pedro"",""João Pedro""]",[],[],[],[]
2024-25,186,19,2024-12-30T19:45:00Z,,Ipswich,2,8,Chelsea,0,"[167,484]","[""Delap"",""Hutchinson""]",[],[],[167],"[""Delap""]",[],[],[],[],[],[]
2024-25,188,19,2024-12-30T20:00:00Z,,Man Utd,0,,Newcastle,2,[],[],"[379,458]","[""Isak"",""Joelinton""]",[],[],"[null,449]","[""Gordon"",""Hall""]",[],[],[],[]
2024-25,182,19,2025-01-01T17:30:00Z,4,Brentford,1,1,Arsenal,3,[427],"[""Mbeumo""]","[27,18,17]","[""G.Jesus"",""Martinelli"",""Merino""]",[96],"[""Damsgaard""]","[27,null]","[""G.Jesus"",""Thomas""]",[],[],[],[]
2024-25,199,20,2025-01-04T12:30:00Z,16,Spurs,1,,Newcastle,2,[526],"[""Solanke""]","[null,379]","[""Gordon"",""Isak""]",[499],"[""Pedro Porro""]","[452,457]","[""Bruno G."",""J.Murphy""]",[],[],[],[]
2024-25,191,20,2025-01-04T15:00:00Z,2,Aston Villa,2,,Leicester,1,"[44,46]","[""Bailey"",""Barkley""]",[null],"[""Mavididi""]",[36],"[""Maatsen""]",[null],"[""Vardy""]",[],[],[],[]
2024-25,192,20,2025-01-04T15:00:00Z,,Bournemouth,1,,Everton,0,[74],"[""Brooks""]",[],[],[358],"[""Kerkez""]",[],[],[],[],[],[]
2024-25,194,20,2025-01-04T15:00:00Z,5,Crystal Palace,1,8,Chelsea,1,[223],"[""Mateta""]",[154],"[""Palmer""]",[14],"[""Eze""]",[null],"[""Sancho""]",[],[],[],[]
2024-25,197,20,2025-01-04T15:00:00Z,,Man City,4,18,West Ham,1,"[411,411,398]","[""Haaland"",""Haaland"",""Foden""]",[null],"[""Füllkrug""]","[403,403,403,null]","[""Savinho"",""Savinho"",""Savinho"",""De Bruyne""]",[null],"[""Souček""]",[],[],[null],"[""Coufal""]"
2024-25,198,20,2025-01-04T15:00:00Z,,Southampton,0,4,Brentford,5,[],[],"[427,427,86,94,464]","[""Mbeumo"",""Mbeumo"",""Lewis-Potter"",""Schade"",""Wissa""]",[],[],"[96,427,464,85]","[""Damsgaard"",""Mbeumo"",""Wissa"",""Van den Berg""]",[],[],[],[]
2024-25,193,20,2025-01-04T17:30:00Z,6,Brighton,1,1,Arsenal,1,[165],"[""João Pedro""]",[22],"[""Nwaneri""]",[],[],[17],"[""Merino""]",[],[],[],[]
2024-25,195,20,2025-01-05T14:00:00Z,7,Fulham,2,,Ipswich,2,"[null,null]","[""Raúl"",""Raúl""]","[167,null]","[""Delap"",""Szmodics""]",[260],"[""Wilson""]",[],[],[],[],[],[]
2024-25,196,20,2025-01-05T16:30:00Z,,Liverpool,2,,Man Utd,2,"[367,null]","[""Gakpo"",""M.Salah""]","[431,419]","[""Amad"",""Martinez""]","[372,372]","[""Mac Allister"",""Mac Allister""]",[426],"[""B.Fernandes""]",[],[],[],[]
2024-25,200,20,2025-01-06T20:00:00Z,,Wolves,0,12,Nott'm Forest,3,[],[],"[492,480,490]","[""Awoniyi"",""Gibbs-White"",""Wood""]",[],[],"[454,482,null]","[""Elanga"",""Hudson-Odoi"",""Ward-Prowse""]",[],[],[],[]
2024-25,202,21,2025-01-14T19:30:00Z,4,Brentford,2,,Man City,2,"[21,464]","[""Nørgaard"",""Wissa""]","[398,398]","[""Foden"",""Foden""]","[86,null]","[""Lewis-Potter"",""Roerslev""]","[null,403]","[""De Bruyne"",""Savinho""]",[],[],[],[]
2024-25,208,21,2025-01-14T19:30:00Z,8,Chelsea,2,,Bournemouth,2,"[142,154]","[""James"",""Palmer""]","[70,397]","[""Kluivert"",""Semenyo""]","[166,null]","[""N.Jackson"",""João Félix""]","[75,397]","[""Christie"",""Semenyo""]",[],[],[],[]
2024-25,207,21,2025-01-14T19:30:00Z,18,West Ham,3,7,Fulham,2,"[null,null,null]","[""L.Paquetá"",""Souček"",""C.Soler""]","[261,261]","[""Iwobi"",""Iwobi""]","[611,null]","[""Wan-Bissaka"",""Ings""]","[254,254]","[""Robinson"",""Robinson""]",[],[],[],[]
2024-25,206,21,2025-01-14T20:00:00Z,12,Nott'm Forest,1,,Liverpool,1,[490],"[""Wood""]",[null],"[""Diogo J.""]",[454],"[""Elanga""]",[364],"[""Tsimikas""]",[],[],[],[]
2024-25,203,21,2025-01-15T19:30:00Z,,Everton,0,2,Aston Villa,1,[],[],[55],"[""Watkins""]",[],[],[40],"[""Rogers""]",[],[],[],[]
2024-25,205,21,2025-01-15T19:30:00Z,,Leicester,0,5,Crystal Palace,2,[],[],"[388,223]","[""Guéhi"",""Mateta""]",[],[],"[14,208]","[""Eze"",""I.Sarr""]",[],[],[],[]
2024-25,210,21,2025-01-15T19:30:00Z,,Newcastle,3,,Wolves,0,"[379,379,null]","[""Isak"",""Isak"",""Gordon""]",[],[],"[452,379]","[""Bruno G."",""Isak""]",[],[],[],[],[],[]
2024-25,201,21,2025-01-15T20:00:00Z,1,Arsenal,2,16,Spurs,1,[null],"[""Trossard""]",[null],"[""Son""]",[15],"[""Ødegaard""]",[],[],[],[],[526],"[""Solanke""]"
2024-25,204,21,2025-01-16T19:30:00Z,,Ipswich,0,6,Brighton,2,[],[],"[121,125]","[""Mitoma"",""Georginio""]",[],[],[126],"[""O'Riley""]",[],[],[],[]
2024-25,209,21,2025-01-16T20:00:00Z,,Man Utd,3,,Southampton,1,"[431,431,431]","[""Amad"",""Amad"",""Amad""]",[],[],[null],"[""Eriksen""]",[245],"[""Dibling""]",[433],"[""Ugarte""]",[],[]
2024-25,218,22,2025-01-18T12:30:00Z,,Newcastle,1,,Bournemouth,4,[452],"[""Bruno G.""]","[70,70,70,358]","[""Kluivert"",""Kluivert"",""Kluivert"",""Kerkez""]",[449],"[""Hall""]","[73,70,95,397]","[""Adams"",""Kluivert"",""O.Dango"",""Semenyo""]",[],[],[],[]
2024-25,212,22,2025-01-18T15:00:00Z,4,Brentford,0,,Liverpool,2,[],[],"[null,null]","[""Darwin"",""Darwin""]",[],[],"[null,383]","[""Alexander-Arnold"",""Elliott""]",[],[],[],[]
2024-25,216,22,2025-01-18T15:00:00Z,,Leicester,0,7,Fulham,2,[],[],"[262,null]","[""Smith Rowe"",""Adama""]",[],[],"[267,260]","[""Lukić"",""Wilson""]",[],[],[],[]
2024-25,220,22,2025-01-18T15:00:00Z,18,West Ham,0,5,Crystal Palace,2,[],[],"[223,223]","[""Mateta"",""Mateta""]",[],[],"[224,14]","[""Nketiah"",""Eze""]",[],[],[],[]
2024-25,211,22,2025-01-18T17:30:00Z,1,Arsenal,2,2,Aston Villa,2,"[26,18]","[""Havertz"",""Martinelli""]","[43,55]","[""Tielemans"",""Watkins""]","[null,null]","[""Trossard"",""Trossard""]","[32,30]","[""Cash"",""Digne""]",[],[],[],[]
2024-25,214,22,2025-01-19T14:00:00Z,,Everton,3,16,Spurs,2,"[346,237]","[""Calvert-Lewin"",""Ndiaye""]","[521,527]","[""Kulusevski"",""Richarlison""]","[null,null]","[""Gana"",""Gana""]","[523,523]","[""Moore"",""Moore""]",[],[],[522],"[""Gray""]"
2024-25,217,22,2025-01-19T14:00:00Z,,Man Utd,1,6,Brighton,3,[426],"[""B.Fernandes""]","[122,121,125]","[""Minteh"",""Mitoma"",""Georginio""]",[440],"[""Zirkzee""]","[122,121]","[""Minteh"",""Mitoma""]",[],[],[],[]
2024-25,219,22,2025-01-19T14:00:00Z,12,Nott'm Forest,3,,Southampton,2,"[481,482,490]","[""Anderson"",""Hudson-Odoi"",""Wood""]","[null,null]","[""Bednarek"",""Onuachu""]","[473,480,490]","[""Aina"",""Gibbs-White"",""Wood""]","[null,525]","[""Ugochukwu"",""M.Fernandes""]",[],[],[],[]
2024-25,215,22,2025-01-19T16:30:00Z,,Ipswich,0,,Man City,6,[],[],"[398,398,400,411,406,486]","[""Foden"",""Foden"",""Doku"",""Haaland"",""Kovačić"",""McAtee""]",[],[],"[null,null,null,400,398,406]","[""De Bruyne"",""De Bruyne"",""De Bruyne"",""Doku"",""Foden"",""Kovačić""]",[],[],[],[]
2024-25,213,22,2025-01-20T20:00:00Z,8,Chelsea,3,,Wolves,1,"[null,16,147]","[""Cucurella"",""Madueke"",""Tosin""]",[null],"[""Doherty""]","[143,236,142]","[""Chalobah"",""Dewsbury-Hall"",""James""]",[],[],[],[],[],[]
2024-25,222,23,2025-01-25T15:00:00Z,,Bournemouth,5,12,Nott'm Forest,0,"[95,95,95,70,397]","[""O.Dango"",""O.Dango"",""O.Dango"",""Kluivert"",""Semenyo""]",[],[],"[73,73,68,68,70]","[""Adams"",""Adams"",""Tavernier"",""Tavernier"",""Kluivert""]",[],[],[],[],[],[]
2024-25,223,23,2025-01-25T15:00:00Z,6,Brighton,0,,Everton,1,[],[],[237],"[""Ndiaye""]",[],[],[],[],[],[],[],[]
2024-25,226,23,2025-01-25T15:00:00Z,,Liverpool,4,,Ipswich,1,"[367,367,null,368]","[""Gakpo"",""Gakpo"",""M.Salah"",""Szoboszlai""]",[null],"[""Greaves""]","[null,367,null,368]","[""Alexander-Arnold"",""Gakpo"",""Konaté"",""Szoboszlai""]",[591],"[""Enciso""]",[],[],[],[]
2024-25,228,23,2025-01-25T15:00:00Z,,Southampton,1,,Newcastle,3,[null],"[""Bednarek""]","[379,379,455]","[""Isak"",""Isak"",""Tonali""]",[null],"[""Bree""]","[null,457]","[""Gordon"",""J.Murphy""]",[],[],[],[]
2024-25,230,23,2025-01-25T15:00:00Z,,Wolves,0,1,Arsenal,1,[],[],[8],"[""Calafiori""]",[],[],[],[],[],[],[],[]
2024-25,227,23,2025-01-25T17:30:00Z,,Man City,3,8,Chelsea,1,"[398,391,411]","[""Foden"",""Gvardiol"",""Haaland""]",[16],"[""Madueke""]","[null,411,389]","[""Ederson M."",""Haaland"",""Matheus N.""]",[166],"[""N.Jackson""]",[],[],[],[]
2024-25,224,23,2025-01-26T14:00:00Z,5,Crystal Palace,1,4,Brentford,2,[216],"[""Esse""]","[427,94]","[""Mbeumo"",""Schade""]",[201],"[""Muñoz""]","[84,96]","[""Collins"",""Damsgaard""]",[],[],[],[]
2024-25,229,23,2025-01-26T14:00:00Z,16,Spurs,1,,Leicester,2,[527],"[""Richarlison""]","[null,null]","[""Vardy"",""El Khannouss""]",[499],"[""Pedro Porro""]","[null,null]","[""De Cordova-Reid"",""De Cordova-Reid""]",[],[],[],[]
2024-25,221,23,2025-01-26T16:30:00Z,2,Aston Villa,1,18,West Ham,1,[456],"[""Ramsey""]",[null],"[""Emerson""]",[55],"[""Watkins""]",[null],"[""Álvarez""]",[],[],[],[]
2024-25,225,23,2025-01-26T19:00:00Z,7,Fulham,0,,Man Utd,1,[],[],[419],"[""Martinez""]",[],[],[],[],[],[],[],[]
2024-25,239,24,2025-02-01T12:30:00Z,12,Nott'm Forest,7,6,Brighton,0,"[490,490,490,480,469,null]","[""Wood"",""Wood"",""Wood"",""Gibbs-White"",""N.Williams"",""Jota Silva""]",[],[],"[454,454,454,480,480,488]","[""Elanga"",""Elanga"",""Elanga"",""Gibbs-White"",""Gibbs-White"",""Sangaré""]",[],[],[],[],[116],"[""Dunk""]"
2024-25,232,24,2025-02-01T15:00:00Z,,Bournemouth,0,,Liverpool,2,[],[],"[null,null]","[""M.Salah"",""M.Salah""]",[],[],"[367,373]","[""Gakpo"",""Jones""]",[],[],[],[]
2024-25,235,24,2025-02-01T15:00:00Z,,Everton,4,,Leicester,0,"[248,248,null,237]","[""Beto"",""Beto"",""A.Doucoure"",""Ndiaye""]",[],[],"[239,226,229]","[""Garner"",""Pickford"",""Tarkowski""]",[],[],[],[],[],[]
2024-25,236,24,2025-02-01T15:00:00Z,,Ipswich,1,,Southampton,2,[167],"[""Delap""]","[null,null]","[""Aribo"",""Onuachu""]",[],[],[null],"[""Kamaldeen""]",[],[],[],[]
2024-25,238,24,2025-02-01T15:00:00Z,,Newcastle,1,7,Fulham,2,[457],"[""J.Murphy""]","[271,null]","[""Muniz"",""Raúl""]",[],[],"[null,254]","[""Andreas"",""Robinson""]",[],[],[],[]
2024-25,240,24,2025-02-01T17:30:00Z,,Wolves,2,2,Aston Villa,0,"[null,428]","[""Bellegarde"",""Cunha""]",[],[],"[null,null]","[""Hee Chan"",""Sarabia""]",[],[],[],[],[],[]
2024-25,233,24,2025-02-02T14:00:00Z,4,Brentford,0,16,Spurs,2,[],[],[518],"[""P.M.Sarr""]",[],[],"[null,null]","[""Son"",""Son""]",[98],"[""Janelt""]",[],[]
2024-25,237,24,2025-02-02T14:00:00Z,,Man Utd,0,5,Crystal Palace,2,[],[],"[223,223]","[""Mateta"",""Mateta""]",[],[],"[201,200]","[""Muñoz"",""Lacroix""]",[],[],[],[]
2024-25,231,24,2025-02-02T16:30:00Z,1,Arsenal,5,,Man City,1,"[26,22,15,null,7]","[""Havertz"",""Nwaneri"",""Ødegaard"",""Thomas"",""Lewis-Skelly""]",[411],"[""Haaland""]","[13,13,26,18]","[""Rice"",""Rice"",""Havertz"",""Martinelli""]",[403],"[""Savinho""]",[],[],[],[]
2024-25,234,24,2025-02-03T20:00:00Z,8,Chelsea,2,18,West Ham,1,[156],"[""Neto""]",[null],"[""Bowen""]","[155,154]","[""Enzo"",""Palmer""]",[],[],[],[],[611],"[""Wan-Bissaka""]"
2024-25,144,24,2025-02-12T19:30:00Z,,Everton,2,,Liverpool,2,"[248,229]","[""Beto"",""Tarkowski""]","[null,372]","[""M.Salah"",""Mac Allister""]","[230,240]","[""Branthwaite"",""Iroegbunam""]","[373,null]","[""Jones"",""M.Salah""]",[],[],[],[]
2024-25,242,25,2025-02-14T20:00:00Z,6,Brighton,3,8,Chelsea,0,"[122,122,121]","[""Minteh"",""Minteh"",""Mitoma""]",[],[],"[136,136,109]","[""Welbeck"",""Welbeck"",""Verbruggen""]",[],[],[],[],[],[]
2024-25,245,25,2025-02-15T12:30:00Z,,Leicester,0,1,Arsenal,2,[],[],"[17,17]","[""Merino"",""Merino""]",[],[],"[22,null]","[""Nwaneri"",""Trossard""]",[],[],[],[]
2024-25,241,25,2025-02-15T15:00:00Z,2,Aston Villa,1,,Ipswich,1,[55],"[""Watkins""]",[167],"[""Delap""]",[429],"[""Rashford""]",[484],"[""Hutchinson""]",[],[],[],[]
2024-25,244,25,2025-02-15T15:00:00Z,7,Fulham,2,12,Nott'm Forest,1,"[262,257]","[""Smith Rowe"",""Bassey""]",[490],"[""Wood""]","[null,null]","[""Adama"",""Raúl""]",[480],"[""Gibbs-White""]",[],[],[],[]
2024-25,247,25,2025-02-15T15:00:00Z,,Man City,4,,Newcastle,0,"[401,401,401,486]","[""Marmoush"",""Marmoush"",""Marmoush"",""McAtee""]",[],[],"[null,411,403,null]","[""Ederson M."",""Haaland"",""Savinho"",""Gündogan""]",[],[],[],[],[],[]
2024-25,248,25,2025-02-15T15:00:00Z,,Southampton,1,,Bournemouth,3,[null],"[""Kamaldeen""]","[75,95,68]","[""Christie"",""O.Dango"",""Tavernier""]",[null],"[""Onuachu""]","[75,70,397]","[""Christie"",""Kluivert"",""Semenyo""]",[],[],[],[]
2024-25,250,25,2025-02-15T15:00:00Z,18,West Ham,0,4,Brentford,1,[],[],[94],"[""Schade""]",[],[],[],[],[],[],[],[]
2024-25,243,25,2025-02-15T17:30:00Z,5,Crystal Palace,1,,Everton,2,[223],"[""Mateta""]","[248,243]","[""Beto"",""Alcaraz""]",[388],"[""Guéhi""]","[null,243]","[""Young"",""Alcaraz""]",[],[],[],[]
2024-25,246,25,2025-02-16T14:00:00Z,,Liverpool,2,,Wolves,1,"[null,null]","[""Luis Díaz"",""M.Salah""]",[428],"[""Cunha""]",[null],"[""Luis Díaz""]",[null],"[""Bellegarde""]",[],[],[],[]
2024-25,249,25,2025-02-16T16:30:00Z,16,Spurs,1,,Man Utd,0,[515],"[""Maddison""]",[],[],[520],"[""Bergvall""]",[],[],[],[],[],[]
2024-25,282,25,2025-02-19T19:30:00Z,2,Aston Villa,2,,Liverpool,2,"[43,55]","[""Tielemans"",""Watkins""]","[null,null]","[""Alexander-Arnold"",""M.Salah""]","[30,33]","[""Digne"",""Mings""]","[null,null]","[""Diogo J."",""M.Salah""]",[],[],[],[]
2024-25,257,26,2025-02-21T20:00:00Z,,Leicester,0,4,Brentford,4,[],[],"[427,21,464,100]","[""Mbeumo"",""Nørgaard"",""Wissa"",""Carvalho""]",[],[],"[96,96,427]","[""Damsgaard"",""Damsgaard"",""Mbeumo""]",[],[],[],[]
2024-25,254,26,2025-02-22T12:30:00Z,,Everton,2,,Man Utd,2,"[null,248]","[""A.Doucoure"",""Beto""]","[426,433]","[""B.Fernandes"",""Ugarte""]","[null,342]","[""A.Doucoure"",""Harrison""]",[],[],[],[],[],[]
2024-25,251,26,2025-02-22T15:00:00Z,1,Arsenal,0,18,West Ham,1,[],[],[null],"[""Bowen""]",[],[],[611],"[""Wan-Bissaka""]",[],[],[],[]
2024-25,253,26,2025-02-22T15:00:00Z,,Bournemouth,0,,Wolves,1,[],[],[428],"[""Cunha""]",[],[],[null],"[""Munetsi""]",[],[],[],[]
2024-25,255,26,2025-02-22T15:00:00Z,7,Fulham,0,5,Crystal Palace,2,[],[],[201],"[""Muñoz""]",[],[],"[212,223]","[""Hughes"",""Mateta""]",[253],"[""Andersen""]",[],[]
2024-25,256,26,2025-02-22T15:00:00Z,,Ipswich,1,16,Spurs,4,[484],"[""Hutchinson""]","[209,209,521,505]","[""Johnson"",""Johnson"",""Kulusevski"",""Spence""]",[null],"[""J.Clarke""]","[null,null,515,528]","[""Son"",""Son"",""Maddison"",""Scarlett""]",[],[],[],[]
2024-25,260,26,2025-02-22T15:00:00Z,,Southampton,0,6,Brighton,4,[],[],"[123,165,121,125]","[""Hinshelwood"",""João Pedro"",""Mitoma"",""Georginio""]",[],[],"[165,122,null]","[""João Pedro"",""Minteh"",""Gruda""]",[],[],[],[]
2024-25,252,26,2025-02-22T17:30:00Z,2,Aston Villa,2,8,Chelsea,1,"[null,null]","[""M.Asensio"",""M.Asensio""]",[155],"[""Enzo""]","[429,429]","[""Rashford"",""Rashford""]",[156],"[""Neto""]",[],[],[],[]
2024-25,259,26,2025-02-23T14:00:00Z,,Newcastle,4,12,Nott'm Forest,3,"[379,379,457,459]","[""Isak"",""Isak"",""J.Murphy"",""Miley""]","[482,489,471]","[""Hudson-Odoi"",""Yates"",""Milenković""]","[449,449,460]","[""Hall"",""Hall"",""Willock""]","[480,490]","[""Gibbs-White"",""Wood""]",[],[],[],[]
2024-25,258,26,2025-02-23T16:30:00Z,,Man City,0,,Liverpool,2,[],[],"[null,368]","[""M.Salah"",""Szoboszlai""]",[],[],"[null,368]","[""M.Salah"",""Szoboszlai""]",[],[],[],[]
2024-25,262,27,2025-02-25T19:30:00Z,6,Brighton,2,,Bournemouth,1,"[165,136]","[""João Pedro"",""Welbeck""]",[70],"[""Kluivert""]",[125],"[""Georginio""]",[358],"[""Kerkez""]",[],[],[],[]
2024-25,263,27,2025-02-25T19:30:00Z,5,Crystal Palace,4,2,Aston Villa,1,"[208,208,224,223]","[""I.Sarr"",""I.Sarr"",""Nketiah"",""Mateta""]",[40],"[""Rogers""]","[202,14,204,201]","[""C.Richards"",""Eze"",""Mitchell"",""Muñoz""]",[55],"[""Watkins""]",[],[],[],[]
2024-25,267,27,2025-02-25T19:30:00Z,,Wolves,1,7,Fulham,2,[54],"[""J.Gomes""]","[271,269]","[""Muniz"",""Sessegnon""]",[null],"[""N.Semedo""]","[null,null]","[""Adama"",""Andreas""]",[],[],[],[]
2024-25,268,27,2025-02-25T20:15:00Z,8,Chelsea,4,,Southampton,0,"[149,null,null,156]","[""Colwill"",""Cucurella"",""Nkunku"",""Neto""]",[],[],"[null,147,156,242]","[""Nkunku"",""Tosin"",""Neto"",""George""]",[],[],[],[],[],[]
2024-25,261,27,2025-02-26T19:30:00Z,4,Brentford,1,,Everton,1,[464],"[""Wissa""]",[232],"[""O'Brien""]",[427],"[""Mbeumo""]",[233],"[""Mykolenko""]",[],[],[],[]
2024-25,270,27,2025-02-26T19:30:00Z,,Man Utd,3,,Ipswich,2,"[418,416]","[""Maguire"",""De Ligt""]","[null,null]","[""Jaden"",""Jaden""]","[426,426,417]","[""B.Fernandes"",""B.Fernandes"",""Dalot""]",[null],"[""Tuanzebe""]",[],[],[null],"[""Morsy""]"
2024-25,264,27,2025-02-26T19:30:00Z,12,Nott'm Forest,0,1,Arsenal,0,[],[],[],[],[],[],[],[],[],[],[],[]
2024-25,265,27,2025-02-26T19:30:00Z,16,Spurs,0,,Man City,1,[],[],[411],"[""Haaland""]",[],[],[],[],[],[],[],[]
2024-25,269,27,2025-02-26T20:15:00Z,,Liverpool,2,,Newcastle,0,"[372,368]","[""Mac Allister"",""Szoboszlai""]",[],[],"[null,null]","[""Luis Díaz"",""M.Salah""]",[],[],[],[],[],[]
2024-25,266,27,2025-02-27T20:00:00Z,18,West Ham,2,,Leicester,0,[null],"[""Souček""]",[],[],"[null,512]","[""Bowen"",""Kudus""]",[],[],[],[],[null],"[""Vestergaard""]"
2024-25,277,28,2025-03-08T12:30:00Z,12,Nott'm Forest,1,,Man City,0,[482],"[""Hudson-Odoi""]",[],[],[480],"[""Gibbs-White""]",[],[],[],[],[],[]
2024-25,272,28,2025-03-08T15:00:00Z,6,Brighton,2,7,Fulham,1,"[165,112]","[""João Pedro"",""Van Hecke""]",[null],"[""Raúl""]",[129],"[""Ayari""]",[261],"[""Iwobi""]",[],[],[],[]
2024-25,274,28,2025-03-08T15:00:00Z,5,Crystal Palace,1,,Ipswich,0,[208],"[""I.Sarr""]",[],[],[],[],[],[],[],[],[],[]
2024-25,275,28,2025-03-08T15:00:00Z,,Liverpool,3,,Southampton,1,"[null,null,null]","[""M.Salah"",""M.Salah"",""Darwin""]",[null],"[""Smallbone""]","[null,null]","[""Darwin"",""Luis Díaz""]",[],[],[],[],[],[]
2024-25,271,28,2025-03-08T17:30:00Z,4,Brentford,0,2,Aston Villa,1,[],[],[55],"[""Watkins""]",[],[],[456],"[""Ramsey""]",[],[],[],[]
2024-25,280,28,2025-03-08T20:00:00Z,,Wolves,1,,Everton,1,[null],"[""Munetsi""]",[342],"[""Harrison""]",[null],"[""Bellegarde""]",[null],"[""Lindstrøm""]",[],[],[],[]
2024-25,273,28,2025-03-09T14:00:00Z,8,Chelsea,1,,Leicester,0,[null],"[""Cucurella""]",[],[],[155],"[""Enzo""]",[],[],[],[],[],[]
2024-25,278,28,2025-03-09T14:00:00Z,16,Spurs,2,,Bournemouth,2,"[518,null]","[""P.M.Sarr"",""Son""]","[68,79]","[""Tavernier"",""Evanilson""]",[520],"[""Bergvall""]","[358,70]","[""Kerkez"",""Kluivert""]",[],[],[],[]
2024-25,276,28,2025-03-09T16:30:00Z,,Man Utd,1,1,Arsenal,1,[426],"[""B.Fernandes""]",[13],"[""Rice""]",[160],"[""Garnacho""]",[5],"[""J.Timber""]",[],[],[],[]
2024-25,279,28,2025-03-10T20:00:00Z,18,West Ham,0,,Newcastle,1,[],[],[452],"[""Bruno G.""]",[],[],[453],"[""Barnes""]",[],[],[],[]
2024-25,284,29,2025-03-15T15:00:00Z,,Everton,1,18,West Ham,1,[232],"[""O'Brien""]",[null],"[""Souček""]",[null],"[""Gana""]",[null],"[""Bowen""]",[],[],[],[]
2024-25,286,29,2025-03-15T15:00:00Z,,Ipswich,2,12,Nott'm Forest,4,"[null,null]","[""Hirst"",""Cajuste""]","[454,454,471,null]","[""Elanga"",""Elanga"",""Milenković"",""Jota Silva""]","[null,null]","[""O'Shea"",""J.Clarke""]","[481,480,471]","[""Anderson"",""Gibbs-White"",""Milenković""]",[],[],[],[]
2024-25,288,29,2025-03-15T15:00:00Z,,Man City,2,6,Brighton,2,"[411,401]","[""Haaland"",""Marmoush""]",[null],"[""Estupiñan""]","[null,401]","[""Gündogan"",""Marmoush""]","[123,125]","[""Hinshelwood"",""Georginio""]",[393],"[""Khusanov""]",[],[]
2024-25,290,29,2025-03-15T15:00:00Z,,Southampton,1,,Wolves,2,[null],"[""Onuachu""]","[222,222]","[""Strand Larsen"",""Strand Larsen""]",[245],"[""Dibling""]","[null,null]","[""Bellegarde"",""Bellegarde""]",[],[],[],[]
2024-25,283,29,2025-03-15T17:30:00Z,,Bournemouth,1,4,Brentford,2,[],[],"[21,464]","[""Nørgaard"",""Wissa""]",[358],"[""Kerkez""]",[427],"[""Mbeumo""]",[],[],[98],"[""Janelt""]"
2024-25,281,29,2025-03-16T13:30:00Z,1,Arsenal,1,8,Chelsea,0,[17],"[""Merino""]",[],[],[15],"[""Ødegaard""]",[],[],[],[],[],[]
2024-25,285,29,2025-03-16T13:30:00Z,7,Fulham,2,16,Spurs,0,"[271,269]","[""Muniz"",""Sessegnon""]",[],[],"[null,250]","[""Andreas"",""Leno""]",[],[],[],[],[],[]
2024-25,287,29,2025-03-16T19:00:00Z,,Leicester,0,,Man Utd,3,[],[],"[426,160,null]","[""B.Fernandes"",""Garnacho"",""Højlund""]",[],[],"[426,426,417]","[""B.Fernandes"",""B.Fernandes"",""Dalot""]",[],[],[],[]
2024-25,291,30,2025-04-01T18:45:00Z,1,Arsenal,2,7,Fulham,1,"[12,17]","[""Saka"",""Merino""]",[271],"[""Muniz""]","[18,22]","[""Martinelli"",""Nwaneri""]",[269],"[""Sessegnon""]",[],[],[],[]
2024-25,295,30,2025-04-01T18:45:00Z,,Wolves,1,18,West Ham,0,[222],"[""Strand Larsen""]",[],[],[],[],[],[],[],[],[],[]
2024-25,294,30,2025-04-01T19:00:00Z,12,Nott'm Forest,1,,Man Utd,0,[454],"[""Elanga""]",[],[],[489],"[""Yates""]",[],[],[],[],[],[]
2024-25,292,30,2025-04-02T18:45:00Z,,Bournemouth,1,,Ipswich,2,[79],"[""Evanilson""]","[null,167]","[""Broadhead"",""Delap""]",[71],"[""Cook""]","[591,null]","[""Enciso"",""Townsend""]",[],[],[],[]
2024-25,293,30,2025-04-02T18:45:00Z,6,Brighton,0,2,Aston Villa,3,[],[],"[429,null,null]","[""Rashford"",""Malen"",""M.Asensio""]",[],[],"[40,40,null]","[""Rogers"",""Rogers"",""M.Asensio""]",[],[],[],[]
2024-25,298,30,2025-04-02T18:45:00Z,,Man City,2,,Leicester,0,"[238,401]","[""Grealish"",""Marmoush""]",[],[],[403],"[""Savinho""]",[],[],[],[],[],[]
2024-25,299,30,2025-04-02T18:45:00Z,,Newcastle,2,4,Brentford,1,"[379,455]","[""Isak"",""Tonali""]",[427],"[""Mbeumo""]","[453,457]","[""Barnes"",""J.Murphy""]",[464],"[""Wissa""]",[],[],[],[]
2024-25,300,30,2025-04-02T18:45:00Z,,Southampton,1,5,Crystal Palace,1,[null],"[""Onuachu""]",[217],"[""M.França""]",[525],"[""M.Fernandes""]",[213],"[""Lerma""]",[],[],[],[]
2024-25,297,30,2025-04-02T19:00:00Z,,Liverpool,1,,Everton,0,[null],"[""Diogo J.""]",[],[],[null],"[""Luis Díaz""]",[],[],[],[],[],[]
2024-25,296,30,2025-04-03T19:00:00Z,8,Chelsea,1,16,Spurs,0,[155],"[""Enzo""]",[],[],[154],"[""Palmer""]",[],[],[],[],[],[]
2024-25,304,31,2025-04-05T11:30:00Z,,Everton,1,1,Arsenal,1,[237],"[""Ndiaye""]",[null],"[""Trossard""]",[342],"[""Harrison""]",[null],"[""Sterling""]",[],[],[],[]
2024-25,303,31,2025-04-05T14:00:00Z,5,Crystal Palace,2,6,Brighton,1,"[223,201]","[""Mateta"",""Muñoz""]",[136],"[""Welbeck""]","[14,14]","[""Eze"",""Eze""]",[122],"[""Minteh""]",[],[],[],[]
2024-25,306,31,2025-04-05T14:00:00Z,,Ipswich,1,,Wolves,2,[167],"[""Delap""]","[null,222]","[""Sarabia"",""Strand Larsen""]",[null],"[""O'Shea""]",[null],"[""Sarabia""]",[],[],[],[]
2024-25,310,31,2025-04-05T14:00:00Z,18,West Ham,2,,Bournemouth,2,"[null,null]","[""Bowen"",""Füllkrug""]","[79,79]","[""Evanilson"",""Evanilson""]","[512,null]","[""Kudus"",""Ward-Prowse""]","[397,null]","[""Semenyo"",""Huijsen""]",[],[],[],[]
2024-25,301,31,2025-04-05T16:30:00Z,2,Aston Villa,2,12,Nott'm Forest,1,"[40,null]","[""Rogers"",""Malen""]",[null],"[""Jota Silva""]","[36,43]","[""Maatsen"",""Tielemans""]",[469],"[""N.Williams""]",[],[],[],[]
2024-25,302,31,2025-04-06T13:00:00Z,4,Brentford,0,8,Chelsea,0,[],[],[],[],[],[],[],[],[],[],[],[]
2024-25,305,31,2025-04-06T13:00:00Z,7,Fulham,3,,Liverpool,2,"[261,271,269]","[""Iwobi"",""Muniz"",""Sessegnon""]","[null,372]","[""Luis Díaz"",""Mac Allister""]",[261],"[""Iwobi""]","[360,371]","[""Bradley"",""Gravenberch""]",[],[],[],[]
2024-25,309,31,2025-04-06T13:00:00Z,16,Spurs,3,,Southampton,1,"[209,209,514]","[""Johnson"",""Johnson"",""Tel""]",[525],"[""M.Fernandes""]","[209,515,505]","[""Johnson"",""Maddison"",""Spence""]",[null],"[""Kamaldeen""]",[],[],[],[]
2024-25,308,31,2025-04-06T15:30:00Z,,Man Utd,0,,Man City,0,[],[],[],[],[],[],[],[],[],[],[],[]
2024-25,307,31,2025-04-07T19:00:00Z,,Leicester,0,,Newcastle,3,[],[],"[457,457,453]","[""J.Murphy"",""J.Murphy"",""Barnes""]",[],[],"[458,450,446]","[""Joelinton"",""Livramento"",""Schär""]",[],[],[],[]
2024-25,316,32,2025-04-12T11:30:00Z,,Man City,5,5,Crystal Palace,2,"[null,406,486,387,401]","[""De Bruyne"",""Kovačić"",""McAtee"",""O’Reilly"",""Marmoush""]","[202,14]","[""C.Richards"",""Eze""]","[null,null,null,405]","[""De Bruyne"",""Ederson M."",""Gündogan"",""N.Gonzalez""]","[210,208]","[""Wharton"",""I.Sarr""]",[],[],[],[]
2024-25,313,32,2025-04-12T14:00:00Z,6,Brighton,2,,Leicester,2,"[165,165]","[""João Pedro"",""João Pedro""]","[null,null]","[""Mavididi"",""Okoli""]","[546,126]","[""Adingra"",""O'Riley""]",[null],"[""El Khannouss""]",[],[],[],[]
2024-25,318,32,2025-04-12T14:00:00Z,12,Nott'm Forest,0,,Everton,1,[],[],[null],"[""A.Doucoure""]",[],[],[241],"[""McNeil""]",[],[],[],[]
2024-25,319,32,2025-04-12T14:00:00Z,,Southampton,0,2,Aston Villa,3,[],[],"[45,55,null]","[""McGinn"",""Watkins"",""Malen""]",[],[],"[40,43,null]","[""Rogers"",""Tielemans"",""M.Asensio""]",[],[],[],[]
2024-25,311,32,2025-04-12T16:30:00Z,1,Arsenal,1,4,Brentford,1,[null],"[""Thomas""]",[464],"[""Wissa""]",[13],"[""Rice""]",[84],"[""Collins""]",[],[],[],[]
2024-25,314,32,2025-04-13T13:00:00Z,8,Chelsea,2,,Ipswich,2,[null],"[""Sancho""]","[591,null]","[""Enciso"",""Johnson""]","[16,154]","[""Madueke"",""Palmer""]","[591,null]","[""Enciso"",""Johnson""]",[],[],[null],"[""Tuanzebe""]"
2024-25,315,32,2025-04-13T13:00:00Z,,Liverpool,2,18,West Ham,1,"[null,356]","[""Luis Díaz"",""Virgil""]",[],[],"[null,372]","[""M.Salah"",""Mac Allister""]",[],[],[502],"[""Robertson""]",[],[]
2024-25,320,32,2025-04-13T13:00:00Z,,Wolves,4,16,Spurs,2,"[392,428,222]","[""Aït-Nouri"",""Cunha"",""Strand Larsen""]","[527,514]","[""Richarlison"",""Tel""]","[392,null]","[""Aït-Nouri"",""Munetsi""]","[209,500]","[""Johnson"",""Romero""]",[],[],[505],"[""Spence""]"
2024-25,317,32,2025-04-13T15:30:00Z,,Newcastle,4,,Man Utd,1,"[453,453,452,455]","[""Barnes"",""Barnes"",""Bruno G."",""Tonali""]",[160],"[""Garnacho""]","[379,457,458]","[""Isak"",""J.Murphy"",""Joelinton""]",[417],"[""Dalot""]",[],[],[],[]
2024-25,312,32,2025-04-14T19:00:00Z,,Bournemouth,1,7,Fulham,0,[397],"[""Semenyo""]",[],[],[],[],[],[],[],[],[],[]
2024-25,289,32,2025-04-16T18:30:00Z,,Newcastle,5,5,Crystal Palace,0,"[453,379,457,446]","[""Barnes"",""Isak"",""J.Murphy"",""Schär""]",[],[],"[453,457,458,455,null]","[""Barnes"",""J.Murphy"",""Joelinton"",""Tonali"",""Trippier""]",[],[],[],[],[388],"[""Guéhi""]"
2024-25,322,33,2025-04-19T14:00:00Z,4,Brentford,4,6,Brighton,2,"[427,427,21,464]","[""Mbeumo"",""Mbeumo"",""Nørgaard"",""Wissa""]","[121,136]","[""Mitoma"",""Welbeck""]","[97,86,427,464]","[""Jensen"",""Lewis-Potter"",""Mbeumo"",""Wissa""]","[123,130]","[""Hinshelwood"",""Wieffer""]",[],[],[],[]
2024-25,323,33,2025-04-19T14:00:00Z,5,Crystal Palace,0,,Bournemouth,0,[],[],[],[],[],[],[],[],[],[],[],[]
2024-25,324,33,2025-04-19T14:00:00Z,,Everton,0,,Man City,2,[],[],"[406,387]","[""Kovačić"",""O’Reilly""]",[],[],"[389,null]","[""Matheus N."",""Gündogan""]",[],[],[],[]
2024-25,330,33,2025-04-19T14:00:00Z,18,West Ham,1,,Southampton,1,[null],"[""Bowen""]",[null],"[""Ugochukwu""]",[null],"[""Füllkrug""]",[null],"[""Walker-Peters""]",[],[],[],[]
2024-25,321,33,2025-04-19T16:30:00Z,2,Aston Villa,4,,Newcastle,1,"[36,55,48]","[""Maatsen"",""Watkins"",""Onana""]",[446],"[""Schär""]","[40,43,55]","[""Rogers"",""Tielemans"",""Watkins""]",[453],"[""Barnes""]",[],[],[448],"[""Burn""]"
2024-25,325,33,2025-04-20T13:00:00Z,7,Fulham,1,8,Chelsea,2,[261],"[""Iwobi""]","[156,242]","[""Neto"",""George""]",[269],"[""Sessegnon""]",[155],"[""Enzo""]",[],[],[],[]
2024-25,326,33,2025-04-20T13:00:00Z,,Ipswich,0,1,Arsenal,4,[],[],"[null,null,18,22]","[""Trossard"",""Trossard"",""Martinelli"",""Nwaneri""]",[],[],"[15,13,null,17]","[""Ødegaard"",""Rice"",""Zinchenko"",""Merino""]",[],[],[],[]
2024-25,328,33,2025-04-20T13:00:00Z,,Man Utd,0,,Wolves,1,[],[],[null],"[""Sarabia""]",[],[],[428],"[""Cunha""]",[],[],[],[]
2024-25,327,33,2025-04-20T15:30:00Z,,Leicester,0,,Liverpool,1,[],[],[null],"[""Alexander-Arnold""]",[],[],[],[],[],[],[],[]
2024-25,329,33,2025-04-21T19:00:00Z,16,Spurs,1,12,Nott'm Forest,2,[527],"[""Richarlison""]","[481,490]","[""Anderson"",""Wood""]",[499],"[""Pedro Porro""]","[487,454]","[""Dominguez"",""Elanga""]",[],[],[],[]
2024-25,336,33,2025-04-22T19:00:00Z,,Man City,2,2,Aston Villa,1,"[null,389]","[""Bernardo"",""Matheus N.""]",[429],"[""Rashford""]",[400],"[""Doku""]",[456],"[""Ramsey""]",[],[],[],[]
2024-25,331,33,2025-04-23T19:00:00Z,1,Arsenal,2,5,Crystal Palace,2,"[null,null]","[""Kiwior"",""Trossard""]","[14,223]","[""Eze"",""Mateta""]","[5,15]","[""J.Timber"",""Ødegaard""]",[210],"[""Wharton""]",[],[],[],[]
2024-25,334,34,2025-04-26T11:30:00Z,8,Chelsea,1,,Everton,0,[166],"[""N.Jackson""]",[],[],[155],"[""Enzo""]",[],[],[],[],[],[]
2024-25,333,34,2025-04-26T14:00:00Z,6,Brighton,3,18,West Ham,2,"[131,121,129]","[""Baleba"",""Mitoma"",""Ayari""]","[512,null]","[""Kudus"",""Souček""]","[null,null,123]","[""Gruda"",""Gruda"",""Hinshelwood""]","[null,null]","[""Bowen"",""Bowen""]",[],[],[],[]
2024-25,337,34,2025-04-26T14:00:00Z,,Newcastle,3,,Ipswich,0,"[448,379,465]","[""Burn"",""Isak"",""Osula""]",[],[],"[null,null,457]","[""Trippier"",""Trippier"",""J.Murphy""]",[],[],[],[],[],[]
2024-25,339,34,2025-04-26T14:00:00Z,,Southampton,1,7,Fulham,2,[null],"[""Stephens""]","[262,269]","[""Smith Rowe"",""Sessegnon""]",[null],"[""Manning""]","[null,261]","[""Adama"",""Iwobi""]",[],[],[],[]
2024-25,340,34,2025-04-26T14:00:00Z,,Wolves,3,,Leicester,0,"[428,null,222]","[""Cunha"",""R.Gomes"",""Strand Larsen""]",[],[],"[428,428,392]","[""Cunha"",""Cunha"",""Aït-Nouri""]",[],[],[],[],[],[]
2024-25,332,34,2025-04-27T13:00:00Z,,Bournemouth,1,,Man Utd,1,[397],"[""Semenyo""]",[null],"[""Højlund""]",[79],"[""Evanilson""]",[433],"[""Ugarte""]",[],[],[],[]
2024-25,335,34,2025-04-27T15:30:00Z,,Liverpool,5,16,Spurs,1,"[367,null,null,372]","[""Gakpo"",""Luis Díaz"",""M.Salah"",""Mac Allister""]",[526],"[""Solanke""]","[368,368,null,371]","[""Szoboszlai"",""Szoboszlai"",""Alexander-Arnold"",""Gravenberch""]",[515],"[""Maddison""]",[],[],[506],"[""Udogie""]"
2024-25,338,34,2025-05-01T18:30:00Z,12,Nott'm Forest,0,4,Brentford,2,[],[],"[94,464]","[""Schade"",""Wissa""]",[],[],"[84,null]","[""Collins"",""Flekken""]",[],[],[],[]
2024-25,349,35,2025-05-02T19:00:00Z,,Man City,1,,Wolves,0,[null],"[""De Bruyne""]",[],[],[400],"[""Doku""]",[],[],[],[],[],[]
2024-25,342,35,2025-05-03T11:30:00Z,2,Aston Villa,1,7,Fulham,0,[43],"[""Tielemans""]",[],[],[45],"[""McGinn""]",[],[],[],[],[],[]
2024-25,347,35,2025-05-03T14:00:00Z,,Everton,2,,Ipswich,2,"[248,241]","[""Beto"",""McNeil""]","[591,null]","[""Enciso"",""Hirst""]","[234,243]","[""Patterson"",""Alcaraz""]","[null,484]","[""Burgess"",""Hutchinson""]",[],[],[],[]
2024-25,348,35,2025-05-03T14:00:00Z,,Leicester,2,,Southampton,0,"[null,null]","[""J.Ayew"",""Vardy""]",[],[],[null],"[""El Khannouss""]",[],[],[],[],[],[]
2024-25,341,35,2025-05-03T16:30:00Z,1,Arsenal,1,,Bournemouth,2,[13],"[""Rice""]","[null,79]","[""Huijsen"",""Evanilson""]",[15],"[""Ødegaard""]","[397,68]","[""Semenyo"",""Tavernier""]",[],[],[],[]
2024-25,343,35,2025-05-04T13:00:00Z,4,Brentford,4,,Man Utd,3,"[94,94,464]","[""Schade"",""Schade"",""Wissa""]","[431,160,430]","[""Amad"",""Garnacho"",""Mount""]","[96,427,21,88]","[""Damsgaard"",""Mbeumo"",""Nørgaard"",""Kayode""]","[null,160,433]","[""Eriksen"",""Garnacho"",""Ugarte""]",[],[],[423],"[""Shaw""]"
2024-25,344,35,2025-05-04T13:00:00Z,6,Brighton,1,,Newcastle,1,[122],"[""Minteh""]",[379],"[""Isak""]",[130],"[""Wieffer""]",[446],"[""Schär""]",[],[],[],[]
2024-25,350,35,2025-05-04T13:00:00Z,18,West Ham,1,16,Spurs,1,[null],"[""Bowen""]",[517],"[""Odobert""]",[611],"[""Wan-Bissaka""]",[514],"[""Tel""]",[],[],[],[]
2024-25,345,35,2025-05-04T15:30:00Z,8,Chelsea,3,,Liverpool,1,"[155,154]","[""Enzo"",""Palmer""]",[356],"[""Virgil""]","[159,156]","[""Caicedo"",""Neto""]",[372],"[""Mac Allister""]",[],[],[null],"[""Quansah""]"
2024-25,346,35,2025-05-05T19:00:00Z,5,Crystal Palace,1,12,Nott'm Forest,1,[14],"[""Eze""]",[472],"[""Murillo""]",[204],"[""Mitchell""]",[469],"[""N.Williams""]",[],[],[],[]
2024-25,352,36,2025-05-10T14:00:00Z,7,Fulham,1,,Everton,3,[null],"[""Raúl""]","[248,231,233]","[""Beto"",""Keane"",""Mykolenko""]",[262],"[""Smith Rowe""]","[null,241,243]","[""A.Doucoure"",""McNeil"",""Alcaraz""]",[],[],[],[]
2024-25,353,36,2025-05-10T14:00:00Z,,Ipswich,0,4,Brentford,1,[],[],[94],"[""Schade""]",[],[],[427],"[""Mbeumo""]",[],[],[],[]
2024-25,358,36,2025-05-10T14:00:00Z,,Southampton,0,,Man City,0,[],[],[],[],[],[],[],[],[],[],[],[]
2024-25,360,36,2025-05-10T14:00:00Z,,Wolves,0,6,Brighton,2,[],[],"[136,null]","[""Welbeck"",""Gruda""]",[],[],"[546,130]","[""Adingra"",""Wieffer""]",[],[],[],[]
2024-25,351,36,2025-05-10T16:30:00Z,,Bournemouth,0,2,Aston Villa,1,[],[],[55],"[""Watkins""]",[],[],[40],"[""Rogers""]",[],[],[],[]
2024-25,356,36,2025-05-11T11:00:00Z,,Newcastle,2,8,Chelsea,0,"[452,455]","[""Bruno G."",""Tonali""]",[],[],"[448,457]","[""Burn"",""J.Murphy""]",[],[],[],[],[],[]
2024-25,355,36,2025-05-11T13:15:00Z,,Man Utd,0,18,West Ham,2,[],[],"[null,null]","[""Bowen"",""Souček""]",[],[],"[611,512]","[""Wan-Bissaka"",""Kudus""]",[],[],[],[]
2024-25,357,36,2025-05-11T13:15:00Z,12,Nott'm Forest,2,,Leicester,2,"[480,490]","[""Gibbs-White"",""Wood""]","[128,null]","[""Buonanotte"",""Coady""]","[454,480]","[""Elanga"",""Gibbs-White""]","[null,null]","[""Vardy"",""El Khannouss""]",[],[],[],[]
2024-25,359,36,2025-05-11T13:15:00Z,16,Spurs,0,5,Crystal Palace,2,[],[],"[14,14]","[""Eze"",""Eze""]",[],[],"[201,208]","[""Muñoz"",""I.Sarr""]",[],[],[],[]
2024-25,354,36,2025-05-11T15:30:00Z,,Liverpool,2,1,Arsenal,2,"[367,null]","[""Gakpo"",""Luis Díaz""]","[18,17]","[""Martinelli"",""Merino""]","[502,368]","[""Robertson"",""Szoboszlai""]","[15,null]","[""Ødegaard"",""Trossard""]",[],[],[],[]
2024-25,362,37,2025-05-16T18:30:00Z,2,Aston Villa,2,16,Spurs,0,"[47,31]","[""Kamara"",""Konsa""]",[],[],"[40,55]","[""Rogers"",""Watkins""]",[],[],[],[],[],[]
2024-25,365,37,2025-05-16T19:15:00Z,8,Chelsea,1,,Man Utd,0,[null],"[""Cucurella""]",[],[],[142],"[""James""]",[],[],[],[],[],[]
2024-25,367,37,2025-05-18T11:00:00Z,,Everton,2,,Southampton,0,"[237,237]","[""Ndiaye"",""Ndiaye""]",[],[],[241],"[""McNeil""]",[],[],[],[],[],[]
2024-25,370,37,2025-05-18T13:15:00Z,18,West Ham,1,12,Nott'm Forest,2,[null],"[""Bowen""]","[480,471]","[""Gibbs-White"",""Milenković""]",[],[],[454],"[""Elanga""]",[],[],[],[]
2024-25,363,37,2025-05-18T14:00:00Z,4,Brentford,2,7,Fulham,3,"[427,464]","[""Mbeumo"",""Wissa""]","[266,null,260]","[""Cairney"",""Raúl"",""Wilson""]","[21,464]","[""Nørgaard"",""Wissa""]","[null,null]","[""Adama"",""Adama""]",[],[],[],[]
2024-25,368,37,2025-05-18T14:00:00Z,,Leicester,2,,Ipswich,0,"[null,null]","[""McAteer"",""Vardy""]",[],[],"[332,null]","[""Justin"",""Ndidi""]",[],[],[],[],[],[]
2024-25,361,37,2025-05-18T15:30:00Z,1,Arsenal,1,,Newcastle,0,[13],"[""Rice""]",[],[],[15],"[""Ødegaard""]",[],[],[],[],[],[]
2024-25,364,37,2025-05-19T19:00:00Z,6,Brighton,3,,Liverpool,2,"[123,121,129]","[""Hinshelwood"",""Mitoma"",""Ayari""]","[383,368]","[""Elliott"",""Szoboszlai""]","[136,null,126]","[""Welbeck"",""Gruda"",""O'Riley""]","[360,383]","[""Bradley"",""Elliott""]",[],[],[],[]
2024-25,366,37,2025-05-20T19:00:00Z,5,Crystal Palace,4,,Wolves,2,"[224,224,null,14]","[""Nketiah"",""Nketiah"",""Chilwell"",""Eze""]","[222,null]","[""Strand Larsen"",""Agbadou""]","[216,216,208,215]","[""Esse"",""Esse"",""I.Sarr"",""Devenny""]","[null,222]","[""Bellegarde"",""Strand Larsen""]",[],[],[],[]
2024-25,369,37,2025-05-20T19:00:00Z,,Man City,3,,Bournemouth,1,"[null,401,405]","[""Bernardo"",""Marmoush"",""N.Gonzalez""]",[null],"[""Jebbison""]","[406,389,null]","[""Kovačić"",""Matheus N."",""Gündogan""]",[],[],[],[],[],[]
2024-25,371,38,2025-05-25T15:00:00Z,,Bournemouth,2,,Leicester,0,"[397,397]","[""Semenyo"",""Semenyo""]",[],[],"[null,null]","[""Zabarnyi"",""Huijsen""]",[],[],[],[],[],[]
2024-25,372,38,2025-05-25T15:00:00Z,7,Fulham,0,,Man City,2,[],[],"[411,null]","[""Haaland"",""Gündogan""]",[],[],"[389,null]","[""Matheus N."",""Gündogan""]",[],[],[],[]
2024-25,373,38,2025-05-25T15:00:00Z,,Ipswich,1,18,West Ham,3,[null],"[""Broadhead""]","[null,512,null]","[""Bowen"",""Kudus"",""Ward-Prowse""]",[null],"[""Cajuste""]","[611,null,null]","[""Wan-Bissaka"",""Bowen"",""G.Rodríguez""]",[],[],[],[]
2024-25,374,38,2025-05-25T15:00:00Z,,Liverpool,1,5,Crystal Palace,1,[null],"[""M.Salah""]",[208],"[""I.Sarr""]",[367],"[""Gakpo""]",[204],"[""Mitchell""]",[],[],[],[]
2024-25,375,38,2025-05-25T15:00:00Z,,Man Utd,2,2,Aston Villa,0,"[431,null]","[""Amad"",""Eriksen""]",[],[],"[431,426]","[""Amad"",""B.Fernandes""]",[],[],[],[],[],[]
2024-25,376,38,2025-05-25T15:00:00Z,,Newcastle,0,,Everton,1,[],[],[243],"[""Alcaraz""]",[],[],[233],"[""Mykolenko""]",[],[],[],[]
2024-25,377,38,2025-05-25T15:00:00Z,12,Nott'm Forest,0,8,Chelsea,1,[],[],[149],"[""Colwill""]",[],[],[156],"[""Neto""]",[],[],[],[]
2024-25,378,38,2025-05-25T15:00:00Z,,Southampton,1,1,Arsenal,2,[null],"[""Stewart""]","[15,null]","[""Ødegaard"",""Tierney""]",[525],"[""M.Fernandes""]","[null,10]","[""Trossard"",""White""]",[],[],[],[]
2024-25,379,38,2025-05-25T15:00:00Z,16,Spurs,1,6,Brighton,4,[526],"[""Solanke""]","[123,123,126,127]","[""Hinshelwood"",""Hinshelwood"",""O'Riley"",""Gómez""]",[514],"[""Tel""]","[121,null,127]","[""Mitoma"",""Webster"",""Gómez""]",[],[],[],[]
2024-25,380,38,2025-05-25T15:00:00Z,,Wolves,1,4,Brentford,1,[null],"[""Munetsi""]",[427],"[""Mbeumo""]",[222],"[""Strand Larsen""]",[21],"[""Nørgaard""]",[],[],[],[]
2025-26,1,1,2025-08-15T19:00:00Z,14,Liverpool,4,3,Bournemouth,2,"[null,367,370,380]","[""M.Salah"",""Gakpo"",""Chiesa"",""Ekitiké""]","[397,397]","[""Semenyo"",""Semenyo""]","[372,374,380]","[""Mac Allister"",""Endo"",""Ekitiké""]","[74,null]","[""Brooks"",""H.Traorè""]",[],[],[],[]
2025-26,2,1,2025-08-16T11:30:00Z,2,Aston Villa,0,17,Newcastle,0,[],[],[],[],[],[],[],[],[],[],[],[]
2025-26,3,1,2025-08-16T14:00:00Z,5,Brighton,1,10,Fulham,1,[126],"[""O'Riley""]",[271],"[""Muniz""]",[125],"[""Georginio""]",[260],"[""Wilson""]",[],[],[],[]
2025-26,6,1,2025-08-16T14:00:00Z,19,Spurs,3,,Burnley,0,"[527,527,209]","[""Richarlison"",""Richarlison"",""Johnson""]",[],[],"[512,512,518]","[""Kudus"",""Kudus"",""P.M.Sarr""]",[],[],[],[],[],[]
2025-26,5,1,2025-08-16T14:00:00Z,20,Sunderland,3,,West Ham,0,"[532,553,null]","[""Ballard"",""Isidor"",""Mayenda""]",[],[],"[546,549,535]","[""Adingra"",""Talbi"",""Alderete""]",[],[],[],[],[],[]
2025-26,7,1,2025-08-16T16:30:00Z,,Wolves,0,15,Man City,4,[],[],"[411,411,399,404]","[""Haaland"",""Haaland"",""Cherki"",""Reijnders""]",[],[],"[395,264,404]","[""Lewis"",""Bobb"",""Reijnders""]",[],[],[],[]
2025-26,8,1,2025-08-17T13:00:00Z,6,Chelsea,0,8,Crystal Palace,0,[],[],[],[],[],[],[],[],[],[],[],[]
2025-26,4,1,2025-08-17T13:00:00Z,18,Nott'm Forest,3,4,Brentford,1,"[490,490,483]","[""Wood"",""Wood"",""Ndoye""]",[106],"[""Thiago""]","[480,481]","[""Gibbs-White"",""Anderson""]",[104],"[""Onyeka""]",[],[],[],[]
2025-26,9,1,2025-08-17T15:30:00Z,16,Man Utd,0,1,Arsenal,1,[],[],[8],"[""Calafiori""]",[],[],[13],"[""Rice""]",[],[],[],[]
2025-26,10,1,2025-08-18T19:00:00Z,13,Leeds,1,9,Everton,0,[347],"[""Nmecha""]",[],[],[335],"[""Stach""]",[],[],[],[],[],[]
2025-26,20,2,2025-08-22T19:00:00Z,,West Ham,1,6,Chelsea,5,[null],"[""L.Paquetá""]","[143,156,155,159,165]","[""Chalobah"",""Neto"",""Enzo"",""Caicedo"",""João Pedro""]",[620],"[""Diouf""]","[165,165,null,155,157]","[""João Pedro"",""João Pedro"",""Cucurella"",""Enzo"",""Estêvão""]",[],[],[],[]
2025-26,18,2,2025-08-23T11:30:00Z,15,Man City,0,19,Spurs,2,[],[],"[209,null]","[""Johnson"",""J.Palhinha""]",[],[],[527],"[""Richarlison""]",[],[],[],[]
2025-26,12,2,2025-08-23T14:00:00Z,3,Bournemouth,1,,Wolves,0,[68],"[""Tavernier""]",[],[],[397],"[""Semenyo""]",[],[],[],[],[],[]
2025-26,13,2,2025-08-23T14:00:00Z,4,Brentford,1,2,Aston Villa,0,[95],"[""O.Dango""]",[],[],[],[],[],[],[],[],[],[]
2025-26,14,2,2025-08-23T14:00:00Z,,Burnley,2,20,Sunderland,0,"[105,null]","[""Anthony"",""Cullen""]",[],[],"[105,null]","[""Anthony"",""Cullen""]",[],[],[],[],[],[]
2025-26,11,2,2025-08-23T16:30:00Z,1,Arsenal,5,13,Leeds,0,"[5,5,25,25,12]","[""J.Timber"",""J.Timber"",""Gyökeres"",""Gyökeres"",""Saka""]",[],[],"[8,8,5,13,20]","[""Calafiori"",""Calafiori"",""J.Timber"",""Rice"",""Dowman""]",[],[],[],[],[],[]
2025-26,15,2,2025-08-24T13:00:00Z,8,Crystal Palace,1,18,Nott'm Forest,1,[208],"[""Sarr""]",[482],"[""Hudson-Odoi""]",[201],"[""Muñoz""]",[483],"[""Ndoye""]",[],[],[],[]
2025-26,16,2,2025-08-24T13:00:00Z,9,Everton,2,5,Brighton,0,"[237,239]","[""Ndiaye"",""Garner""]",[],[],"[238,238]","[""Grealish"",""Grealish""]",[],[],[],[],[],[]
2025-26,17,2,2025-08-24T15:30:00Z,10,Fulham,1,16,Man Utd,1,[262],"[""Smith Rowe""]",[],[],[261],"[""Iwobi""]",[420],"[""Yoro""]",[271],"[""Muniz""]",[],[]
2025-26,19,2,2025-08-25T19:00:00Z,17,Newcastle,2,14,Liverpool,3,"[452,465]","[""Bruno G."",""Osula""]","[371,380,369]","[""Gravenberch"",""Ekitiké"",""Ngumoha""]","[442,450]","[""Pope"",""Livramento""]","[367,367,null]","[""Gakpo"",""Gakpo"",""M.Salah""]",[],[],[],[]
2025-26,23,3,2025-08-30T11:30:00Z,6,Chelsea,2,10,Fulham,0,"[155,165]","[""Enzo"",""João Pedro""]",[],[],"[143,155]","[""Chalobah"",""Enzo""]",[],[],[],[],[],[]
2025-26,26,3,2025-08-30T14:00:00Z,16,Man Utd,3,,Burnley,2,"[427,426]","[""Mbeumo"",""B.Fernandes""]","[105,null]","[""Anthony"",""Foster""]","[417,431,null]","[""Dalot"",""Amad"",""Casemiro""]","[null,190]","[""Bruun Larsen"",""Tchaouna""]",[],[],[null],"[""Cullen""]"
2025-26,29,3,2025-08-30T14:00:00Z,19,Spurs,0,3,Bournemouth,1,[],[],[79],"[""Evanilson""]",[],[],[498],"[""Senesi""]",[],[],[],[]
2025-26,28,3,2025-08-30T14:00:00Z,20,Sunderland,2,4,Brentford,1,"[542,553]","[""E.Le Fée"",""Isidor""]",[106],"[""Thiago""]","[543,544]","[""Diarra"",""Xhaka""]",[104],"[""Onyeka""]",[],[],[],[]
2025-26,30,3,2025-08-30T14:00:00Z,,Wolves,2,9,Everton,3,"[null,null]","[""R.Gomes"",""Hee Chan""]","[236,237,248]","[""Dewsbury-Hall"",""Ndiaye"",""Beto""]","[null,null]","[""Munetsi"",""Møller Wolfe""]","[238,238,236]","[""Grealish"",""Grealish"",""Dewsbury-Hall""]",[],[],[],[]
2025-26,24,3,2025-08-30T16:30:00Z,13,Leeds,0,17,Newcastle,0,[],[],[],[],[],[],[],[],[],[],[],[]
2025-26,22,3,2025-08-31T13:00:00Z,5,Brighton,2,15,Man City,1,"[null,null]","[""Gruda"",""Milner""]",[411],"[""Haaland""]","[116,121]","[""Dunk"",""Mitoma""]",[401],"[""Marmoush""]",[],[],[],[]
2025-26,27,3,2025-08-31T13:00:00Z,18,Nott'm Forest,0,,West Ham,3,[],[],"[null,null,108]","[""L.Paquetá"",""Bowen"",""Wilson""]",[],[],"[null,null,620]","[""Summerville"",""Summerville"",""Diouf""]",[],[],[],[]
2025-26,25,3,2025-08-31T15:30:00Z,14,Liverpool,1,1,Arsenal,0,[368],"[""Szoboszlai""]",[],[],[373],"[""C.Jones""]",[],[],[],[],[],[]
2025-26,21,3,2025-08-31T18:00:00Z,2,Aston Villa,0,8,Crystal Palace,3,[],[],"[388,208,223]","[""Guéhi"",""Sarr"",""Mateta""]",[],[],"[200,214]","[""Lacroix"",""Kamada""]",[],[],[],[]
2025-26,31,4,2025-09-13T11:30:00Z,1,Arsenal,3,18,Nott'm Forest,0,"[19,19,25]","[""Zubimendi"",""Zubimendi"",""Gyökeres""]",[],[],"[null,14]","[""Trossard"",""Eze""]",[],[],[],[],[],[]
2025-26,32,4,2025-09-13T14:00:00Z,3,Bournemouth,2,5,Brighton,1,"[397,69]","[""Semenyo"",""Scott""]",[121],"[""Mitoma""]","[397,79]","[""Semenyo"",""Evanilson""]",[122],"[""Minteh""]",[],[],[],[]
2025-26,35,4,2025-09-13T14:00:00Z,8,Crystal Palace,0,20,Sunderland,0,[],[],[],[],[],[],[],[],[],[],[],[]
2025-26,36,4,2025-09-13T14:00:00Z,9,Everton,0,2,Aston Villa,0,[],[],[],[],[],[],[],[],[],[],[],[]
2025-26,37,4,2025-09-13T14:00:00Z,10,Fulham,1,13,Leeds,0,[],[],[],[],[267],"[""Lukić""]",[],[],[],[],[331],"[""Gudmundsson""]"
2025-26,39,4,2025-09-13T14:00:00Z,17,Newcastle,1,,Wolves,0,[463],"[""Woltemade""]",[],[],[457],"[""J.Murphy""]",[],[],[],[],[],[]
2025-26,40,4,2025-09-13T16:30:00Z,,West Ham,0,19,Spurs,3,[],[],"[503,520,518]","[""Van de Ven"",""Bergvall"",""P.M.Sarr""]",[],[],"[500,520,513]","[""Romero"",""Bergvall"",""Xavi""]",[],[],[],[]
2025-26,33,4,2025-09-13T19:00:00Z,4,Brentford,2,6,Chelsea,2,"[94,100]","[""Schade"",""Carvalho""]","[154,159]","[""Palmer"",""Caicedo""]","[87,101]","[""Ajer"",""Henderson""]",[165],"[""João Pedro""]",[],[],[],[]
2025-26,34,4,2025-09-14T13:00:00Z,,Burnley,0,14,Liverpool,1,[],[],[null],"[""M.Salah""]",[],[],[357],"[""Frimpong""]",[],[],[],[]
2025-26,38,4,2025-09-14T15:30:00Z,15,Man City,3,16,Man Utd,0,"[411,411,398]","[""Haaland"",""Haaland"",""Foden""]",[],[],"[400,400,null]","[""Doku"",""Doku"",""Bernardo""]",[],[],[],[],[],[]
2025-26,46,5,2025-09-20T11:30:00Z,14,Liverpool,2,9,Everton,1,"[371,380]","[""Gravenberch"",""Ekitiké""]",[null],"[""Gana""]","[null,371]","[""M.Salah"",""Gravenberch""]",[237],"[""Ndiaye""]",[],[],[],[]
2025-26,43,5,2025-09-20T14:00:00Z,5,Brighton,2,19,Spurs,2,"[122,129]","[""Minteh"",""Ayari""]",[527],"[""Richarlison""]",[125],"[""Georginio""]","[512,512]","[""Kudus"",""Kudus""]",[112],"[""Van Hecke""]",[],[]
2025-26,44,5,2025-09-20T14:00:00Z,,Burnley,1,18,Nott'm Forest,1,[105],"[""Anthony""]",[469],"[""N.Williams""]",[null],"[""Foster""]",[null],"[""Douglas Luiz""]",[],[],[],[]
2025-26,49,5,2025-09-20T14:00:00Z,,West Ham,1,8,Crystal Palace,2,[null],"[""Bowen""]","[204,223]","[""Mitchell"",""Mateta""]",[620],"[""Diouf""]","[388,210]","[""Guéhi"",""Wharton""]",[],[],[],[]
2025-26,50,5,2025-09-20T14:00:00Z,,Wolves,1,13,Leeds,3,[null],"[""Krejčí""]","[335,346,336]","[""Stach"",""Calvert-Lewin"",""Okafor""]",[null],"[""Fer López""]","[330,335,346]","[""Bogle"",""Stach"",""Calvert-Lewin""]",[],[],[],[]
2025-26,47,5,2025-09-20T16:30:00Z,16,Man Utd,2,6,Chelsea,1,"[426,null]","[""B.Fernandes"",""Casemiro""]",[143],"[""Chalobah""]","[415,418]","[""Dorgu"",""Maguire""]",[142],"[""James""]",[],[],[],[]
2025-26,45,5,2025-09-20T19:00:00Z,10,Fulham,3,4,Brentford,1,"[261,260]","[""Iwobi"",""Wilson""]",[96],"[""Damsgaard""]","[261,269,271]","[""Iwobi"",""Sessegnon"",""Muniz""]",[],[],[],[],[91],"[""Pinnock""]"
2025-26,42,5,2025-09-21T13:00:00Z,3,Bournemouth,0,17,Newcastle,0,[],[],[],[],[],[],[],[],[],[],[],[]
2025-26,48,5,2025-09-21T13:00:00Z,20,Sunderland,1,2,Aston Villa,1,[553],"[""Isidor""]",[32],"[""Cash""]",[544],"[""Xhaka""]",[47],"[""Kamara""]",[],[],[],[]
2025-26,41,5,2025-09-21T15:30:00Z,1,Arsenal,1,15,Man City,1,[18],"[""Martinelli""]",[411],"[""Haaland""]",[14],"[""Eze""]",[404],"[""Reijnders""]",[],[],[],[]
2025-26,52,6,2025-09-27T11:30:00Z,4,Brentford,3,16,Man Utd,1,"[106,106,97]","[""Thiago"",""Thiago"",""Jensen""]",[439],"[""Šeško""]","[94,101,102]","[""Schade"",""Henderson"",""Yarmoliuk""]",[],[],[],[],[],[]
2025-26,53,6,2025-09-27T14:00:00Z,6,Chelsea,1,5,Brighton,3,[155],"[""Enzo""]","[136,136,115]","[""Welbeck"",""Welbeck"",""De Cuyper""]",[142],"[""James""]","[122,null,130]","[""Minteh"",""Gruda"",""Wieffer""]",[],[],[],[]
2025-26,54,6,2025-09-27T14:00:00Z,8,Crystal Palace,2,14,Liverpool,1,"[208,224]","[""Sarr"",""Nketiah""]",[370],"[""Chiesa""]","[388,214]","[""Guéhi"",""Kamada""]",[371],"[""Gravenberch""]",[],[],[],[]
2025-26,56,6,2025-09-27T14:00:00Z,13,Leeds,2,3,Bournemouth,2,"[329,339]","[""Rodon"",""Longstaff""]","[397,78]","[""Semenyo"",""Kroupi.Jr""]","[337,339]","[""Aaronson"",""Longstaff""]","[498,75]","[""Senesi"",""Christie""]",[],[],[],[]
2025-26,57,6,2025-09-27T14:00:00Z,15,Man City,5,,Burnley,1,"[411,411,389]","[""Haaland"",""Haaland"",""Matheus N.""]",[105],"[""Anthony""]","[400,400,389,411]","[""Doku"",""Doku"",""Matheus N."",""Haaland""]",[null],"[""Hartman""]",[],[],"[null,null]","[""Estève"",""Estève""]"
2025-26,59,6,2025-09-27T16:30:00Z,18,Nott'm Forest,0,20,Sunderland,1,[],[],[535],"[""Alderete""]",[],[],[544],"[""Xhaka""]",[],[],[],[]
2025-26,60,6,2025-09-27T19:00:00Z,19,Spurs,1,,Wolves,1,[null],"[""J.Palhinha""]",[null],"[""S.Bueno""]",[518],"[""P.M.Sarr""]",[],[],[],[],[],[]
2025-26,51,6,2025-09-28T13:00:00Z,2,Aston Villa,3,10,Fulham,1,"[41,45,55]","[""Buendía"",""McGinn"",""Watkins""]",[null],"[""Raúl""]","[30,40,41]","[""Digne"",""Rogers"",""Buendía""]",[267],"[""Lukić""]",[],[],[],[]
2025-26,58,6,2025-09-28T15:30:00Z,17,Newcastle,1,1,Arsenal,2,[463],"[""Woltemade""]","[4,17]","[""Gabriel"",""Merino""]",[455],"[""Tonali""]","[15,13]","[""Ødegaard"",""Rice""]",[],[],[],[]
2025-26,55,6,2025-09-29T19:00:00Z,9,Everton,1,,West Ham,1,[231],"[""Keane""]",[null],"[""Bowen""]",[239],"[""Garner""]",[620],"[""Diouf""]",[],[],[],[]
2025-26,63,7,2025-10-03T19:00:00Z,3,Bournemouth,3,10,Fulham,1,"[397,397,70]","[""Semenyo"",""Semenyo"",""Kluivert""]",[269],"[""Sessegnon""]","[61,397,72]","[""Truffert"",""Semenyo"",""Gannon-Doak""]",[null],"[""Chukwueze""]",[],[],[],[]
2025-26,67,7,2025-10-04T11:30:00Z,13,Leeds,1,19,Spurs,2,[336],"[""Okafor""]","[512,514]","[""Kudus"",""Tel""]",[337],"[""Aaronson""]","[499,512]","[""Pedro Porro"",""Kudus""]",[],[],[],[]
2025-26,61,7,2025-10-04T14:00:00Z,1,Arsenal,2,,West Ham,0,"[12,13]","[""Saka"",""Rice""]",[],[],"[5,14]","[""J.Timber"",""Eze""]",[],[],[],[],[],[]
2025-26,68,7,2025-10-04T14:00:00Z,16,Man Utd,2,20,Sunderland,0,"[430,439]","[""Mount"",""Šeško""]",[],[],"[427,417]","[""Mbeumo"",""Dalot""]",[],[],[],[],[],[]
2025-26,65,7,2025-10-04T16:30:00Z,6,Chelsea,2,14,Liverpool,1,"[157,159]","[""Estêvão"",""Caicedo""]",[367],"[""Gakpo""]","[null,144]","[""Cucurella"",""Gusto""]",[379],"[""Isak""]",[],[],[],[]
2025-26,62,7,2025-10-05T13:00:00Z,2,Aston Villa,2,,Burnley,1,"[null,null]","[""Malen"",""Malen""]",[null],"[""Ugochukwu""]","[40,47]","[""Rogers"",""Kamara""]",[null],"[""Hartman""]",[],[],[],[]
2025-26,66,7,2025-10-05T13:00:00Z,9,Everton,2,8,Crystal Palace,1,"[237,238]","[""Ndiaye"",""Grealish""]",[201],"[""Muñoz""]",[240],"[""Iroegbunam""]",[208],"[""Sarr""]",[],[],[],[]
2025-26,69,7,2025-10-05T13:00:00Z,17,Newcastle,2,18,Nott'm Forest,0,"[452,463]","[""Bruno G."",""Woltemade""]",[],[],"[448,452]","[""Burn"",""Bruno G.""]",[],[],[],[],[],[]
2025-26,70,7,2025-10-05T13:00:00Z,,Wolves,1,5,Brighton,1,[],[],[112],"[""Van Hecke""]",[null],"[""Munetsi""]",[137],"[""Tzimas""]",[],[],[109],"[""Verbruggen""]"
2025-26,64,7,2025-10-05T15:30:00Z,4,Brentford,0,15,Man City,1,[],[],[411],"[""Haaland""]",[],[],[391],"[""Gvardiol""]",[],[],[],[]
2025-26,77,8,2025-10-18T11:30:00Z,18,Nott'm Forest,0,6,Chelsea,3,[],[],"[142,151,156]","[""James"",""Acheampong"",""Neto""]",[],[],"[142,156,157]","[""James"",""Neto"",""Estêvão""]",[],[],[],[]
2025-26,71,8,2025-10-18T14:00:00Z,5,Brighton,2,17,Newcastle,1,"[136,136]","[""Welbeck"",""Welbeck""]",[463],"[""Woltemade""]","[125,130]","[""Georginio"",""Wieffer""]",[459],"[""L.Miley""]",[],[],[],[]
2025-26,72,8,2025-10-18T14:00:00Z,,Burnley,2,13,Leeds,0,"[190,null]","[""Tchaouna"",""Ugochukwu""]",[],[],"[null,571]","[""Walker"",""Florentino""]",[],[],[],[],[],[]
2025-26,73,8,2025-10-18T14:00:00Z,8,Crystal Palace,3,3,Bournemouth,3,"[223,223,223]","[""Mateta"",""Mateta"",""Mateta""]","[78,78,75]","[""Kroupi.Jr"",""Kroupi.Jr"",""Christie""]","[201,201,388]","[""Muñoz"",""Muñoz"",""Guéhi""]","[397,68]","[""Semenyo"",""Tavernier""]",[],[],[],[]
2025-26,76,8,2025-10-18T14:00:00Z,15,Man City,2,9,Everton,0,"[411,411]","[""Haaland"",""Haaland""]",[],[],"[387,403]","[""O'Reilly"",""Savinho""]",[],[],[],[],[],[]
2025-26,78,8,2025-10-18T14:00:00Z,20,Sunderland,2,,Wolves,0,[533],"[""Mukiele""]",[],[],"[534,549]","[""Hume"",""Talbi""]",[],[],[],[],[null],"[""Krejčí""]"
2025-26,74,8,2025-10-18T16:30:00Z,10,Fulham,0,1,Arsenal,1,[],[],[null],"[""Trossard""]",[],[],[4],"[""Gabriel""]",[],[],[],[]
2025-26,79,8,2025-10-19T13:00:00Z,19,Spurs,1,2,Aston Villa,2,[516],"[""Bentancur""]","[40,41]","[""Rogers"",""Buendía""]",[null],"[""J.Palhinha""]",[30],"[""Digne""]",[],[],[],[]
2025-26,75,8,2025-10-19T15:30:00Z,14,Liverpool,1,16,Man Utd,2,[367],"[""Gakpo""]","[427,418]","[""Mbeumo"",""Maguire""]",[370],"[""Chiesa""]","[426,431]","[""B.Fernandes"",""Amad""]",[],[],[],[]
2025-26,80,8,2025-10-20T19:00:00Z,,West Ham,0,4,Brentford,2,[],[],"[97,106]","[""Jensen"",""Thiago""]",[],[],"[86,94]","[""Lewis-Potter"",""Schade""]",[],[],[],[]
2025-26,87,9,2025-10-24T19:00:00Z,13,Leeds,2,,West Ham,1,"[329,337]","[""Rodon"",""Aaronson""]",[525],"[""M.Fernandes""]","[339,336]","[""Longstaff"",""Okafor""]",[null],"[""Bowen""]",[],[],[],[]
2025-26,85,9,2025-10-25T14:00:00Z,6,Chelsea,1,20,Sunderland,2,[160],"[""Garnacho""]","[549,553]","[""Talbi"",""Isidor""]",[156],"[""Neto""]","[552,null]","[""Brobbey"",""Traoré""]",[],[],[],[]
2025-26,89,9,2025-10-25T14:00:00Z,17,Newcastle,2,10,Fulham,1,"[452,457]","[""Bruno G."",""J.Murphy""]",[267],"[""Lukić""]",[465],"[""Osula""]",[null],"[""Raúl""]",[],[],[],[]
2025-26,88,9,2025-10-25T16:30:00Z,16,Man Utd,4,5,Brighton,2,"[427,427,428,null]","[""Mbeumo"",""Mbeumo"",""Cunha"",""Casemiro""]","[136,138]","[""Welbeck"",""Kostoulas""]","[423,421,null,439]","[""Shaw"",""Heaven"",""Casemiro"",""Šeško""]","[122,null]","[""Minteh"",""Milner""]",[],[],[],[]
2025-26,84,9,2025-10-25T19:00:00Z,4,Brentford,3,14,Liverpool,2,"[95,94,106]","[""O.Dango"",""Schade"",""Thiago""]","[358,null]","[""Kerkez"",""M.Salah""]","[95,87,96]","[""O.Dango"",""Ajer"",""Damsgaard""]","[360,368]","[""Bradley"",""Szoboszlai""]",[],[],[],[]
2025-26,81,9,2025-10-26T14:00:00Z,1,Arsenal,1,8,Crystal Palace,0,[14],"[""Eze""]",[],[],[13],"[""Rice""]",[],[],[],[],[],[]
2025-26,82,9,2025-10-26T14:00:00Z,2,Aston Villa,1,15,Man City,0,[32],"[""Cash""]",[],[],[41],"[""Buendía""]",[],[],[],[],[],[]
2025-26,83,9,2025-10-26T14:00:00Z,3,Bournemouth,2,18,Nott'm Forest,0,"[68,78]","[""Tavernier"",""Kroupi.Jr""]",[],[],[73],"[""Adams""]",[],[],[],[],[],[]
2025-26,90,9,2025-10-26T14:00:00Z,,Wolves,2,,Burnley,3,"[null,222]","[""Munetsi"",""Strand Larsen""]","[null,null,null]","[""Flemming"",""Flemming"",""Foster""]","[null,null]","[""S.Bueno"",""Krejčí""]","[null,null,null]","[""Hartman"",""Hartman"",""Hannibal""]",[],[],[],[]
2025-26,86,9,2025-10-26T16:30:00Z,9,Everton,0,19,Spurs,3,[],[],"[503,503,518]","[""Van de Ven"",""Van de Ven"",""P.M.Sarr""]",[],[],"[499,516,527]","[""Pedro Porro"",""Bentancur"",""Richarlison""]",[],[],[],[]
2025-26,91,10,2025-11-01T15:00:00Z,5,Brighton,3,13,Leeds,0,"[127,127,136]","[""Gomez"",""Gomez"",""Welbeck""]",[],[],"[122,122,130]","[""Minteh"",""Minteh"",""Wieffer""]",[],[],[],[],[],[]
2025-26,92,10,2025-11-01T15:00:00Z,,Burnley,0,1,Arsenal,2,[],[],"[13,25]","[""Rice"",""Gyökeres""]",[],[],"[4,null]","[""Gabriel"",""Trossard""]",[],[],[],[]
2025-26,93,10,2025-11-01T15:00:00Z,8,Crystal Palace,2,4,Brentford,0,[223],"[""Mateta""]",[],[],"[213,213]","[""Lerma"",""Lerma""]",[],[],[],[],[84],"[""Collins""]"
2025-26,94,10,2025-11-01T15:00:00Z,10,Fulham,3,,Wolves,0,"[269,260]","[""Sessegnon"",""Wilson""]",[],[],"[269,265,null]","[""Sessegnon"",""Berge"",""Raúl""]",[],[],[],[],[null],"[""Mosquera""]"
2025-26,97,10,2025-11-01T15:00:00Z,18,Nott'm Forest,2,16,Man Utd,2,"[480,475]","[""Gibbs-White"",""Savona""]","[431,null]","[""Amad"",""Casemiro""]","[489,491]","[""Yates"",""Igor Jesus""]",[426],"[""B.Fernandes""]",[],[],[],[]
2025-26,99,10,2025-11-01T17:30:00Z,19,Spurs,0,6,Chelsea,1,[],[],[165],"[""João Pedro""]",[],[],[159],"[""Caicedo""]",[],[],[],[]
2025-26,95,10,2025-11-01T20:00:00Z,14,Liverpool,2,2,Aston Villa,0,"[null,371]","[""M.Salah"",""Gravenberch""]",[],[],[372],"[""Mac Allister""]",[],[],[],[],[],[]
2025-26,100,10,2025-11-02T14:00:00Z,,West Ham,3,17,Newcastle,1,"[null,null]","[""L.Paquetá"",""Souček""]",[457],"[""J.Murphy""]","[611,525]","[""Wan-Bissaka"",""M.Fernandes""]",[452],"[""Bruno G.""]",[],[],[447],"[""Botman""]"
2025-26,96,10,2025-11-02T16:30:00Z,15,Man City,3,3,Bournemouth,1,"[411,411,387]","[""Haaland"",""Haaland"",""O'Reilly""]",[73],"[""Adams""]","[399,399,398]","[""Cherki"",""Cherki"",""Foden""]",[69],"[""Scott""]",[],[],[],[]
2025-26,98,10,2025-11-03T20:00:00Z,20,Sunderland,1,9,Everton,1,[544],"[""Xhaka""]",[237],"[""Ndiaye""]",[542],"[""E.Le Fée""]",[],[],[],[],[],[]
2025-26,109,11,2025-11-08T12:30:00Z,19,Spurs,2,16,Man Utd,2,"[514,527]","[""Tel"",""Richarlison""]","[427,416]","[""Mbeumo"",""De Ligt""]","[506,517]","[""Udogie"",""Odobert""]","[426,431]","[""B.Fernandes"",""Amad""]",[],[],[],[]
2025-26,105,11,2025-11-08T15:00:00Z,9,Everton,2,10,Fulham,0,"[231,null]","[""Keane"",""Gana""]",[],[],"[236,240]","[""Dewsbury-Hall"",""Iroegbunam""]",[],[],[],[],[],[]
2025-26,110,11,2025-11-08T15:00:00Z,,West Ham,3,,Burnley,2,"[null,null,108]","[""Souček"",""Walker-Peters"",""Wilson""]","[null,null]","[""Cullen"",""Flemming""]","[null,null,null]","[""L.Paquetá"",""Souček"",""Summerville""]","[null,null]","[""Hannibal"",""Ugochukwu""]",[],[],[],[]
2025-26,108,11,2025-11-08T17:30:00Z,20,Sunderland,2,1,Arsenal,2,"[532,552]","[""Ballard"",""Brobbey""]","[12,null]","[""Saka"",""Trossard""]","[532,533]","[""Ballard"",""Mukiele""]","[17,19]","[""Merino"",""Zubimendi""]",[],[],[],[]
2025-26,103,11,2025-11-08T20:00:00Z,6,Chelsea,3,,Wolves,0,"[144,156,165]","[""Gusto"",""Neto"",""João Pedro""]",[],[],"[160,160,157]","[""Garnacho"",""Garnacho"",""Estêvão""]",[],[],[],[],[],[]
2025-26,101,11,2025-11-09T14:00:00Z,2,Aston Villa,4,3,Bournemouth,0,"[41,null,46,48]","[""Buendía"",""Malen"",""Barkley"",""Onana""]",[],[],"[30,43]","[""Digne"",""Tielemans""]",[],[],[],[],[],[]
2025-26,102,11,2025-11-09T14:00:00Z,4,Brentford,3,17,Newcastle,1,"[106,106,94]","[""Thiago"",""Thiago"",""Schade""]",[453],"[""Barnes""]","[95,88]","[""O.Dango"",""Kayode""]",[463],"[""Woltemade""]",[],[],[],[]
2025-26,104,11,2025-11-09T14:00:00Z,8,Crystal Palace,0,5,Brighton,0,[],[],[],[],[],[],[],[],[],[],[],[]
2025-26,107,11,2025-11-09T14:00:00Z,18,Nott'm Forest,3,13,Leeds,1,"[480,481,488]","[""Gibbs-White"",""Anderson"",""Sangaré""]",[347],"[""Nmecha""]","[484,484,483]","[""Hutchinson"",""Hutchinson"",""Ndoye""]",[337],"[""Aaronson""]",[],[],[],[]
2025-26,106,11,2025-11-09T16:30:00Z,15,Man City,3,14,Liverpool,0,"[400,405,411]","[""Doku"",""N.Gonzalez"",""Haaland""]",[],[],"[389,387,null]","[""Matheus N."",""O'Reilly"",""Bernardo""]",[],[],[],[],[],[]
2025-26,114,12,2025-11-22T12:30:00Z,,Burnley,0,6,Chelsea,2,[],[],"[156,155]","[""Neto"",""Enzo""]",[],[],"[158,168]","[""Gittens"",""Marc Guiu""]",[],[],[],[]
2025-26,112,12,2025-11-22T15:00:00Z,3,Bournemouth,2,,West Ham,2,"[68,80]","[""Tavernier"",""Enes Ünal""]","[108,108]","[""Wilson"",""Wilson""]","[498,79]","[""Senesi"",""Evanilson""]","[null,null]","[""Areola"",""Todibo""]",[],[],[],[]
2025-26,113,12,2025-11-22T15:00:00Z,5,Brighton,2,4,Brentford,1,"[123,136]","[""Hinshelwood"",""Welbeck""]",[106],"[""Thiago""]","[122,122]","[""Minteh"",""Minteh""]",[95],"[""O.Dango""]",[],[],[],[]
2025-26,115,12,2025-11-22T15:00:00Z,10,Fulham,1,20,Sunderland,0,[null],"[""Raúl""]",[],[],[null],"[""Chukwueze""]",[],[],[],[],[],[]
2025-26,117,12,2025-11-22T15:00:00Z,14,Liverpool,0,18,Nott'm Forest,3,[],[],"[472,480,475]","[""Murillo"",""Gibbs-White"",""Savona""]",[],[],"[469,481,484]","[""N.Williams"",""Anderson"",""Hutchinson""]",[],[],[],[]
2025-26,120,12,2025-11-22T15:00:00Z,,Wolves,0,8,Crystal Palace,2,[],[],"[201,211]","[""Muñoz"",""Yeremy""]",[],[],"[200,210]","[""Lacroix"",""Wharton""]",[],[],[],[]
2025-26,119,12,2025-11-22T17:30:00Z,17,Newcastle,2,15,Man City,1,"[453,453]","[""Barnes"",""Barnes""]",[390],"[""Rúben""]","[452,452]","[""Bruno G."",""Bruno G.""]",[399],"[""Cherki""]",[],[],[],[]
2025-26,116,12,2025-11-23T14:00:00Z,13,Leeds,1,2,Aston Villa,2,[347],"[""Nmecha""]","[40,40]","[""Rogers"",""Rogers""]",[335],"[""Stach""]","[null,46]","[""Malen"",""Barkley""]",[],[],[],[]
2025-26,111,12,2025-11-23T16:30:00Z,1,Arsenal,4,19,Spurs,1,"[14,14,14,null]","[""Eze"",""Eze"",""Eze"",""Trossard""]",[527],"[""Richarlison""]","[5,null,13,17]","[""J.Timber"",""Trossard"",""Rice"",""Merino""]",[null],"[""J.Palhinha""]",[],[],[],[]
2025-26,118,12,2025-11-24T20:00:00Z,16,Man Utd,0,9,Everton,1,[],[],[236],"[""Dewsbury-Hall""]",[],[],[239],"[""Garner""]",[],[],[],[]
2025-26,122,13,2025-11-29T15:00:00Z,4,Brentford,3,,Burnley,1,"[106,106,95]","[""Thiago"",""Thiago"",""O.Dango""]",[null],"[""Flemming""]","[95,101]","[""O.Dango"",""Henderson""]",[105],"[""Anthony""]",[],[],[],[]
2025-26,126,13,2025-11-29T15:00:00Z,15,Man City,3,13,Leeds,2,"[398,398,391]","[""Foden"",""Foden"",""Gvardiol""]","[347,346]","[""Nmecha"",""Calvert-Lewin""]","[389,387,399]","[""Matheus N."",""O'Reilly"",""Cherki""]",[],[],[],[],[],[]
2025-26,128,13,2025-11-29T15:00:00Z,20,Sunderland,3,3,Bournemouth,2,"[542,552,null]","[""E.Le Fée"",""Brobbey"",""Traoré""]","[73,77]","[""Adams"",""Adli""]","[536,542,544]","[""Reinildo"",""E.Le Fée"",""Xhaka""]",[79],"[""Evanilson""]",[],[],[],[]
2025-26,125,13,2025-11-29T17:30:00Z,9,Everton,1,17,Newcastle,4,[236],"[""Dewsbury-Hall""]","[445,445,459,463]","[""Thiaw"",""Thiaw"",""L.Miley"",""Woltemade""]",[229],"[""Tarkowski""]","[449,448,454,459]","[""Hall"",""Burn"",""Elanga"",""L.Miley""]",[],[],[],[]
2025-26,129,13,2025-11-29T20:00:00Z,19,Spurs,1,10,Fulham,2,[512],"[""Kudus""]","[256,260]","[""Tete"",""Wilson""]",[520],"[""Bergvall""]","[268,null]","[""King"",""Chukwueze""]",[],[],[],[]
2025-26,124,13,2025-11-30T12:00:00Z,8,Crystal Palace,1,16,Man Utd,2,[223],"[""Mateta""]","[430,440]","[""Mount"",""Zirkzee""]",[],[],"[426,426]","[""B.Fernandes"",""B.Fernandes""]",[],[],[],[]
2025-26,121,13,2025-11-30T14:05:00Z,2,Aston Villa,1,,Wolves,0,[47],"[""Kamara""]",[],[],[45],"[""McGinn""]",[],[],[],[],[],[]
2025-26,127,13,2025-11-30T14:05:00Z,18,Nott'm Forest,0,5,Brighton,2,[],[],"[115,137]","[""De Cuyper"",""Tzimas""]",[],[],[125],"[""Georginio""]",[],[],[],[]
2025-26,130,13,2025-11-30T14:05:00Z,,West Ham,0,14,Liverpool,2,[],[],"[367,379]","[""Gakpo"",""Isak""]",[],[],"[359,367]","[""Gomez"",""Gakpo""]",[],[],[],[]
2025-26,123,13,2025-11-30T16:30:00Z,6,Chelsea,1,1,Arsenal,1,[143],"[""Chalobah""]",[17],"[""Merino""]",[142],"[""James""]",[12],"[""Saka""]",[],[],[],[]
2025-26,132,14,2025-12-02T19:30:00Z,3,Bournemouth,0,9,Everton,1,[],[],[238],"[""Grealish""]",[],[],[243],"[""Alcaraz""]",[],[],[],[]
2025-26,135,14,2025-12-02T19:30:00Z,10,Fulham,4,15,Man City,5,"[null,null,261,262]","[""Chukwueze"",""Chukwueze"",""Iwobi"",""Smith Rowe""]","[398,398,404,411]","[""Foden"",""Foden"",""Reijnders"",""Haaland""]","[260,260,258]","[""Wilson"",""Wilson"",""Castagne""]","[400,400,411,411]","[""Doku"",""Doku"",""Haaland"",""Haaland""]",[265],"[""Berge""]",[],[]
2025-26,139,14,2025-12-02T20:15:00Z,17,Newcastle,2,19,Spurs,2,"[null,452]","[""Gordon"",""Bruno G.""]","[500,500]","[""Romero"",""Romero""]","[448,463]","[""Burn"",""Woltemade""]","[512,514]","[""Kudus"",""Tel""]",[],[],[],[]
2025-26,131,14,2025-12-03T19:30:00Z,1,Arsenal,2,4,Brentford,0,"[12,17]","[""Saka"",""Merino""]",[],[],"[10,17]","[""White"",""Merino""]",[],[],[],[],[],[]
2025-26,133,14,2025-12-03T19:30:00Z,5,Brighton,3,2,Aston Villa,4,"[112,112]","[""Van Hecke"",""Van Hecke""]","[55,55,null,48]","[""Watkins"",""Watkins"",""Malen"",""Onana""]","[123,123,130]","[""Hinshelwood"",""Hinshelwood"",""Wieffer""]","[42,42,32,40]","[""Guessand"",""Guessand"",""Cash"",""Rogers""]",[],[],[34],"[""Pau""]"
2025-26,134,14,2025-12-03T19:30:00Z,,Burnley,0,8,Crystal Palace,1,[],[],[201],"[""Muñoz""]",[],[],[388],"[""Guéhi""]",[],[],[],[]
2025-26,140,14,2025-12-03T19:30:00Z,,Wolves,0,18,Nott'm Forest,1,[],[],[491],"[""Igor Jesus""]",[],[],[484],"[""Hutchinson""]",[],[],[],[]
2025-26,136,14,2025-12-03T20:15:00Z,13,Leeds,3,6,Chelsea,1,"[327,345,346]","[""Bijol"",""Tanaka"",""Calvert-Lewin""]",[156],"[""Neto""]","[330,335,336]","[""Bogle"",""Stach"",""Okafor""]",[158],"[""Gittens""]",[],[],[],[]
2025-26,137,14,2025-12-03T20:15:00Z,14,Liverpool,1,20,Sunderland,1,[],[],[549],"[""Talbi""]",[366],"[""Wirtz""]",[542],"[""E.Le Fée""]",[],[],[533],"[""Mukiele""]"
2025-26,138,14,2025-12-04T20:00:00Z,16,Man Utd,1,,West Ham,1,[417],"[""Dalot""]",[null],"[""S.Magassa""]",[null],"[""Casemiro""]",[null],"[""Bowen""]",[],[],[],[]
2025-26,141,15,2025-12-06T12:30:00Z,2,Aston Villa,2,1,Arsenal,1,"[32,41]","[""Cash"",""Buendía""]",[null],"[""Trossard""]","[34,47]","[""Pau"",""Kamara""]",[12],"[""Saka""]",[],[],[],[]
2025-26,142,15,2025-12-06T15:00:00Z,3,Bournemouth,0,6,Chelsea,0,[],[],[],[],[],[],[],[],[],[],[],[]
2025-26,144,15,2025-12-06T15:00:00Z,9,Everton,3,18,Nott'm Forest,0,"[236,249]","[""Dewsbury-Hall"",""Barry""]",[],[],"[236,232,237]","[""Dewsbury-Hall"",""O'Brien"",""Ndiaye""]",[],[],[],[],[471],"[""Milenković""]"
2025-26,147,15,2025-12-06T15:00:00Z,15,Man City,3,20,Sunderland,0,"[391,390,398]","[""Gvardiol"",""Rúben"",""Foden""]",[],[],"[399,399,398]","[""Cherki"",""Cherki"",""Foden""]",[],[],[],[],[],[]
2025-26,148,15,2025-12-06T15:00:00Z,17,Newcastle,2,,Burnley,1,"[null,452]","[""Gordon"",""Bruno G.""]",[null],"[""Flemming""]",[],[],[],[],[],[],[],[]
2025-26,149,15,2025-12-06T15:00:00Z,19,Spurs,2,4,Brentford,0,"[527,513]","[""Richarlison"",""Xavi""]",[],[],[513],"[""Xavi""]",[],[],[],[],[],[]
2025-26,146,15,2025-12-06T17:30:00Z,13,Leeds,3,14,Liverpool,3,"[345,335,346]","[""Tanaka"",""Stach"",""Calvert-Lewin""]","[380,380,368]","[""Ekitiké"",""Ekitiké"",""Szoboszlai""]","[337,341,335]","[""Aaronson"",""Gnonto"",""Stach""]",[371],"[""Gravenberch""]",[],[],[],[]
2025-26,143,15,2025-12-07T14:00:00Z,5,Brighton,1,,West Ham,1,[125],"[""Georginio""]",[null],"[""Bowen""]",[112],"[""Van Hecke""]",[108],"[""Wilson""]",[],[],[],[]
2025-26,145,15,2025-12-07T16:30:00Z,10,Fulham,1,8,Crystal Palace,2,[260],"[""Wilson""]","[388,224]","[""Guéhi"",""Nketiah""]",[null],"[""Raúl""]","[210,211]","[""Wharton"",""Yeremy""]",[],[],[],[]
2025-26,150,15,2025-12-08T20:00:00Z,,Wolves,1,16,Man Utd,4,[null],"[""Bellegarde""]","[426,426,427,430]","[""B.Fernandes"",""B.Fernandes"",""Mbeumo"",""Mount""]",[null],"[""Møller Wolfe""]","[417,426,428,431]","[""Dalot"",""B.Fernandes"",""Cunha"",""Amad""]",[],[],[],[]
2025-26,154,16,2025-12-13T15:00:00Z,6,Chelsea,2,9,Everton,0,"[144,154]","[""Gusto"",""Palmer""]",[],[],"[144,156]","[""Gusto"",""Neto""]",[],[],[],[],[],[]
2025-26,156,16,2025-12-13T15:00:00Z,14,Liverpool,2,5,Brighton,0,"[380,380]","[""Ekitiké"",""Ekitiké""]",[],[],"[359,null]","[""Gomez"",""M.Salah""]",[],[],[],[],[],[]
2025-26,153,16,2025-12-13T17:30:00Z,,Burnley,2,10,Fulham,3,"[null,null]","[""Sonne"",""Ugochukwu""]","[257,262,260]","[""Bassey"",""Smith Rowe"",""Wilson""]","[null,null]","[""Hartman"",""Cullen""]","[260,260,null]","[""Wilson"",""Wilson"",""Chukwueze""]",[],[],[],[]
2025-26,151,16,2025-12-13T20:00:00Z,1,Arsenal,2,,Wolves,1,[],[],[null],"[""Tolu""]","[12,12]","[""Saka"",""Saka""]",[null],"[""Mané""]",[],[],"[null,null]","[""Johnstone"",""Mosquera""]"
2025-26,155,16,2025-12-14T14:00:00Z,8,Crystal Palace,0,15,Man City,3,[],[],"[411,411,398]","[""Haaland"",""Haaland"",""Foden""]",[],[],"[389,403,399]","[""Matheus N."",""Savinho"",""Cherki""]",[],[],[],[]
2025-26,158,16,2025-12-14T14:00:00Z,18,Nott'm Forest,3,19,Spurs,0,"[482,482,488]","[""Hudson-Odoi"",""Hudson-Odoi"",""Sangaré""]",[],[],"[488,488,482]","[""Sangaré"",""Sangaré"",""Hudson-Odoi""]",[],[],[],[],[],[]
2025-26,159,16,2025-12-14T14:00:00Z,20,Sunderland,1,17,Newcastle,0,[],[],[],[],[533],"[""Mukiele""]",[],[],[],[],[463],"[""Woltemade""]"
2025-26,160,16,2025-12-14T14:00:00Z,,West Ham,2,2,Aston Villa,3,"[null,525]","[""Bowen"",""M.Fernandes""]","[40,40]","[""Rogers"",""Rogers""]",[null],"[""Potts""]","[43,55,37]","[""Tielemans"",""Watkins"",""Lindelöf""]",[null],"[""Mavropanos""]",[],[]
2025-26,152,16,2025-12-14T16:30:00Z,4,Brentford,1,13,Leeds,1,[101],"[""Henderson""]",[346],"[""Calvert-Lewin""]",[89],"[""Henry""]",[341],"[""Gnonto""]",[],[],[],[]
2025-26,157,16,2025-12-15T20:00:00Z,16,Man Utd,4,3,Bournemouth,4,"[426,428,431,null]","[""B.Fernandes"",""Cunha"",""Amad"",""Casemiro""]","[397,68,79,78]","[""Semenyo"",""Tavernier"",""Evanilson"",""Kroupi.Jr""]","[417,426,439]","[""Dalot"",""B.Fernandes"",""Šeško""]","[64,68,null]","[""Smith"",""Tavernier"",""A.Jimenez""]",[],[],[],[]
2025-26,168,17,2025-12-20T12:30:00Z,17,Newcastle,2,6,Chelsea,2,"[463,463]","[""Woltemade"",""Woltemade""]","[142,165]","[""James"",""João Pedro""]","[null,null]","[""Gordon"",""Gordon""]","[140,154]","[""Sánchez"",""Palmer""]",[],[],[],[]
2025-26,162,17,2025-12-20T15:00:00Z,3,Bournemouth,1,,Burnley,1,[397],"[""Semenyo""]",[null],"[""Broja""]",[],[],[null],"[""Edwards""]",[],[],[],[]
2025-26,163,17,2025-12-20T15:00:00Z,5,Brighton,0,20,Sunderland,0,[],[],[],[],[],[],[],[],[],[],[],[]
2025-26,167,17,2025-12-20T15:00:00Z,15,Man City,3,,West Ham,0,"[411,411,404]","[""Haaland"",""Haaland"",""Reijnders""]",[],[],[411],"[""Haaland""]",[],[],[],[],[],[]
2025-26,170,17,2025-12-20T15:00:00Z,,Wolves,0,4,Brentford,2,[],[],"[86,86]","[""Lewis-Potter"",""Lewis-Potter""]",[],[],"[96,98]","[""Damsgaard"",""Janelt""]",[],[],[],[]
2025-26,169,17,2025-12-20T17:30:00Z,19,Spurs,1,14,Liverpool,2,[527],"[""Richarlison""]","[379,380]","[""Isak"",""Ekitiké""]",[null],"[""J.Palhinha""]","[357,366]","[""Frimpong"",""Wirtz""]",[],[],[],[]
2025-26,164,17,2025-12-20T20:00:00Z,9,Everton,0,1,Arsenal,1,[],[],[25],"[""Gyökeres""]",[],[],[13],"[""Rice""]",[],[],[],[]
2025-26,166,17,2025-12-20T20:00:00Z,13,Leeds,4,8,Crystal Palace,1,"[346,346,338,335]","[""Calvert-Lewin"",""Calvert-Lewin"",""Ampadu"",""Stach""]",[215],"[""Devenny""]","[327,337,344]","[""Bijol"",""Aaronson"",""Gruev""]",[225],"[""Uche""]",[],[],[],[]
2025-26,161,17,2025-12-21T16:30:00Z,2,Aston Villa,2,16,Man Utd,1,"[40,40]","[""Rogers"",""Rogers""]",[428],"[""Cunha""]","[45,55]","[""McGinn"",""Watkins""]",[415],"[""Dorgu""]",[],[],[],[]
2025-26,165,17,2025-12-22T20:00:00Z,10,Fulham,1,18,Nott'm Forest,0,[null],"[""Raúl""]",[],[],[263],"[""Kevin""]",[],[],[],[],[],[]
2025-26,177,18,2025-12-26T20:00:00Z,16,Man Utd,1,17,Newcastle,0,[415],"[""Dorgu""]",[],[],[417],"[""Dalot""]",[],[],[],[],[],[]
2025-26,178,18,2025-12-27T12:30:00Z,18,Nott'm Forest,1,15,Man City,2,[484],"[""Hutchinson""]","[399,404]","[""Cherki"",""Reijnders""]",[491],"[""Igor Jesus""]","[391,399]","[""Gvardiol"",""Cherki""]",[],[],[],[]
2025-26,171,18,2025-12-27T15:00:00Z,1,Arsenal,2,5,Brighton,1,[15],"[""Ødegaard""]",[127],"[""Gomez""]","[12,13]","[""Saka"",""Rice""]",[129],"[""Ayari""]",[],[],[125],"[""Georginio""]"
2025-26,172,18,2025-12-27T15:00:00Z,4,Brentford,4,3,Bournemouth,1,"[94,94,94]","[""Schade"",""Schade"",""Schade""]",[397],"[""Semenyo""]","[96,102,106]","[""Damsgaard"",""Yarmoliuk"",""Thiago""]",[null],"[""A.Jimenez""]",[],[],[57],"[""Petrović""]"
2025-26,173,18,2025-12-27T15:00:00Z,,Burnley,0,9,Everton,0,[],[],[],[],[],[],[],[],[],[],[],[]
2025-26,176,18,2025-12-27T15:00:00Z,14,Liverpool,2,,Wolves,1,"[366,371]","[""Wirtz"",""Gravenberch""]",[null],"[""S.Bueno""]","[357,380]","[""Frimpong"",""Ekitiké""]",[null],"[""Tolu""]",[],[],[],[]
2025-26,180,18,2025-12-27T15:00:00Z,,West Ham,0,10,Fulham,1,[],[],[null],"[""Raúl""]",[],[],[260],"[""Wilson""]",[],[],[],[]
2025-26,174,18,2025-12-27T17:30:00Z,6,Chelsea,1,2,Aston Villa,2,[165],"[""João Pedro""]","[55,55]","[""Watkins"",""Watkins""]",[142],"[""James""]",[43],"[""Tielemans""]",[],[],[],[]
2025-26,179,18,2025-12-28T14:00:00Z,20,Sunderland,1,13,Leeds,1,[546],"[""Adingra""]",[346],"[""Calvert-Lewin""]",[544],"[""Xhaka""]",[337],"[""Aaronson""]",[],[],[],[]
2025-26,175,18,2025-12-28T16:30:00Z,8,Crystal Palace,0,19,Spurs,1,[],[],[522],"[""Gray""]",[],[],[527],"[""Richarlison""]",[],[],[],[]
2025-26,183,19,2025-12-30T19:30:00Z,,Burnley,1,17,Newcastle,3,[null],"[""Laurent""]","[464,452,458]","[""Wissa"",""Bruno G."",""Joelinton""]",[null],"[""Broja""]",[null],"[""Gordon""]",[],[],[],[]
2025-26,184,19,2025-12-30T19:30:00Z,6,Chelsea,2,3,Bournemouth,2,"[154,155]","[""Palmer"",""Enzo""]","[70,74]","[""Kluivert"",""Brooks""]","[157,160]","[""Estêvão"",""Garnacho""]",[397],"[""Semenyo""]",[],[],[],[]
2025-26,188,19,2025-12-30T19:30:00Z,18,Nott'm Forest,0,9,Everton,2,[],[],"[239,249]","[""Garner"",""Barry""]",[],[],"[241,239]","[""McNeil"",""Garner""]",[],[],[],[]
2025-26,190,19,2025-12-30T19:30:00Z,,West Ham,2,5,Brighton,2,"[null,null]","[""L.Paquetá"",""Bowen""]","[null,136]","[""Veltman"",""Welbeck""]","[null,108]","[""L.Paquetá"",""Wilson""]","[113,122]","[""F.Kadıoğlu"",""Minteh""]",[],[],[],[]
2025-26,181,19,2025-12-30T20:15:00Z,1,Arsenal,4,2,Aston Villa,1,"[4,null,19,27]","[""Gabriel"",""Trossard"",""Zubimendi"",""G.Jesus""]",[55],"[""Watkins""]","[5,12,15,null]","[""J.Timber"",""Saka"",""Ødegaard"",""Trossard""]",[null],"[""Malen""]",[],[],[],[]
2025-26,187,19,2025-12-30T20:15:00Z,16,Man Utd,1,,Wolves,1,[440],"[""Zirkzee""]",[null],"[""Krejčí""]",[],[],[null],"[""H.Bueno""]",[],[],[],[]
2025-26,185,19,2026-01-01T17:30:00Z,8,Crystal Palace,1,10,Fulham,1,[223],"[""Mateta""]",[266],"[""Cairney""]",[null],"[""Clyne""]",[267],"[""Lukić""]",[],[],[],[]
2025-26,186,19,2026-01-01T17:30:00Z,14,Liverpool,0,13,Leeds,0,[],[],[],[],[],[],[],[],[],[],[],[]
2025-26,182,19,2026-01-01T20:00:00Z,4,Brentford,0,19,Spurs,0,[],[],[],[],[],[],[],[],[],[],[],[]
2025-26,189,19,2026-01-01T20:00:00Z,20,Sunderland,0,15,Man City,0,[],[],[],[],[],[],[],[],[],[],[],[]
2025-26,191,20,2026-01-03T12:30:00Z,2,Aston Villa,3,18,Nott'm Forest,1,"[45,45,55]","[""McGinn"",""McGinn"",""Watkins""]",[480],"[""Gibbs-White""]","[32,40,43]","[""Cash"",""Rogers"",""Tielemans""]",[485],"[""Bakwa""]",[],[],[],[]
2025-26,193,20,2026-01-03T15:00:00Z,5,Brighton,2,,Burnley,0,"[125,129]","[""Georginio"",""Ayari""]",[],[],[138],"[""Kostoulas""]",[],[],[],[],[],[]
2025-26,200,20,2026-01-03T15:00:00Z,,Wolves,3,,West Ham,0,"[null,null,null]","[""Hee Chan"",""J.Arias"",""Mané""]",[],[],"[null,null,null]","[""H.Bueno"",""Hee Chan"",""Mané""]",[],[],[],[],[],[]
2025-26,192,20,2026-01-03T17:30:00Z,3,Bournemouth,2,1,Arsenal,3,"[79,78]","[""Evanilson"",""Kroupi.Jr""]","[13,13,4]","[""Rice"",""Rice"",""Gabriel""]",[71],"[""Cook""]","[12,15,18]","[""Saka"",""Ødegaard"",""Martinelli""]",[],[],[],[]
2025-26,196,20,2026-01-04T12:30:00Z,13,Leeds,1,16,Man Utd,1,[337],"[""Aaronson""]",[428],"[""Cunha""]",[328],"[""Struijk""]",[440],"[""Zirkzee""]",[],[],[],[]
2025-26,194,20,2026-01-04T15:00:00Z,9,Everton,2,4,Brentford,4,"[249,248]","[""Barry"",""Beto""]","[106,106,106,84]","[""Thiago"",""Thiago"",""Thiago"",""Collins""]","[238,238]","[""Grealish"",""Grealish""]","[98,98,84,94]","[""Janelt"",""Janelt"",""Collins"",""Schade""]",[],[],[],[]
2025-26,198,20,2026-01-04T15:00:00Z,17,Newcastle,2,8,Crystal Palace,0,"[452,445]","[""Bruno G."",""Thiaw""]",[],[],[459],"[""L.Miley""]",[],[],[],[],[],[]
2025-26,199,20,2026-01-04T15:00:00Z,19,Spurs,1,20,Sunderland,1,[508],"[""Davies""]",[552],"[""Brobbey""]",[503],"[""Van de Ven""]",[542],"[""E.Le Fée""]",[],[],[],[]
2025-26,195,20,2026-01-04T15:15:00Z,10,Fulham,2,14,Liverpool,2,"[260,270]","[""Wilson"",""Reed""]","[366,367]","[""Wirtz"",""Gakpo""]","[null,263]","[""Raúl"",""Kevin""]","[357,360]","[""Frimpong"",""Bradley""]",[],[],[],[]
2025-26,197,20,2026-01-04T17:30:00Z,15,Man City,1,6,Chelsea,1,[404],"[""Reijnders""]",[155],"[""Enzo""]",[],[],[],[],[],[],[],[]
2025-26,210,21,2026-01-06T20:00:00Z,,West Ham,1,18,Nott'm Forest,2,[],[],"[480,487]","[""Gibbs-White"",""Dominguez""]",[null],"[""Souček""]",[481],"[""Anderson""]",[],[],[472],"[""Murillo""]"
2025-26,202,21,2026-01-07T19:30:00Z,3,Bournemouth,3,19,Spurs,2,"[397,79,78]","[""Semenyo"",""Evanilson"",""Kroupi.Jr""]","[514,null]","[""Tel"",""J.Palhinha""]","[498,68,74]","[""Senesi"",""Tavernier"",""Brooks""]",[513],"[""Xavi""]",[],[],[],[]
2025-26,203,21,2026-01-07T19:30:00Z,4,Brentford,3,20,Sunderland,0,"[106,106,102]","[""Thiago"",""Thiago"",""Yarmoliuk""]",[],[],"[84,94,98]","[""Collins"",""Schade"",""Janelt""]",[],[],[],[],[],[]
2025-26,205,21,2026-01-07T19:30:00Z,8,Crystal Palace,0,2,Aston Villa,0,[],[],[],[],[],[],[],[],[],[],[],[]
2025-26,206,21,2026-01-07T19:30:00Z,9,Everton,1,,Wolves,1,[231],"[""Keane""]",[null],"[""Mané""]",[240],"[""Iroegbunam""]",[222],"[""Strand Larsen""]",[],[],[],[]
2025-26,207,21,2026-01-07T19:30:00Z,10,Fulham,2,6,Chelsea,1,"[260,null]","[""Wilson"",""Raúl""]",[167],"[""Delap""]","[262,265]","[""Smith Rowe"",""Berge""]",[156],"[""Neto""]",[],[],[],[]
2025-26,208,21,2026-01-07T19:30:00Z,15,Man City,1,5,Brighton,1,[411],"[""Haaland""]",[121],"[""Mitoma""]",[400],"[""Doku""]",[129],"[""Ayari""]",[],[],[],[]
2025-26,204,21,2026-01-07T20:15:00Z,,Burnley,2,16,Man Utd,2,[105],"[""Anthony""]","[439,439]","[""Šeško"",""Šeško""]","[null,null]","[""Humphreys"",""Edwards""]","[415,426]","[""Dorgu"",""B.Fernandes""]",[],[],[421],"[""Heaven""]"
2025-26,209,21,2026-01-07T20:15:00Z,17,Newcastle,4,13,Leeds,3,"[453,453,452,458]","[""Barnes"",""Barnes"",""Bruno G."",""Joelinton""]","[337,337,346]","[""Aaronson"",""Aaronson"",""Calvert-Lewin""]","[449,447,452,463]","[""Hall"",""Botman"",""Bruno G."",""Woltemade""]","[327,344,346]","[""Bijol"",""Gruev"",""Calvert-Lewin""]",[],[],[],[]
2025-26,201,21,2026-01-08T20:00:00Z,1,Arsenal,0,14,Liverpool,0,[],[],[],[],[],[],[],[],[],[],[],[]
2025-26,216,22,2026-01-17T12:30:00Z,16,Man Utd,2,15,Man City,0,"[427,415]","[""Mbeumo"",""Dorgu""]",[],[],"[426,428]","[""B.Fernandes"",""Cunha""]",[],[],[],[],[],[]
2025-26,213,22,2026-01-17T15:00:00Z,6,Chelsea,2,4,Brentford,0,"[154,165]","[""Palmer"",""João Pedro""]",[],[],"[155,167]","[""Enzo"",""Delap""]",[],[],[],[],[],[]
2025-26,214,22,2026-01-17T15:00:00Z,13,Leeds,1,10,Fulham,0,[347],"[""Nmecha""]",[],[],[338],"[""Ampadu""]",[],[],[],[],[],[]
2025-26,215,22,2026-01-17T15:00:00Z,14,Liverpool,1,,Burnley,1,[366],"[""Wirtz""]",[null],"[""Edwards""]",[373],"[""C.Jones""]",[571],"[""Florentino""]",[],[],[],[]
2025-26,219,22,2026-01-17T15:00:00Z,19,Spurs,1,,West Ham,2,[500],"[""Romero""]","[null,108]","[""Summerville"",""Wilson""]",[499],"[""Pedro Porro""]",[525],"[""M.Fernandes""]",[],[],[],[]
2025-26,218,22,2026-01-17T15:00:00Z,20,Sunderland,2,8,Crystal Palace,1,"[542,552]","[""E.Le Fée"",""Brobbey""]",[211],"[""Yeremy""]","[545,533]","[""Sadiki"",""Mukiele""]",[212],"[""Hughes""]",[],[],[],[]
2025-26,217,22,2026-01-17T17:30:00Z,18,Nott'm Forest,0,1,Arsenal,0,[],[],[],[],[],[],[],[],[],[],[],[]
2025-26,220,22,2026-01-18T14:00:00Z,,Wolves,0,17,Newcastle,0,[],[],[],[],[],[],[],[],[],[],[],[]
2025-26,211,22,2026-01-18T16:30:00Z,2,Aston Villa,0,9,Everton,1,[],[],[249],"[""Barry""]",[],[],[241],"[""McNeil""]",[],[],[],[]
2025-26,212,22,2026-01-19T20:00:00Z,5,Brighton,1,3,Bournemouth,1,[138],"[""Kostoulas""]",[68],"[""Tavernier""]",[112],"[""Van Hecke""]",[77],"[""Adli""]",[],[],[],[]
2025-26,230,23,2026-01-24T12:30:00Z,,West Ham,3,20,Sunderland,1,"[null,null,525]","[""Summerville"",""Bowen"",""M.Fernandes""]",[552],"[""Brobbey""]","[null,null,null]","[""Scarles"",""Bowen"",""Taty""]",[533],"[""Mukiele""]",[],[],[],[]
2025-26,224,23,2026-01-24T15:00:00Z,,Burnley,2,19,Spurs,2,"[null,null]","[""Tuanzebe"",""Foster""]","[500,503]","[""Romero"",""Van de Ven""]",[null],"[""Walker""]",[517],"[""Odobert""]",[],[],[],[]
2025-26,227,23,2026-01-24T15:00:00Z,10,Fulham,2,5,Brighton,1,"[260,null]","[""Wilson"",""Chukwueze""]",[129],"[""Ayari""]","[253,268]","[""Andersen"",""King""]",[114],"[""Boscagli""]",[],[],[],[]
2025-26,228,23,2026-01-24T15:00:00Z,15,Man City,2,,Wolves,0,"[397,401]","[""Semenyo"",""Marmoush""]",[],[],"[389,null]","[""Matheus N."",""Bernardo""]",[],[],[],[],[],[]
2025-26,222,23,2026-01-24T17:30:00Z,3,Bournemouth,3,14,Liverpool,2,"[79,77,null]","[""Evanilson"",""Adli"",""A.Jimenez""]","[356,368]","[""Virgil"",""Szoboszlai""]","[60,69]","[""Hill"",""Scott""]","[null,368]","[""M.Salah"",""Szoboszlai""]",[],[],[],[]
2025-26,223,23,2026-01-25T14:00:00Z,4,Brentford,0,18,Nott'm Forest,2,[],[],"[491,492]","[""Igor Jesus"",""Awoniyi""]",[],[],"[473,480]","[""Aina"",""Gibbs-White""]",[],[],[],[]
2025-26,225,23,2026-01-25T14:00:00Z,8,Crystal Palace,1,6,Chelsea,3,[202],"[""Richards""]","[155,157,165]","[""Enzo"",""Estêvão"",""João Pedro""]",[206],"[""Chadi Riad""]","[157,165]","[""Estêvão"",""João Pedro""]",[],[],[],[]
2025-26,229,23,2026-01-25T14:00:00Z,17,Newcastle,0,2,Aston Villa,2,[],[],"[41,55]","[""Buendía"",""Watkins""]",[],[],"[30,40]","[""Digne"",""Rogers""]",[],[],[],[]
2025-26,221,23,2026-01-25T16:30:00Z,1,Arsenal,2,16,Man Utd,3,[17],"[""Merino""]","[427,415,428]","[""Mbeumo"",""Dorgu"",""Cunha""]",[15],"[""Ødegaard""]","[426,432]","[""B.Fernandes"",""Mainoo""]",[],[],[419],"[""Martinez""]"
2025-26,226,23,2026-01-26T20:00:00Z,9,Everton,1,13,Leeds,1,[249],"[""Barry""]",[332],"[""Justin""]",[null],"[""Gana""]",[335],"[""Stach""]",[],[],[],[]
2025-26,232,24,2026-01-31T15:00:00Z,5,Brighton,1,9,Everton,1,[124],"[""Groß""]",[248],"[""Beto""]",[129],"[""Ayari""]",[232],"[""O'Brien""]",[],[],[],[]
2025-26,234,24,2026-01-31T15:00:00Z,13,Leeds,0,1,Arsenal,4,[],[],"[16,19,27,25]","[""Madueke"",""Zubimendi"",""G.Jesus"",""Gyökeres""]",[],[],"[15,16,18]","[""Ødegaard"",""Madueke"",""Martinelli""]",[],[],[],[]
2025-26,240,24,2026-01-31T15:00:00Z,,Wolves,0,3,Bournemouth,2,[],[],"[69,78]","[""Scott"",""Kroupi.Jr""]",[],[],"[77,67]","[""Adli"",""Rayan""]",[],[],[],[]
2025-26,233,24,2026-01-31T17:30:00Z,6,Chelsea,3,,West Ham,2,"[null,155,165]","[""Cucurella"",""Enzo"",""João Pedro""]","[null,null]","[""Summerville"",""Bowen""]","[145,165,167]","[""Fofana"",""João Pedro"",""Delap""]","[611,611]","[""Wan-Bissaka"",""Wan-Bissaka""]",[],[],[],[]
2025-26,235,24,2026-01-31T20:00:00Z,14,Liverpool,4,17,Newcastle,1,"[380,380,null,366]","[""Ekitiké"",""Ekitiké"",""Konaté"",""Wirtz""]",[null],"[""Gordon""]","[358,null,366]","[""Kerkez"",""M.Salah"",""Wirtz""]",[],[],[],[],[],[]
2025-26,231,24,2026-02-01T14:00:00Z,2,Aston Villa,0,4,Brentford,1,[],[],[95],"[""O.Dango""]",[],[],[],[],[],[],[],[]
2025-26,236,24,2026-02-01T14:00:00Z,16,Man Utd,3,10,Fulham,2,"[428,null,439]","[""Cunha"",""Casemiro"",""Šeško""]","[null,263]","[""Raúl"",""Kevin""]","[426,426,null]","[""B.Fernandes"",""B.Fernandes"",""Casemiro""]",[269],"[""Sessegnon""]",[],[],[],[]
2025-26,237,24,2026-02-01T14:00:00Z,18,Nott'm Forest,1,8,Crystal Palace,1,[480],"[""Gibbs-White""]",[208],"[""Sarr""]",[],[],[213],"[""Lerma""]",[],[],[],[]
2025-26,239,24,2026-02-01T16:30:00Z,19,Spurs,2,15,Man City,2,"[526,526]","[""Solanke"",""Solanke""]","[397,399]","[""Semenyo"",""Cherki""]","[513,519]","[""Xavi"",""Gallagher""]","[null,411]","[""Bernardo"",""Haaland""]",[],[],[],[]
2025-26,238,24,2026-02-02T20:00:00Z,20,Sunderland,3,,Burnley,0,"[543,549]","[""Diarra"",""Talbi""]",[],[],"[536,543,533]","[""Reinildo"",""Diarra"",""Mukiele""]",[],[],[],[],[null],"[""Tuanzebe""]"
2025-26,246,25,2026-02-06T20:00:00Z,13,Leeds,3,18,Nott'm Forest,1,"[330,346,336]","[""Bogle"",""Calvert-Lewin"",""Okafor""]",[null],"[""Lucca""]","[344,344,332]","[""Gruev"",""Gruev"",""Justin""]",[484],"[""Hutchinson""]",[],[],[],[]
2025-26,248,25,2026-02-07T12:30:00Z,16,Man Utd,2,19,Spurs,0,"[427,426]","[""Mbeumo"",""B.Fernandes""]",[],[],"[417,432]","[""Dalot"",""Mainoo""]",[],[],[],[],[],[]
2025-26,241,25,2026-02-07T15:00:00Z,1,Arsenal,3,20,Sunderland,0,"[25,25,19]","[""Gyökeres"",""Gyökeres"",""Zubimendi""]",[],[],"[18,null,26]","[""Martinelli"",""Trossard"",""Havertz""]",[],[],[],[],[],[]
2025-26,242,25,2026-02-07T15:00:00Z,3,Bournemouth,1,2,Aston Villa,1,[67],"[""Rayan""]",[40],"[""Rogers""]",[60],"[""Hill""]",[null],"[""Sancho""]",[],[],[],[]
2025-26,244,25,2026-02-07T15:00:00Z,,Burnley,0,,West Ham,2,[],[],"[null,null]","[""Summerville"",""Taty""]",[],[],"[620,525]","[""Diouf"",""M.Fernandes""]",[],[],[],[]
2025-26,245,25,2026-02-07T15:00:00Z,10,Fulham,1,9,Everton,2,[],[],[236],"[""Dewsbury-Hall""]",[null],"[""Raúl""]","[236,233]","[""Dewsbury-Hall"",""Mykolenko""]",[250],"[""Leno""]",[233],"[""Mykolenko""]"
2025-26,250,25,2026-02-07T15:00:00Z,,Wolves,1,6,Chelsea,3,[null],"[""Tolu""]","[154,154,154]","[""Palmer"",""Palmer"",""Palmer""]",[null],"[""Armstrong""]","[165,165,null]","[""João Pedro"",""João Pedro"",""Cucurella""]",[],[],[],[]
2025-26,249,25,2026-02-07T17:30:00Z,17,Newcastle,2,4,Brentford,3,"[447,452]","[""Botman"",""Bruno G.""]","[95,98,106]","[""O.Dango"",""Janelt"",""Thiago""]",[452],"[""Bruno G.""]","[97,97,95]","[""Jensen"",""Jensen"",""O.Dango""]",[],[],[],[]
2025-26,243,25,2026-02-08T14:00:00Z,5,Brighton,0,8,Crystal Palace,1,[],[],[208],"[""Sarr""]",[],[],[42],"[""Guessand""]",[],[],[],[]
2025-26,247,25,2026-02-08T16:30:00Z,14,Liverpool,1,15,Man City,2,[368],"[""Szoboszlai""]","[null,411]","[""Bernardo"",""Haaland""]",[371],"[""Gravenberch""]","[389,411]","[""Matheus N."",""Haaland""]",[],[],[],[]
2025-26,253,26,2026-02-10T19:30:00Z,6,Chelsea,2,13,Leeds,2,"[154,165]","[""Palmer"",""João Pedro""]","[347,336]","[""Nmecha"",""Okafor""]","[154,165]","[""Palmer"",""João Pedro""]","[330,347]","[""Bogle"",""Nmecha""]",[],[],[],[]
2025-26,255,26,2026-02-10T19:30:00Z,9,Everton,1,3,Bournemouth,2,[237],"[""Ndiaye""]","[77,67]","[""Adli"",""Rayan""]",[230],"[""Branthwaite""]","[61,60]","[""Truffert"",""Hill""]",[],[],[],[]
2025-26,259,26,2026-02-10T19:30:00Z,19,Spurs,1,17,Newcastle,2,[522],"[""Gray""]","[456,445]","[""J.Ramsey"",""Thiaw""]",[518],"[""P.M.Sarr""]",[null],"[""Gordon""]",[],[],[],[]
2025-26,260,26,2026-02-10T20:15:00Z,,West Ham,1,16,Man Utd,1,[null],"[""Souček""]",[439],"[""Šeško""]",[null],"[""Bowen""]",[427],"[""Mbeumo""]",[],[],[],[]
2025-26,251,26,2026-02-11T19:30:00Z,2,Aston Villa,1,5,Brighton,0,[],[],[],[],[33],"[""Mings""]",[],[],[],[],[123],"[""Hinshelwood""]"
2025-26,256,26,2026-02-11T19:30:00Z,15,Man City,3,10,Fulham,0,"[397,387,411]","[""Semenyo"",""O'Reilly"",""Haaland""]",[],[],"[397,389,398]","[""Semenyo"",""Matheus N."",""Foden""]",[],[],[],[],[],[]
2025-26,257,26,2026-02-11T19:30:00Z,18,Nott'm Forest,0,,Wolves,0,[],[],[],[],[],[],[],[],[],[],[],[]
2025-26,254,26,2026-02-11T19:40:00Z,8,Crystal Palace,2,,Burnley,3,"[222,222]","[""Strand Larsen"",""Strand Larsen""]","[105,null]","[""Anthony"",""Hannibal""]","[213,210]","[""Lerma"",""Wharton""]","[null,null,null]","[""Humphreys"",""Edwards"",""Ugochukwu""]",[213],"[""Lerma""]",[],[]
2025-26,258,26,2026-02-11T20:15:00Z,20,Sunderland,0,14,Liverpool,1,[],[],[356],"[""Virgil""]",[],[],[null],"[""M.Salah""]",[],[],[],[]
2025-26,252,26,2026-02-12T20:00:00Z,4,Brentford,1,1,Arsenal,1,[86],"[""Lewis-Potter""]",[16],"[""Madueke""]",[85],"[""Van den Berg""]",[9],"[""Hincapie""]",[],[],[],[]
2025-26,310,26,2026-02-18T20:00:00Z,,Wolves,2,1,Arsenal,2,"[null,null]","[""H.Bueno"",""Edozie""]","[12,9]","[""Saka"",""Hincapie""]",[null],"[""S.Bueno""]","[4,13]","[""Gabriel"",""Rice""]",[],[],[],[]
2025-26,261,27,2026-02-21T15:00:00Z,2,Aston Villa,1,13,Leeds,1,[56],"[""Abraham""]",[335],"[""Stach""]",[31],"[""Konsa""]",[338],"[""Ampadu""]",[],[],[],[]
2025-26,262,27,2026-02-21T15:00:00Z,4,Brentford,0,5,Brighton,2,[],[],"[127,136]","[""Gomez"",""Welbeck""]",[],[],"[113,123]","[""F.Kadıoğlu"",""Hinshelwood""]",[],[],[],[]
2025-26,263,27,2026-02-21T15:00:00Z,6,Chelsea,1,,Burnley,1,[165],"[""João Pedro""]",[null],"[""Flemming""]",[156],"[""Neto""]",[null],"[""Ward-Prowse""]",[],[],[],[]
2025-26,270,27,2026-02-21T17:30:00Z,,West Ham,0,3,Bournemouth,0,[],[],[],[],[],[],[],[],[],[],[],[]
2025-26,266,27,2026-02-21T20:00:00Z,15,Man City,2,17,Newcastle,1,"[387,387]","[""O'Reilly"",""O'Reilly""]",[449],"[""Hall""]","[401,411]","[""Marmoush"",""Haaland""]",[456],"[""J.Ramsey""]",[],[],[],[]
2025-26,264,27,2026-02-22T14:00:00Z,8,Crystal Palace,1,,Wolves,0,[42],"[""Guessand""]",[],[],[204],"[""Mitchell""]",[],[],[],[],[],[]
2025-26,267,27,2026-02-22T14:00:00Z,18,Nott'm Forest,0,14,Liverpool,1,[],[],[372],"[""Mac Allister""]",[],[],[356],"[""Virgil""]",[],[],[],[]
2025-26,268,27,2026-02-22T14:00:00Z,20,Sunderland,1,10,Fulham,3,[542],"[""E.Le Fée""]","[null,null,261]","[""Raúl"",""Raúl"",""Iwobi""]",[532],"[""Ballard""]","[257,261,260]","[""Bassey"",""Iwobi"",""Wilson""]",[],[],[],[]
2025-26,269,27,2026-02-22T16:30:00Z,19,Spurs,1,1,Arsenal,4,[null],"[""Kolo Muani""]","[14,14,25,25]","[""Eze"",""Eze"",""Gyökeres"",""Gyökeres""]",[],[],"[5,12,15]","[""J.Timber"",""Saka"",""Ødegaard""]",[],[],[],[]
2025-26,265,27,2026-02-23T20:00:00Z,9,Everton,0,16,Man Utd,1,[],[],[439],"[""Šeško""]",[],[],[427],"[""Mbeumo""]",[],[],[],[]
2025-26,280,28,2026-02-27T20:00:00Z,,Wolves,2,2,Aston Villa,0,"[null,54]","[""R.Gomes"",""J.Gomes""]",[],[],"[54,null]","[""J.Gomes"",""Armstrong""]",[],[],[],[],[],[]
2025-26,272,28,2026-02-28T12:30:00Z,3,Bournemouth,1,20,Sunderland,1,[79],"[""Evanilson""]",[null],"[""Mayenda""]",[68],"[""Tavernier""]",[543],"[""Diarra""]",[],[],[],[]
2025-26,274,28,2026-02-28T15:00:00Z,,Burnley,3,4,Brentford,4,"[105,null]","[""Anthony"",""Flemming""]","[96,96,94,106]","[""Damsgaard"",""Damsgaard"",""Schade"",""Thiago""]","[null,null,105]","[""Hannibal"",""Hannibal"",""Anthony""]","[95,89,85,96]","[""O.Dango"",""Henry"",""Van den Berg"",""Damsgaard""]",[],[],[88],"[""Kayode""]"
2025-26,277,28,2026-02-28T15:00:00Z,14,Liverpool,5,,West Ham,2,"[356,367,372,380]","[""Virgil"",""Gakpo"",""Mac Allister"",""Ekitiké""]","[null,null]","[""Souček"",""Taty""]","[380,380,357,368,371]","[""Ekitiké"",""Ekitiké"",""Frimpong"",""Szoboszlai"",""Gravenberch""]","[620,null]","[""Diouf"",""Bowen""]",[],[],[153],"[""Disasi""]"
2025-26,279,28,2026-02-28T15:00:00Z,17,Newcastle,2,9,Everton,3,"[456,457]","[""J.Ramsey"",""J.Murphy""]","[230,249,248]","[""Branthwaite"",""Barry"",""Beto""]","[458,455]","[""Joelinton"",""Tonali""]","[236,241,239]","[""Dewsbury-Hall"",""McNeil"",""Garner""]",[],[],[],[]
2025-26,276,28,2026-02-28T17:30:00Z,13,Leeds,0,15,Man City,1,[],[],[397],"[""Semenyo""]",[],[],[392],"[""Aït-Nouri""]",[],[],[],[]
2025-26,273,28,2026-03-01T14:00:00Z,5,Brighton,2,18,Nott'm Forest,1,"[127,136]","[""Gomez"",""Welbeck""]",[480],"[""Gibbs-White""]","[123,124]","[""Hinshelwood"",""Groß""]",[491],"[""Igor Jesus""]",[],[],[],[]
2025-26,275,28,2026-03-01T14:00:00Z,10,Fulham,2,19,Spurs,1,"[261,260]","[""Iwobi"",""Wilson""]",[527],"[""Richarlison""]","[260,264]","[""Wilson"",""Bobb""]",[522],"[""Gray""]",[],[],[],[]
2025-26,278,28,2026-03-01T14:00:00Z,16,Man Utd,2,8,Crystal Palace,1,"[426,439]","[""B.Fernandes"",""Šeško""]",[200],"[""Lacroix""]","[426,428]","[""B.Fernandes"",""Cunha""]",[209],"[""Johnson""]",[],[],[],[]
2025-26,271,28,2026-03-01T16:30:00Z,1,Arsenal,2,6,Chelsea,1,"[6,5]","[""Saliba"",""J.Timber""]",[],[],"[4,13]","[""Gabriel"",""Rice""]",[142],"[""James""]",[9],"[""Hincapie""]",[],[]
2025-26,282,29,2026-03-03T19:30:00Z,3,Bournemouth,0,4,Brentford,0,[],[],[],[],[],[],[],[],[],[],[],[]
2025-26,284,29,2026-03-03T19:30:00Z,9,Everton,2,,Burnley,0,"[236,229]","[""Dewsbury-Hall"",""Tarkowski""]",[],[],"[237,239]","[""Ndiaye"",""Garner""]",[],[],[],[],[],[]
2025-26,286,29,2026-03-03T19:30:00Z,13,Leeds,0,20,Sunderland,1,[],[],[543],"[""Diarra""]",[],[],[553],"[""Isidor""]",[],[],[],[]
2025-26,290,29,2026-03-03T20:15:00Z,,Wolves,2,14,Liverpool,1,"[null,null]","[""R.Gomes"",""André""]",[null],"[""M.Salah""]","[null,null]","[""Tchatchoua"",""Tolu""]",[],[],[],[],[],[]
2025-26,281,29,2026-03-04T19:30:00Z,2,Aston Villa,1,6,Chelsea,4,[null],"[""Douglas Luiz""]","[165,165,165,154]","[""João Pedro"",""João Pedro"",""João Pedro"",""Palmer""]",[44],"[""Bailey""]","[144,155,165,160]","[""Gusto"",""Enzo"",""João Pedro"",""Garnacho""]",[],[],[],[]
2025-26,283,29,2026-03-04T19:30:00Z,5,Brighton,0,1,Arsenal,1,[],[],[12],"[""Saka""]",[],[],[5],"[""J.Timber""]",[],[],[],[]
2025-26,285,29,2026-03-04T19:30:00Z,10,Fulham,0,,West Ham,1,[],[],[null],"[""Summerville""]",[],[],[null],"[""Bowen""]",[],[],[],[]
2025-26,287,29,2026-03-04T19:30:00Z,15,Man City,2,18,Nott'm Forest,2,"[397,402]","[""Semenyo"",""Rodrigo""]","[480,481]","[""Gibbs-White"",""Anderson""]","[392,399]","[""Aït-Nouri"",""Cherki""]","[482,491]","[""Hudson-Odoi"",""Igor Jesus""]",[],[],[],[]
2025-26,288,29,2026-03-04T20:15:00Z,17,Newcastle,2,16,Man Utd,1,"[null,465]","[""Gordon"",""Osula""]",[null],"[""Casemiro""]",[null],"[""Trippier""]",[426],"[""B.Fernandes""]",[],[],[],[]
2025-26,289,29,2026-03-05T20:00:00Z,19,Spurs,1,8,Crystal Palace,3,[526],"[""Solanke""]","[208,208,222]","[""Sarr"",""Sarr"",""Strand Larsen""]",[522],"[""Gray""]","[210,210]","[""Wharton"",""Wharton""]",[],[],[],[]
2025-26,293,30,2026-03-14T15:00:00Z,,Burnley,0,3,Bournemouth,0,[],[],[],[],[],[],[],[],[],[],[],[]
2025-26,299,30,2026-03-14T15:00:00Z,20,Sunderland,0,5,Brighton,1,[],[],[122],"[""Minteh""]",[],[],[124],"[""Groß""]",[],[],[],[]
2025-26,291,30,2026-03-14T17:30:00Z,1,Arsenal,2,9,Everton,0,"[25,20]","[""Gyökeres"",""Dowman""]",[],[],"[18,9]","[""Martinelli"",""Hincapie""]",[],[],[],[],[],[]
2025-26,294,30,2026-03-14T17:30:00Z,6,Chelsea,0,17,Newcastle,1,[],[],[null],"[""Gordon""]",[],[],[460],"[""Willock""]",[],[],[],[]
2025-26,300,30,2026-03-14T20:00:00Z,,West Ham,1,15,Man City,1,[null],"[""Mavropanos""]",[null],"[""Bernardo""]",[null],"[""Bowen""]",[401],"[""Marmoush""]",[],[],[],[]
2025-26,295,30,2026-03-15T14:00:00Z,8,Crystal Palace,0,13,Leeds,0,[],[],[],[],[],[],[],[],[],[],[],[]
2025-26,297,30,2026-03-15T14:00:00Z,16,Man Utd,3,2,Aston Villa,1,"[428,null,439]","[""Cunha"",""Casemiro"",""Šeško""]",[46],"[""Barkley""]","[426,426]","[""B.Fernandes"",""B.Fernandes""]",[30],"[""Digne""]",[],[],[],[]
2025-26,298,30,2026-03-15T14:00:00Z,18,Nott'm Forest,0,10,Fulham,0,[],[],[],[],[],[],[],[],[],[],[],[]
2025-26,296,30,2026-03-15T16:30:00Z,14,Liverpool,1,19,Spurs,1,[368],"[""Szoboszlai""]",[527],"[""Richarlison""]",[372],"[""Mac Allister""]",[null],"[""Kolo Muani""]",[],[],[],[]
2025-26,292,30,2026-03-16T20:00:00Z,4,Brentford,2,,Wolves,2,"[88,106]","[""Kayode"",""Thiago""]","[null,null]","[""Tolu"",""Armstrong""]","[95,86]","[""O.Dango"",""Lewis-Potter""]","[null,54]","[""Bellegarde"",""J.Gomes""]",[],[],[],[]
2025-26,302,31,2026-03-20T20:00:00Z,3,Bournemouth,2,16,Man Utd,2,"[75,78]","[""Christie"",""Kroupi.Jr""]",[426],"[""B.Fernandes""]","[61,79]","[""Truffert"",""Evanilson""]","[426,428]","[""B.Fernandes"",""Cunha""]",[60],"[""Hill""]",[],[]
2025-26,303,31,2026-03-21T12:45:00Z,5,Brighton,2,14,Liverpool,1,"[136,136]","[""Welbeck"",""Welbeck""]",[358],"[""Kerkez""]","[123,127]","[""Hinshelwood"",""Gomez""]",[],[],[],[],[],[]
2025-26,305,31,2026-03-21T15:00:00Z,10,Fulham,3,,Burnley,1,"[260,268,null]","[""Wilson"",""King"",""Raúl""]",[null],"[""Flemming""]","[265,268]","[""Berge"",""King""]",[null],"[""Foster""]",[],[],[],[]
2025-26,304,31,2026-03-21T17:30:00Z,9,Everton,3,6,Chelsea,0,"[248,248,237]","[""Beto"",""Beto"",""Ndiaye""]",[],[],"[null,239,248]","[""Gana"",""Garner"",""Beto""]",[],[],[],[],[],[]
2025-26,306,31,2026-03-21T20:00:00Z,13,Leeds,0,4,Brentford,0,[],[],[],[],[],[],[],[],[],[],[],[]
2025-26,308,31,2026-03-22T12:00:00Z,17,Newcastle,1,20,Sunderland,2,[null],"[""Gordon""]","[549,552]","[""Talbi"",""Brobbey""]",[463],"[""Woltemade""]",[543],"[""Diarra""]",[],[],[],[]
2025-26,301,31,2026-03-22T14:15:00Z,2,Aston Villa,2,,West Ham,0,"[45,55]","[""McGinn"",""Watkins""]",[],[],"[40,null]","[""Rogers"",""Sancho""]",[],[],[],[],[],[]
2025-26,309,31,2026-03-22T14:15:00Z,19,Spurs,0,18,Nott'm Forest,3,[],[],"[480,491,492]","[""Gibbs-White"",""Igor Jesus"",""Awoniyi""]",[],[],"[469,469,482]","[""N.Williams"",""N.Williams"",""Hudson-Odoi""]",[],[],[],[]
2025-26,320,32,2026-04-10T19:00:00Z,,West Ham,4,,Wolves,0,"[null,null,null,null]","[""Mavropanos"",""Mavropanos"",""Taty"",""Taty""]",[],[],"[null,null,null,null]","[""Bowen"",""Bowen"",""Bowen"",""Pablo""]",[],[],[],[],[],[]
2025-26,311,32,2026-04-11T11:30:00Z,1,Arsenal,1,3,Bournemouth,2,[25],"[""Gyökeres""]","[69,78]","[""Scott"",""Kroupi.Jr""]",[4],"[""Gabriel""]","[61,79]","[""Truffert"",""Evanilson""]",[],[],[],[]
2025-26,312,32,2026-04-11T14:00:00Z,4,Brentford,2,9,Everton,2,"[106,106]","[""Thiago"",""Thiago""]","[236,248]","[""Dewsbury-Hall"",""Beto""]","[88,94]","[""Kayode"",""Schade""]","[232,null]","[""O'Brien"",""Gana""]",[],[],[],[]
2025-26,313,32,2026-04-11T14:00:00Z,,Burnley,0,5,Brighton,2,[],[],"[130,130]","[""Wieffer"",""Wieffer""]",[],[],"[129,124]","[""Ayari"",""Groß""]",[],[],[],[]
2025-26,316,32,2026-04-11T16:30:00Z,14,Liverpool,2,10,Fulham,0,"[null,369]","[""M.Salah"",""Ngumoha""]",[],[],"[366,367]","[""Wirtz"",""Gakpo""]",[],[],[],[],[],[]
2025-26,315,32,2026-04-12T13:00:00Z,8,Crystal Palace,2,17,Newcastle,1,"[223,223]","[""Mateta"",""Mateta""]",[465],"[""Osula""]","[204,213]","[""Mitchell"",""Lerma""]",[459],"[""L.Miley""]",[],[],[],[]
2025-26,318,32,2026-04-12T13:00:00Z,18,Nott'm Forest,1,2,Aston Villa,1,[469],"[""N.Williams""]",[],[],[482],"[""Hudson-Odoi""]",[40],"[""Rogers""]",[472],"[""Murillo""]",[],[]
2025-26,319,32,2026-04-12T13:00:00Z,20,Sunderland,1,19,Spurs,0,[533],"[""Mukiele""]",[],[],[543],"[""Diarra""]",[],[],[],[],[],[]
2025-26,314,32,2026-04-12T15:30:00Z,6,Chelsea,0,15,Man City,3,[],[],"[388,387,400]","[""Guéhi"",""O'Reilly"",""Doku""]",[],[],"[399,399]","[""Cherki"",""Cherki""]",[],[],[],[]
2025-26,317,32,2026-04-13T19:00:00Z,16,Man Utd,1,13,Leeds,2,[null],"[""Casemiro""]","[336,336]","[""Okafor"",""Okafor""]",[426],"[""B.Fernandes""]","[330,337]","[""Bogle"",""Aaronson""]",[],[],[],[]
2025-26,322,33,2026-04-18T11:30:00Z,4,Brentford,0,10,Fulham,0,[],[],[],[],[],[],[],[],[],[],[],[]
2025-26,326,33,2026-04-18T14:00:00Z,13,Leeds,3,,Wolves,0,"[346,336,332]","[""Calvert-Lewin"",""Okafor"",""Justin""]",[],[],"[337,336]","[""Aaronson"",""Okafor""]",[],[],[],[],[],[]
2025-26,328,33,2026-04-18T14:00:00Z,17,Newcastle,1,3,Bournemouth,2,[465],"[""Osula""]","[61,68]","[""Truffert"",""Tavernier""]",[],[],"[79,67]","[""Evanilson"",""Rayan""]",[],[],[],[]
2025-26,330,33,2026-04-18T16:30:00Z,19,Spurs,2,5,Brighton,2,"[499,513]","[""Pedro Porro"",""Xavi""]","[121,125]","[""Mitoma"",""Georginio""]","[520,513]","[""Bergvall"",""Xavi""]","[112,124]","[""Van Hecke"",""Groß""]",[],[],[],[]
2025-26,323,33,2026-04-18T19:00:00Z,6,Chelsea,0,16,Man Utd,1,[],[],[428],"[""Cunha""]",[],[],[426],"[""B.Fernandes""]",[],[],[],[]
2025-26,321,33,2026-04-19T13:00:00Z,2,Aston Villa,4,20,Sunderland,3,"[55,55,40,56]","[""Watkins"",""Watkins"",""Rogers"",""Abraham""]","[534,548,553]","[""Hume"",""Rigg"",""Isidor""]","[30,36,45,55]","[""Digne"",""Maatsen"",""McGinn"",""Watkins""]","[542,545]","[""E.Le Fée"",""Sadiki""]",[],[],[],[]
2025-26,325,33,2026-04-19T13:00:00Z,9,Everton,1,14,Liverpool,2,[248],"[""Beto""]","[356,null]","[""Virgil"",""M.Salah""]",[236],"[""Dewsbury-Hall""]","[367,368]","[""Gakpo"",""Szoboszlai""]",[],[],[],[]
2025-26,329,33,2026-04-19T13:00:00Z,18,Nott'm Forest,4,,Burnley,1,"[480,480,480,491]","[""Gibbs-White"",""Gibbs-White"",""Gibbs-White"",""Igor Jesus""]",[null],"[""Flemming""]","[471,487,489,484]","[""Milenković"",""Dominguez"",""Yates"",""Hutchinson""]",[null],"[""Hartman""]",[],[],[],[]
2025-26,327,33,2026-04-19T15:30:00Z,15,Man City,2,1,Arsenal,1,"[399,411]","[""Cherki"",""Haaland""]",[26],"[""Havertz""]","[389,387]","[""Matheus N."",""O'Reilly""]",[],[],[],[],[],[]
2025-26,324,33,2026-04-20T19:00:00Z,8,Crystal Palace,0,,West Ham,0,[],[],[],[],[],[],[],[],[],[],[],[]
2025-26,333,33,2026-04-21T19:00:00Z,5,Brighton,3,6,Chelsea,0,"[113,123,136]","[""F.Kadıoğlu"",""Hinshelwood"",""Welbeck""]",[],[],"[115,125,124]","[""De Cuyper"",""Georginio"",""Groß""]",[],[],[],[],[],[]
2025-26,332,33,2026-04-22T19:00:00Z,3,Bournemouth,2,13,Leeds,2,"[78,67]","[""Kroupi.Jr"",""Rayan""]",[339],"[""Longstaff""]","[498,73]","[""Senesi"",""Adams""]","[341,338]","[""Gnonto"",""Ampadu""]",[60],"[""Hill""]",[],[]
2025-26,334,33,2026-04-22T19:00:00Z,,Burnley,0,15,Man City,1,[],[],[411],"[""Haaland""]",[],[],[400],"[""Doku""]",[],[],[],[]
2025-26,338,34,2026-04-24T19:00:00Z,20,Sunderland,0,18,Nott'm Forest,5,[],[],"[480,481,490,491]","[""Gibbs-White"",""Anderson"",""Wood"",""Igor Jesus""]",[],[],"[491,491,473,480,492]","[""Igor Jesus"",""Igor Jesus"",""Aina"",""Gibbs-White"",""Awoniyi""]",[534],"[""Hume""]",[],[]
2025-26,335,34,2026-04-25T11:30:00Z,10,Fulham,1,2,Aston Villa,0,[269],"[""Sessegnon""]",[],[],[267],"[""Lukić""]",[],[],[],[],[],[]
2025-26,336,34,2026-04-25T14:00:00Z,14,Liverpool,3,8,Crystal Palace,1,"[502,366,379]","[""Robertson"",""Wirtz"",""Isak""]",[201],"[""Muñoz""]","[372,372,373]","[""Mac Allister"",""Mac Allister"",""C.Jones""]",[208],"[""Sarr""]",[],[],[],[]
2025-26,339,34,2026-04-25T14:00:00Z,,West Ham,2,9,Everton,1,"[null,108]","[""Souček"",""Wilson""]",[236],"[""Dewsbury-Hall""]","[null,null]","[""Bowen"",""Bowen""]",[229],"[""Tarkowski""]",[],[],[],[]
2025-26,340,34,2026-04-25T14:00:00Z,,Wolves,0,19,Spurs,1,[],[],[null],"[""J.Palhinha""]",[],[],[527],"[""Richarlison""]",[],[],[],[]
2025-26,331,34,2026-04-25T16:30:00Z,1,Arsenal,1,17,Newcastle,0,[14],"[""Eze""]",[],[],[26],"[""Havertz""]",[],[],[],[],[],[]
2025-26,337,34,2026-04-27T19:00:00Z,16,Man Utd,2,4,Brentford,1,"[null,439]","[""Casemiro"",""Šeško""]",[97],"[""Jensen""]","[418,426]","[""Maguire"",""B.Fernandes""]",[24],"[""Nelson""]",[],[],[],[]
2025-26,347,35,2026-05-01T19:00:00Z,13,Leeds,3,,Burnley,1,"[335,346,336]","[""Stach"",""Calvert-Lewin"",""Okafor""]",[190],"[""Tchaouna""]","[330,327,345]","[""Bogle"",""Bijol"",""Tanaka""]",[105],"[""Anthony""]",[],[],[],[]
2025-26,344,35,2026-05-02T14:00:00Z,4,Brentford,3,,West Ham,0,"[96,106]","[""Damsgaard"",""Thiago""]",[],[],"[95,86]","[""O.Dango"",""Lewis-Potter""]",[],[],[],[],[null],"[""Mavropanos""]"
2025-26,349,35,2026-05-02T14:00:00Z,17,Newcastle,3,5,Brighton,1,"[448,453,465]","[""Burn"",""Barnes"",""Osula""]",[123],"[""Hinshelwood""]","[464,452,457]","[""Wissa"",""Bruno G."",""J.Murphy""]",[136],"[""Welbeck""]",[],[],[],[]
2025-26,350,35,2026-05-02T14:00:00Z,,Wolves,1,20,Sunderland,1,[null],"[""S.Bueno""]",[533],"[""Mukiele""]",[null],"[""H.Bueno""]",[544],"[""Xhaka""]",[],[],[],[]
2025-26,341,35,2026-05-02T16:30:00Z,1,Arsenal,3,10,Fulham,0,"[25,25,12]","[""Gyökeres"",""Gyökeres"",""Saka""]",[],[],"[12,null,25]","[""Saka"",""Trossard"",""Gyökeres""]",[],[],[],[],[],[]
2025-26,343,35,2026-05-03T13:00:00Z,3,Bournemouth,3,8,Crystal Palace,0,"[78,67]","[""Kroupi.Jr"",""Rayan""]",[],[],"[498,74,79]","[""Senesi"",""Brooks"",""Evanilson""]",[],[],[],[],[213],"[""Lerma""]"
2025-26,348,35,2026-05-03T14:30:00Z,16,Man Utd,3,14,Liverpool,2,"[428,432,439]","[""Cunha"",""Mainoo"",""Šeško""]","[367,368]","[""Gakpo"",""Szoboszlai""]",[426],"[""B.Fernandes""]",[368],"[""Szoboszlai""]",[],[],[],[]
2025-26,342,35,2026-05-03T18:00:00Z,2,Aston Villa,1,19,Spurs,2,[41],"[""Buendía""]","[527,519]","[""Richarlison"",""Gallagher""]",[32],"[""Cash""]",[514],"[""Tel""]",[],[],[],[]
2025-26,345,35,2026-05-04T14:00:00Z,6,Chelsea,1,18,Nott'm Forest,3,[165],"[""João Pedro""]","[492,492,491]","[""Awoniyi"",""Awoniyi"",""Igor Jesus""]",[null],"[""Cucurella""]","[480,492,485]","[""Gibbs-White"",""Awoniyi"",""Bakwa""]",[],[],[],[]
2025-26,346,35,2026-05-04T19:00:00Z,9,Everton,3,15,Man City,3,"[249,249,232]","[""Barry"",""Barry"",""O'Brien""]","[400,400,411]","[""Doku"",""Doku"",""Haaland""]","[239,246]","[""Garner"",""Röhl""]","[388,399,406]","[""Guéhi"",""Cherki"",""Kovačić""]",[],[],[],[]
2025-26,355,36,2026-05-09T11:30:00Z,14,Liverpool,1,6,Chelsea,1,[371],"[""Gravenberch""]",[155],"[""Enzo""]",[369],"[""Ngumoha""]",[145],"[""Fofana""]",[],[],[],[]
2025-26,351,36,2026-05-09T14:00:00Z,5,Brighton,3,,Wolves,0,"[116,122,123]","[""Dunk"",""Minteh"",""Hinshelwood""]",[],[],"[115,115,124]","[""De Cuyper"",""De Cuyper"",""Groß""]",[],[],[],[],[],[]
2025-26,354,36,2026-05-09T14:00:00Z,10,Fulham,0,3,Bournemouth,1,[],[],[67],"[""Rayan""]",[],[],[64],"[""Smith""]",[],[],[],[]
2025-26,358,36,2026-05-09T14:00:00Z,20,Sunderland,0,16,Man Utd,0,[],[],[],[],[],[],[],[],[],[],[],[]
2025-26,356,36,2026-05-09T16:30:00Z,15,Man City,3,4,Brentford,0,"[401,400,411]","[""Marmoush"",""Doku"",""Haaland""]",[],[],[411],"[""Haaland""]",[],[],[],[],[],[]
2025-26,352,36,2026-05-10T13:00:00Z,,Burnley,2,2,Aston Villa,2,"[105,null]","[""Anthony"",""Flemming""]","[46,55]","[""Barkley"",""Watkins""]","[null,null]","[""Hannibal"",""Ugochukwu""]","[28,45]","[""Martinez"",""McGinn""]",[],[],[],[]
2025-26,353,36,2026-05-10T13:00:00Z,8,Crystal Palace,2,9,Everton,2,"[208,223]","[""Sarr"",""Mateta""]","[229,248]","[""Tarkowski"",""Beto""]",[204],"[""Mitchell""]","[236,229]","[""Dewsbury-Hall"",""Tarkowski""]",[],[],[],[]
2025-26,357,36,2026-05-10T13:00:00Z,18,Nott'm Forest,1,17,Newcastle,1,[481],"[""Anderson""]",[453],"[""Barnes""]",[486],"[""McAtee""]",[456],"[""J.Ramsey""]",[],[],[],[]
2025-26,360,36,2026-05-10T15:30:00Z,,West Ham,0,1,Arsenal,1,[],[],[null],"[""Trossard""]",[],[],[15],"[""Ødegaard""]",[],[],[],[]
2025-26,359,36,2026-05-11T19:00:00Z,19,Spurs,1,13,Leeds,1,[514],"[""Tel""]",[346],"[""Calvert-Lewin""]",[],[],[338],"[""Ampadu""]",[],[],[],[]
2025-26,307,36,2026-05-13T19:00:00Z,15,Man City,3,8,Crystal Palace,0,"[397,401,403]","[""Semenyo"",""Marmoush"",""Savinho""]",[],[],"[398,398,399]","[""Foden"",""Foden"",""Cherki""]",[],[],[],[],[],[]
2025-26,362,37,2026-05-15T19:00:00Z,2,Aston Villa,4,14,Liverpool,2,"[55,55,40,45]","[""Watkins"",""Watkins"",""Rogers"",""McGinn""]","[356,356]","[""Virgil"",""Virgil""]","[30,34,40,55]","[""Digne"",""Pau"",""Rogers"",""Watkins""]","[368,368]","[""Szoboszlai"",""Szoboszlai""]",[],[],[],[]
2025-26,368,37,2026-05-17T11:30:00Z,16,Man Utd,3,18,Nott'm Forest,2,"[427,423,428]","[""Mbeumo"",""Shaw"",""Cunha""]","[470,480]","[""Morato"",""Gibbs-White""]","[426,426]","[""B.Fernandes"",""B.Fernandes""]","[481,481]","[""Anderson"",""Anderson""]",[],[],[],[]
2025-26,364,37,2026-05-17T14:00:00Z,4,Brentford,2,8,Crystal Palace,2,"[95,95]","[""O.Dango"",""O.Dango""]","[208,210]","[""Sarr"",""Wharton""]","[85,102]","[""Van den Berg"",""Yarmoliuk""]",[201],"[""Muñoz""]",[],[],[],[]
2025-26,366,37,2026-05-17T14:00:00Z,9,Everton,1,20,Sunderland,3,[246],"[""Röhl""]","[542,553,552]","[""E.Le Fée"",""Isidor"",""Brobbey""]",[231],"[""Keane""]","[543,542,548]","[""Diarra"",""E.Le Fée"",""Rigg""]",[],[],[],[]
2025-26,367,37,2026-05-17T14:00:00Z,13,Leeds,1,5,Brighton,0,[346],"[""Calvert-Lewin""]",[],[],[],[],[],[],[],[],[],[]
2025-26,370,37,2026-05-17T14:00:00Z,,Wolves,1,10,Fulham,1,[null],"[""Mané""]",[254],"[""Robinson""]",[null],"[""Hee Chan""]",[258],"[""Castagne""]",[],[],[],[]
2025-26,369,37,2026-05-17T16:30:00Z,17,Newcastle,3,,West Ham,1,"[465,465,463]","[""Osula"",""Osula"",""Woltemade""]",[null],"[""Taty""]","[456,453,460]","[""J.Ramsey"",""Barnes"",""Willock""]",[null],"[""Hermansen""]",[],[],[],[]
2025-26,361,37,2026-05-18T19:00:00Z,1,Arsenal,1,,Burnley,0,[26],"[""Havertz""]",[],[],[12],"[""Saka""]",[],[],[],[],[],[]
2025-26,363,37,2026-05-19T18:30:00Z,3,Bournemouth,1,15,Man City,1,[78],"[""Kroupi.Jr""]",[411],"[""Haaland""]",[61],"[""Truffert""]",[402],"[""Rodrigo""]",[],[],[],[]
2025-26,365,37,2026-05-19T19:15:00Z,6,Chelsea,2,19,Spurs,1,"[155,162]","[""Enzo"",""Andrey Santos""]",[527],"[""Richarlison""]","[156,155]","[""Neto"",""Enzo""]",[518],"[""P.M.Sarr""]",[],[],[],[]
2025-26,371,38,2026-05-24T15:00:00Z,5,Brighton,0,16,Man Utd,3,[],[],"[427,415,426]","[""Mbeumo"",""Dorgu"",""B.Fernandes""]",[],[],"[415,426,431]","[""Dorgu"",""B.Fernandes"",""Amad""]",[],[],[],[]
2025-26,372,38,2026-05-24T15:00:00Z,,Burnley,1,,Wolves,1,[null],"[""Flemming""]",[null],"[""Armstrong""]",[190],"[""Tchaouna""]",[null],"[""Krejčí""]",[],[],[],[]
2025-26,373,38,2026-05-24T15:00:00Z,8,Crystal Palace,1,1,Arsenal,2,[223],"[""Mateta""]","[16,27]","[""Madueke"",""G.Jesus""]",[211],"[""Yeremy""]","[18,26]","[""Martinelli"",""Havertz""]",[],[],[],[]
2025-26,374,38,2026-05-24T15:00:00Z,10,Fulham,2,17,Newcastle,0,"[259,266]","[""Diop"",""Cairney""]",[],[],"[260,263]","[""Wilson"",""Kevin""]",[],[],[],[],[],[]
2025-26,375,38,2026-05-24T15:00:00Z,14,Liverpool,1,4,Brentford,1,[373],"[""C.Jones""]",[94],"[""Schade""]",[null],"[""M.Salah""]",[86],"[""Lewis-Potter""]",[],[],[],[]
2025-26,376,38,2026-05-24T15:00:00Z,15,Man City,1,2,Aston Villa,2,[397],"[""Semenyo""]","[55,55]","[""Watkins"",""Watkins""]",[404],"[""Reijnders""]","[44,46]","[""Bailey"",""Barkley""]",[],[],[],[]
2025-26,377,38,2026-05-24T15:00:00Z,18,Nott'm Forest,1,3,Bournemouth,1,[480],"[""Gibbs-White""]",[68],"[""Tavernier""]",[484],"[""Hutchinson""]",[61],"[""Truffert""]",[],[],[],[]
2025-26,379,38,2026-05-24T15:00:00Z,19,Spurs,1,9,Everton,0,[null],"[""J.Palhinha""]",[],[],[],[],[],[],[],[],[],[]
2025-26,378,38,2026-05-24T15:00:00Z,20,Sunderland,2,6,Chelsea,1,[534],"[""Hume""]",[154],"[""Palmer""]","[539,552]","[""O'Nien"",""Brobbey""]",[156],"[""Neto""]",[],[],[144],"[""Gusto""]"
2025-26,380,38,2026-05-24T15:00:00Z,,West Ham,3,13,Leeds,0,"[null,108,null]","[""Bowen"",""Wilson"",""Taty""]",[],[],"[null,null,525]","[""Summerville"",""Bowen"",""M.Fernandes""]",[],[],[],[],[],[]
